// Generated by   : ImageConverter 565 Online
// Generated from : DEEPTHROAT.png
// Time generated : Thu, 10 Jul 25 21:18:49 +0200  (Server timezone: CET)
// Image Size     : 144x240 pixels
// Memory usage   : 69120 bytes


#if defined(__AVR__)
    #include <avr/pgmspace.h>
#elif defined(__PIC32MX__)
    #define PROGMEM
#elif defined(__arm__)
    #define PROGMEM
#endif

const unsigned short DEEPTHROAT[34560] PROGMEM={
0x08C2, 0x00A1, 0x00A1, 0x00A1, 0x1144, 0x1124, 0x0923, 0x0922, 0x0922, 0x11A4, 0x19A5, 0x1184, 0x0963, 0x0963, 0x1184, 0x19A5,   // 0x0010 (16) pixels
0x11A4, 0x0963, 0x0963, 0x11A4, 0x11A4, 0x19A5, 0x0963, 0x0963, 0x1184, 0x11A4, 0x11A4, 0x1184, 0x0963, 0x0963, 0x19A5, 0x19A5,   // 0x0020 (32) pixels
0x1164, 0x0963, 0x0963, 0x11A4, 0x11A4, 0x1184, 0x0963, 0x0963, 0x1184, 0x19A5, 0x11A4, 0x0963, 0x0963, 0x11A4, 0x11A4, 0x19A5,   // 0x0030 (48) pixels
0x0963, 0x0963, 0x1184, 0x19A5, 0x19A5, 0x0963, 0x0963, 0x0963, 0x19A5, 0x19A5, 0x1164, 0x0963, 0x0963, 0x11A4, 0x11A4, 0x1184,   // 0x0040 (64) pixels
0x0963, 0x0963, 0x19A5, 0x11A4, 0x11A4, 0x0963, 0x0963, 0x11A4, 0x11A4, 0x19A5, 0x0963, 0x0963, 0x1184, 0x19A5, 0x19A5, 0x0963,   // 0x0050 (80) pixels
0x0963, 0x0963, 0x19A5, 0x19A5, 0x1164, 0x0963, 0x1164, 0x19A5, 0x11A4, 0x1184, 0x0963, 0x0963, 0x19A5, 0x11A4, 0x11A4, 0x0963,   // 0x0060 (96) pixels
0x0963, 0x11A4, 0x11A4, 0x11A4, 0x0963, 0x0963, 0x1184, 0x19A5, 0x19A5, 0x0963, 0x0963, 0x0963, 0x19A5, 0x19A5, 0x1164, 0x0963,   // 0x0070 (112) pixels
0x1164, 0x19A5, 0x11A4, 0x1184, 0x0963, 0x0963, 0x19A5, 0x11A4, 0x11A4, 0x0963, 0x0963, 0x11A4, 0x11A4, 0x11A4, 0x0963, 0x0963,   // 0x0080 (128) pixels
0x1184, 0x19A5, 0x19A5, 0x0963, 0x0963, 0x1163, 0x1963, 0x1984, 0x0903, 0x00E2, 0x08E2, 0x10E3, 0x1103, 0x08C2, 0x0060, 0x0060,   // 0x0090 (144) pixels
0x00A1, 0x08E2, 0x1123, 0x1123, 0x0984, 0x0983, 0x11C4, 0x19C4, 0x19C4, 0x1A05, 0x1A05, 0x1A05, 0x1A05, 0x1A05, 0x1A05, 0x1A05,   // 0x00A0 (160) pixels
0x1A05, 0x1A05, 0x1A05, 0x1A05, 0x1A05, 0x1A05, 0x1A05, 0x1A05, 0x1A05, 0x1A05, 0x1A05, 0x1A05, 0x1A05, 0x1A05, 0x1A05, 0x1A05,   // 0x00B0 (176) pixels
0x1A05, 0x1A05, 0x1A05, 0x1A05, 0x1A05, 0x1A05, 0x1A05, 0x1A05, 0x1A05, 0x1A05, 0x1A05, 0x1A05, 0x1A05, 0x1A05, 0x1A05, 0x1A05,   // 0x00C0 (192) pixels
0x1A05, 0x1A05, 0x1A05, 0x1A05, 0x1A05, 0x1A05, 0x1A05, 0x1A05, 0x1A05, 0x1A05, 0x1A05, 0x1A05, 0x1A05, 0x1A05, 0x1A05, 0x1A05,   // 0x00D0 (208) pixels
0x1A05, 0x1A05, 0x1A05, 0x1A05, 0x1A05, 0x1A05, 0x1A05, 0x1A05, 0x1A05, 0x1A05, 0x1A05, 0x1A05, 0x1A05, 0x1A05, 0x1A05, 0x1A05,   // 0x00E0 (224) pixels
0x1A05, 0x1A05, 0x1A05, 0x1A05, 0x1A05, 0x1A05, 0x1A05, 0x1A05, 0x1A05, 0x1A05, 0x1A05, 0x1A05, 0x1A05, 0x1A05, 0x1A05, 0x1A05,   // 0x00F0 (240) pixels
0x1A05, 0x1A05, 0x1A05, 0x1A05, 0x1A05, 0x1A05, 0x1A05, 0x1A05, 0x1A05, 0x1A05, 0x1A05, 0x1A05, 0x1A05, 0x1A05, 0x1A05, 0x1A05,   // 0x0100 (256) pixels
0x1A05, 0x1A05, 0x1A05, 0x1A05, 0x1A05, 0x1A05, 0x1A05, 0x1A05, 0x1A05, 0x1A05, 0x1A05, 0x1A05, 0x1A05, 0x1A05, 0x1A05, 0x1A05,   // 0x0110 (272) pixels
0x1A05, 0x1A05, 0x1A05, 0x1A05, 0x1A05, 0x19E4, 0x11C4, 0x19C4, 0x1184, 0x1184, 0x1163, 0x0902, 0x1123, 0x08E2, 0x08C2, 0x08C2,   // 0x0120 (288) pixels
0x00A1, 0x1123, 0x1984, 0x1984, 0x09C3, 0x09A3, 0x1A25, 0x2246, 0x1A46, 0x1A25, 0x1A25, 0x2246, 0x2A87, 0x2A87, 0x2266, 0x1A45,   // 0x0130 (304) pixels
0x2246, 0x2A87, 0x2A87, 0x2246, 0x1A25, 0x1A25, 0x2266, 0x2A67, 0x2246, 0x1A45, 0x1A45, 0x2266, 0x2A87, 0x2A87, 0x1A25, 0x1A25,   // 0x0140 (320) pixels
0x2266, 0x2266, 0x2A67, 0x2246, 0x1A45, 0x2246, 0x2A87, 0x2A87, 0x2266, 0x1A45, 0x2246, 0x2A87, 0x2A87, 0x2246, 0x2246, 0x1A25,   // 0x0150 (336) pixels
0x2266, 0x2A67, 0x2266, 0x1A45, 0x1A25, 0x2A87, 0x2A87, 0x2A87, 0x1A25, 0x1A25, 0x2266, 0x2266, 0x2A67, 0x1A25, 0x1A25, 0x2246,   // 0x0160 (352) pixels
0x2A87, 0x2A87, 0x1A25, 0x2246, 0x2246, 0x2A87, 0x2A87, 0x2246, 0x1A25, 0x1A25, 0x2A87, 0x2A87, 0x2266, 0x1A25, 0x1A25, 0x2A87,   // 0x0170 (368) pixels
0x2A87, 0x2A87, 0x1A45, 0x1A45, 0x2266, 0x2A67, 0x2266, 0x1A25, 0x1A45, 0x2246, 0x2A87, 0x2A87, 0x1A25, 0x2246, 0x2246, 0x2A87,   // 0x0180 (384) pixels
0x2A87, 0x2246, 0x1A45, 0x2246, 0x2A87, 0x2A87, 0x2266, 0x1A25, 0x1A25, 0x2A87, 0x2A87, 0x2A87, 0x1A25, 0x1A25, 0x2286, 0x2A87,   // 0x0190 (400) pixels
0x2286, 0x1A25, 0x1A45, 0x2246, 0x2A87, 0x2A87, 0x1A25, 0x1A25, 0x1A25, 0x2A87, 0x2A87, 0x2246, 0x1A25, 0x2246, 0x2A87, 0x2A87,   // 0x01A0 (416) pixels
0x2266, 0x1A45, 0x1A25, 0x2A87, 0x2A87, 0x1A25, 0x11E4, 0x11E4, 0x11E4, 0x11E4, 0x11C4, 0x0922, 0x0942, 0x1123, 0x10E3, 0x1103,   // 0x01B0 (432) pixels
0x08C2, 0x1123, 0x1984, 0x1183, 0x11E4, 0x11C4, 0x1A45, 0x2266, 0x2246, 0x2266, 0x2266, 0x2266, 0x2266, 0x2266, 0x2266, 0x1A45,   // 0x01C0 (448) pixels
0x2246, 0x2286, 0x2266, 0x2266, 0x2266, 0x2266, 0x2AA7, 0x2AA7, 0x2286, 0x1A25, 0x2246, 0x2266, 0x2266, 0x2266, 0x2266, 0x2246,   // 0x01D0 (464) pixels
0x2AA7, 0x2AA7, 0x2AC7, 0x2246, 0x1A25, 0x2246, 0x2286, 0x2266, 0x2266, 0x1A45, 0x2246, 0x2286, 0x2286, 0x2246, 0x2246, 0x1A25,   // 0x01E0 (480) pixels
0x2AA7, 0x2AC7, 0x2A87, 0x2226, 0x2226, 0x2286, 0x2266, 0x2266, 0x2246, 0x1A45, 0x2AA7, 0x2AA7, 0x2AC7, 0x2246, 0x2246, 0x2266,   // 0x01F0 (496) pixels
0x2266, 0x2A87, 0x1A25, 0x2246, 0x2246, 0x2286, 0x2266, 0x2266, 0x2266, 0x2266, 0x2266, 0x2266, 0x2266, 0x2266, 0x2266, 0x2266,   // 0x0200 (512) pixels
0x2266, 0x2266, 0x2226, 0x2226, 0x2AA7, 0x2AC7, 0x2A87, 0x1A25, 0x2246, 0x2246, 0x2286, 0x2A87, 0x1A25, 0x2246, 0x2246, 0x2286,   // 0x0210 (528) pixels
0x2286, 0x2246, 0x2246, 0x2246, 0x2286, 0x2266, 0x2266, 0x2266, 0x2266, 0x2A87, 0x2A87, 0x2A87, 0x1A25, 0x1A45, 0x2266, 0x2266,   // 0x0220 (544) pixels
0x2266, 0x1A45, 0x2246, 0x2246, 0x2286, 0x2266, 0x2286, 0x2266, 0x2286, 0x2266, 0x2266, 0x2266, 0x2266, 0x2266, 0x2266, 0x2266,   // 0x0230 (560) pixels
0x2266, 0x1A45, 0x1A25, 0x2A87, 0x2A67, 0x1A45, 0x1A25, 0x1A25, 0x1A25, 0x1A45, 0x1A05, 0x0922, 0x1143, 0x1123, 0x1103, 0x1103,   // 0x0240 (576) pixels
0x2267, 0x1205, 0x09A3, 0x11E4, 0x656E, 0x5D0D, 0x65AE, 0x65EE, 0x5D8D, 0xBFF9, 0xCFFB, 0x75B0, 0x09C3, 0x1224, 0x2286, 0x2AC7,   // 0x0250 (592) pixels
0x2AC7, 0x1224, 0x09A3, 0x9714, 0xBFF9, 0xBFF9, 0xA7F6, 0xAFF7, 0x75F0, 0x2266, 0x2AC7, 0x1A65, 0x1224, 0x1A65, 0x7E91, 0x6DEF,   // 0x0260 (608) pixels
0x9FD5, 0xA7F6, 0xAFF7, 0x3328, 0x22A6, 0x2286, 0x1224, 0x1224, 0x2286, 0x2AC7, 0x2AC7, 0x1224, 0x1224, 0x22A6, 0x2AC7, 0x1A45,   // 0x0270 (624) pixels
0x9FD5, 0xA7F6, 0xBDD9, 0xD9DD, 0xEA5F, 0x0222, 0x1224, 0x1A45, 0x54AC, 0x442A, 0x9774, 0xA7F6, 0xAFF7, 0x54CC, 0x4C8B, 0x3388,   // 0x0280 (640) pixels
0x1204, 0x1224, 0x2AC7, 0x2AC7, 0x2AC7, 0x1224, 0x09E3, 0x5D2D, 0x7650, 0x7E71, 0x1A85, 0x11E4, 0x3BC9, 0x7670, 0x7E71, 0x09C3,   // 0x0290 (656) pixels
0x1224, 0x1A25, 0xEA5F, 0xD9DD, 0xB6F8, 0xA7F6, 0x86D2, 0x1A45, 0x2AC7, 0x2286, 0x1224, 0x1224, 0x2AC7, 0x2AC7, 0x2AC7, 0x1224,   // 0x02A0 (672) pixels
0x1224, 0x22A6, 0x2AC7, 0x22A6, 0x1224, 0x09E3, 0x54AC, 0xC7FA, 0xBFF9, 0x552C, 0x5D8D, 0x5D6D, 0x2286, 0x2AC7, 0x1A65, 0x1224,   // 0x02B0 (688) pixels
0x1A65, 0x2AC7, 0x2AC7, 0x2286, 0x1224, 0x0182, 0xCFFB, 0xBFF9, 0xB7F8, 0x0182, 0x09A3, 0x8ED3, 0xC7FA, 0x8ED3, 0x09A3, 0x1224,   // 0x02C0 (704) pixels
0x1A65, 0x2AC7, 0x2AC7, 0x1A25, 0x19E5, 0x54CC, 0x7EB1, 0x7650, 0xAFF7, 0xBFF9, 0x8ED3, 0x0983, 0x1A05, 0x19E5, 0x19C6, 0x19C6,   // 0x02D0 (720) pixels
0x2247, 0x11E5, 0x0983, 0x11C4, 0x5CCD, 0x546C, 0x656E, 0x65CE, 0x5D8D, 0xB7D8, 0xC7FA, 0x6D4F, 0x0162, 0x09A3, 0x1A25, 0x22A6,   // 0x02E0 (736) pixels
0x2286, 0x1224, 0x09C3, 0x9714, 0xBFF9, 0xB7F8, 0x9FF5, 0xA7F6, 0x6DCF, 0x2286, 0x2AE7, 0x1A85, 0x1224, 0x1A85, 0x7E91, 0x6DEF,   // 0x02F0 (752) pixels
0x97D5, 0xA7F6, 0xAFF7, 0x3348, 0x2AC7, 0x2286, 0x1224, 0x1224, 0x2286, 0x2AE7, 0x2AC7, 0x09E4, 0x11E4, 0x1A45, 0x1A45, 0x11C4,   // 0x0300 (768) pixels
0x97B4, 0xA7F6, 0xB598, 0xD17C, 0xD9DD, 0x0201, 0x11E4, 0x1224, 0x4C6B, 0x43EA, 0x8F53, 0xA7F6, 0xAFF7, 0x54CC, 0x4C8B, 0x3388,   // 0x0310 (784) pixels
0x1224, 0x1224, 0x2AC7, 0x22A7, 0x22A6, 0x1224, 0x11E4, 0x550D, 0x6DEF, 0x7630, 0x1A65, 0x09E3, 0x33A9, 0x7610, 0x7630, 0x09C3,   // 0x0320 (800) pixels
0x1244, 0x1A25, 0xE1DE, 0xD15C, 0xA696, 0x9FF6, 0x7E71, 0x1205, 0x2266, 0x1A65, 0x1224, 0x1224, 0x22A6, 0x2286, 0x2286, 0x1224,   // 0x0330 (816) pixels
0x1224, 0x1A65, 0x2286, 0x1A65, 0x1224, 0x09E4, 0x546C, 0xB7F8, 0xB7F8, 0x44AB, 0x550C, 0x54EC, 0x2286, 0x2AE7, 0x1A65, 0x1224,   // 0x0340 (832) pixels
0x1A65, 0x1AE5, 0x1AE5, 0x1285, 0x11E4, 0x0142, 0xC7FA, 0xB7F8, 0xAFD7, 0x01A3, 0x09C3, 0x8EB3, 0xBFF9, 0x8E93, 0x09C3, 0x1224,   // 0x0350 (848) pixels
0x1A65, 0x2AC7, 0x2AC7, 0x1A25, 0x19E5, 0x4C6B, 0x7610, 0x65AE, 0x9F55, 0xAFF7, 0x8652, 0x0963, 0x1A04, 0x19E5, 0x19C6, 0x19C6,   // 0x0360 (864) pixels
0x1163, 0x19C4, 0x1A05, 0x2266, 0x9F95, 0x9754, 0x440A, 0x3308, 0x2AE7, 0x654E, 0x656E, 0x75CF, 0x8671, 0x8691, 0x5D2D, 0x43E9,   // 0x0370 (880) pixels
0x43E9, 0x19C4, 0x19E4, 0x2AC7, 0x3307, 0x2AA7, 0x6D6E, 0x75EF, 0x4C0A, 0x0983, 0x11C3, 0x19E4, 0x1A05, 0x1A05, 0x2286, 0x2265,   // 0x0380 (896) pixels
0x3328, 0x3B68, 0x4389, 0x19E4, 0x11A3, 0x19E4, 0x1A05, 0x1A05, 0x19E4, 0x11A3, 0x19E4, 0x548B, 0x4C2A, 0x6DEF, 0x7E70, 0x7EB0,   // 0x0390 (912) pixels
0x43A9, 0x3328, 0x648D, 0xA675, 0xA675, 0x4429, 0x4C4B, 0x4C4B, 0x4C6B, 0x4C8B, 0x4389, 0x3B48, 0x4389, 0x1A25, 0x1A24, 0x1A24,   // 0x03A0 (928) pixels
0x1A04, 0x19E4, 0x3307, 0x2AE7, 0x2AE6, 0x19E4, 0x19C4, 0x4C2A, 0x54EC, 0x5CEC, 0x3B48, 0x3307, 0x43C9, 0x5CEC, 0x5D0C, 0x11A4,   // 0x03B0 (944) pixels
0x19E4, 0x2225, 0xAEB6, 0xA655, 0x75D0, 0x6DAE, 0x6D8E, 0x5D2C, 0x656D, 0x43E9, 0x19C4, 0x19C4, 0x4C4A, 0x440A, 0x4409, 0x19C4,   // 0x03C0 (960) pixels
0x19C4, 0x4C6B, 0x656D, 0x4C6A, 0x19C4, 0x11C4, 0x4C4A, 0x9FF5, 0x9794, 0x8F12, 0x9733, 0x8EF2, 0x0922, 0x11C3, 0x19E4, 0x1A04,   // 0x03D0 (976) pixels
0x39E8, 0x9954, 0x9153, 0x7290, 0x4C8A, 0x4C2A, 0x6D6E, 0x654D, 0x652D, 0x11A3, 0x11C4, 0x548B, 0x6D8E, 0x546B, 0x11C4, 0x1A04,   // 0x03E0 (992) pixels
0x2265, 0x2B07, 0x2B07, 0x1A25, 0x11E4, 0x656E, 0x9794, 0x8F53, 0xA7B6, 0xB7F8, 0x8E53, 0x0963, 0x1A05, 0x19C4, 0x1984, 0x1984,   // 0x03F0 (1008) pixels
0x0922, 0x19C4, 0x1A25, 0x2A87, 0xB7F8, 0xAFF7, 0x3B89, 0x2226, 0x2226, 0x4C6B, 0x4C8B, 0x760F, 0xAFF6, 0xAFF6, 0x760F, 0x4C6A,   // 0x0400 (1024) pixels
0x4C6A, 0x19A4, 0x2205, 0x0962, 0x0942, 0x00E1, 0x5CAC, 0x652D, 0x3B68, 0x0922, 0x0962, 0x19C4, 0x2205, 0x19E4, 0x0942, 0x0942,   // 0x0410 (1040) pixels
0x19A4, 0x19C4, 0x19C4, 0x1163, 0x0962, 0x11A3, 0x2205, 0x2205, 0x11A3, 0x0942, 0x1183, 0x6D6E, 0x5CCC, 0x8F12, 0x97D3, 0x9FF4,   // 0x0420 (1056) pixels
0x2245, 0x1163, 0x4C2A, 0x97F3, 0x97F3, 0x5CCC, 0x650D, 0x650D, 0x4C6A, 0x54AB, 0x2265, 0x19A4, 0x19C4, 0x0962, 0x0942, 0x11A3,   // 0x0430 (1072) pixels
0x2205, 0x19E4, 0x3327, 0x3307, 0x2AE6, 0x19E4, 0x19C4, 0x43E9, 0x548B, 0x548B, 0x4389, 0x4368, 0x43E9, 0x548B, 0x54AB, 0x19A4,   // 0x0440 (1088) pixels
0x19E4, 0x2225, 0x9FF4, 0x97F3, 0x6D8D, 0x5CCC, 0x652D, 0x762F, 0x764F, 0x546B, 0x19A4, 0x19A4, 0x54CB, 0x548B, 0x4C6A, 0x19A4,   // 0x0450 (1104) pixels
0x19A4, 0x5D2C, 0x7E70, 0x5D0C, 0x19A4, 0x19A4, 0x4C2A, 0x97F3, 0x8F72, 0xA7D5, 0xA7F5, 0x9FB4, 0x00C0, 0x0962, 0x19C4, 0x1A04,   // 0x0460 (1120) pixels
0x41A9, 0xC0D9, 0xB8B8, 0x9293, 0x5D6C, 0x652D, 0x4C4A, 0x4C6A, 0x4C4A, 0x19A4, 0x19C4, 0x43C9, 0x548B, 0x43C9, 0x19C4, 0x19E4,   // 0x0470 (1136) pixels
0x2265, 0x3307, 0x3307, 0x1A25, 0x11C4, 0x6DAF, 0x9FF5, 0x97D4, 0xAFD7, 0xB7F8, 0x8E53, 0x0963, 0x1A05, 0x19C4, 0x1963, 0x1963,   // 0x0480 (1152) pixels
0x0922, 0x19C4, 0x1A25, 0x2AA7, 0xBFF9, 0xB7F8, 0x43CA, 0x2266, 0x2246, 0x4C8B, 0x4CAB, 0x760F, 0xAFF5, 0xA7F5, 0x762F, 0x54AB,   // 0x0490 (1168) pixels
0x548B, 0x19C4, 0x2225, 0x1183, 0x0942, 0x00E1, 0x650D, 0x6DAE, 0x43C9, 0x0942, 0x0962, 0x1183, 0x1183, 0x1163, 0x00C1, 0x00C1,   // 0x04A0 (1184) pixels
0x19C4, 0x2205, 0x2225, 0x0962, 0x0942, 0x11A3, 0x2225, 0x2225, 0x1183, 0x0101, 0x0962, 0x75CF, 0x652D, 0x9793, 0x9FF4, 0xA7F5,   // 0x04B0 (1200) pixels
0x2A86, 0x19A4, 0x4C8A, 0x97F3, 0x97F3, 0x546B, 0x5CCC, 0x5CCC, 0x54AB, 0x5D0C, 0x2AA6, 0x2205, 0x2225, 0x0942, 0x0121, 0x0942,   // 0x04C0 (1216) pixels
0x1183, 0x1163, 0x3347, 0x3327, 0x3307, 0x19A4, 0x1183, 0x43E9, 0x548B, 0x548B, 0x43C9, 0x43A9, 0x4C2A, 0x54EB, 0x5D0C, 0x0922,   // 0x04D0 (1232) pixels
0x1163, 0x19C4, 0x9FF4, 0x97F3, 0x6E0E, 0x654D, 0x6DAE, 0x766F, 0x7E90, 0x4C4A, 0x0922, 0x1123, 0x54CB, 0x4C8A, 0x4C6A, 0x19C4,   // 0x04E0 (1248) pixels
0x19A4, 0x656D, 0x7EB0, 0x654D, 0x19C4, 0x19C4, 0x546B, 0x9FF4, 0x97D3, 0xB7F7, 0xB7F7, 0xAFF6, 0x0080, 0x0121, 0x19C4, 0x1A24,   // 0x04F0 (1264) pixels
0x49AA, 0xC099, 0xB878, 0x9293, 0x55AB, 0x5D8C, 0x54AB, 0x54CB, 0x54AB, 0x1143, 0x1163, 0x3B88, 0x4C6A, 0x3B88, 0x1183, 0x19A4,   // 0x0500 (1280) pixels
0x2245, 0x3327, 0x3327, 0x1A46, 0x19E5, 0x7610, 0xAFF7, 0xA7F6, 0xBFF9, 0xC7FA, 0x96B4, 0x0963, 0x11E4, 0x11C4, 0x1963, 0x1984,   // 0x0510 (1296) pixels
0x11A4, 0x1A05, 0x1A46, 0x2246, 0x436A, 0x438A, 0x1A05, 0x11C4, 0x0983, 0x5C8C, 0x5CAC, 0x75CF, 0x8F52, 0x9773, 0x4C2A, 0x1984,   // 0x0520 (1312) pixels
0x19C4, 0x0902, 0x00E1, 0x2A66, 0x32E7, 0x32E7, 0x1183, 0x1163, 0x1163, 0x1163, 0x1123, 0x4C4A, 0x86B1, 0x7E70, 0x8ED2, 0x9753,   // 0x0530 (1328) pixels
0x2245, 0x00E1, 0x00E1, 0x2AA6, 0x32E7, 0x2205, 0x0902, 0x00E1, 0x32C7, 0x544B, 0x4BEA, 0x0922, 0x1163, 0x2205, 0x2225, 0x2A46,   // 0x0540 (1344) pixels
0x0922, 0x0101, 0x516B, 0xB9D8, 0xB958, 0x7F50, 0x86D1, 0x7E90, 0x1143, 0x21E5, 0x0942, 0x0902, 0x00C1, 0x4BEA, 0x4C0A, 0x650D,   // 0x0550 (1360) pixels
0x7E90, 0x86D1, 0x1123, 0x19A4, 0x19C4, 0x43E9, 0x43A9, 0x544B, 0x548B, 0x5CCC, 0x1183, 0x0922, 0x1183, 0x19E4, 0x1163, 0x86F1,   // 0x0560 (1376) pixels
0x7E70, 0x7E30, 0xB958, 0xC1D9, 0x3187, 0x0962, 0x19E4, 0x4389, 0x3B28, 0x548B, 0x7E90, 0x7E90, 0x544B, 0x5C8C, 0x546B, 0x00C1,   // 0x0570 (1392) pixels
0x0902, 0x19C4, 0x2205, 0x19C4, 0x0902, 0x00E1, 0x2A86, 0x652D, 0x652D, 0x1163, 0x19C4, 0x19E4, 0x544B, 0x546B, 0x19C4, 0x00E1,   // 0x0580 (1408) pixels
0x21E5, 0x6C4E, 0x5C2C, 0x7AD0, 0xA0D5, 0xA8F6, 0x09E2, 0x19C4, 0x21E5, 0x656D, 0x5CEC, 0x86B1, 0x9753, 0x7E50, 0x3B68, 0x43C9,   // 0x0590 (1424) pixels
0x32E7, 0x1984, 0x19A4, 0x1143, 0x0922, 0x2246, 0x2AE8, 0x2AE7, 0x32E8, 0x32E8, 0x2AC7, 0x2246, 0x2266, 0x1A05, 0x0963, 0x1184,   // 0x05A0 (1440) pixels
0x19A5, 0x1A05, 0x1A45, 0x1A25, 0x2A67, 0x2A67, 0x11C4, 0x09A3, 0x0162, 0x5CAC, 0x5CEC, 0x6DEE, 0x8F72, 0x8FB2, 0x4409, 0x1123,   // 0x05B0 (1456) pixels
0x1163, 0x00E1, 0x00C1, 0x2A86, 0x3B08, 0x3B28, 0x0101, 0x00C0, 0x0922, 0x1163, 0x0902, 0x5CCC, 0x97B3, 0x9773, 0xA7F5, 0xAFF6,   // 0x05C0 (1472) pixels
0x2265, 0x00C0, 0x00C0, 0x32A7, 0x3B08, 0x2205, 0x00C1, 0x00A1, 0x3308, 0x650D, 0x548C, 0x0080, 0x00E0, 0x1143, 0x1163, 0x1163,   // 0x05D0 (1488) pixels
0x0902, 0x00E0, 0x50EB, 0xC0D9, 0xB858, 0x87F1, 0x8F72, 0x8711, 0x08A2, 0x1163, 0x0902, 0x00E1, 0x0080, 0x542B, 0x546B, 0x6DAE,   // 0x05E0 (1504) pixels
0x8FB2, 0x97F3, 0x0081, 0x1123, 0x1143, 0x546B, 0x4C2A, 0x546B, 0x546C, 0x5CCD, 0x0141, 0x00C0, 0x0922, 0x1964, 0x08E2, 0x9FF4,   // 0x05F0 (1520) pixels
0x8F92, 0x9733, 0xC019, 0xC8BA, 0x28E6, 0x00C0, 0x0962, 0x3B08, 0x32A7, 0x5CAC, 0x97B3, 0x97B3, 0x542B, 0x5C8C, 0x544B, 0x0060,   // 0x0600 (1536) pixels
0x00A1, 0x0922, 0x1143, 0x1123, 0x00E1, 0x00C1, 0x2265, 0x5CAC, 0x64CD, 0x0020, 0x0080, 0x00C1, 0x652D, 0x650D, 0x19E4, 0x00A1,   // 0x0610 (1552) pixels
0x19E4, 0x650D, 0x54EB, 0x7B10, 0xB017, 0xC059, 0x0140, 0x1123, 0x1143, 0x760F, 0x656D, 0x8F33, 0xA7F5, 0x86B1, 0x43A9, 0x4C0A,   // 0x0620 (1568) pixels
0x3307, 0x1143, 0x1984, 0x0902, 0x08E2, 0x1184, 0x19E5, 0x19E5, 0x1A05, 0x1A05, 0x1A25, 0x2A87, 0x2A87, 0x1A25, 0x0963, 0x0963,   // 0x0630 (1584) pixels
0x1184, 0x1A05, 0x2246, 0x2266, 0x5CCD, 0x5CCD, 0x2245, 0x11A4, 0x09A3, 0x732F, 0x7B30, 0x83D1, 0x9CB3, 0x9CD4, 0x4AAA, 0x08E2,   // 0x0640 (1600) pixels
0x1122, 0x08E1, 0x00A1, 0x32A7, 0x3B48, 0x3B68, 0x40E9, 0x4089, 0x3947, 0x2245, 0x2205, 0x43A9, 0x5CCC, 0x5CCC, 0x758E, 0x75EF,   // 0x0650 (1616) pixels
0x49CA, 0x4089, 0x4049, 0x540A, 0x5C8B, 0x32C7, 0x00A1, 0x00C1, 0x2205, 0x3B28, 0x3AE8, 0x4069, 0x48A9, 0x1904, 0x1122, 0x1123,   // 0x0660 (1632) pixels
0x08E2, 0x00E0, 0x50CA, 0xB898, 0xB057, 0x9513, 0x9C93, 0x9472, 0x19E4, 0x2A46, 0x1122, 0x08C1, 0x0060, 0x64EC, 0x6D4D, 0x7CF0,   // 0x0670 (1648) pixels
0x9C93, 0x9CB4, 0x3327, 0x4348, 0x3B48, 0x32C6, 0x2AA6, 0x544B, 0x5CAC, 0x5D0C, 0x4109, 0x40A9, 0x30E6, 0x0922, 0x08C2, 0x652D,   // 0x0680 (1664) pixels
0x5CCC, 0x5CAC, 0x9193, 0x9213, 0x50EB, 0x4088, 0x4149, 0x3B68, 0x3B08, 0x4BC9, 0x5CCC, 0x5CAC, 0x5CAC, 0x5CAC, 0x5C8C, 0x2A45,   // 0x0690 (1680) pixels
0x2A86, 0x2A45, 0x2A45, 0x21E4, 0x08C1, 0x00A1, 0x2225, 0x544B, 0x544B, 0x2A45, 0x2A86, 0x2A86, 0x3B08, 0x3B28, 0x1163, 0x00C1,   // 0x06A0 (1696) pixels
0x1163, 0x3B28, 0x3B27, 0x520A, 0x706F, 0x702F, 0x3BA8, 0x3B48, 0x4348, 0x6DAE, 0x6D4D, 0x7E50, 0x8EB1, 0x7E0F, 0x544A, 0x5C8B,   // 0x06B0 (1712) pixels
0x3B28, 0x08E2, 0x08E2, 0x2A86, 0x2A46, 0x3328, 0x3BA9, 0x3BA9, 0x2AA7, 0x2266, 0x2266, 0x2266, 0x2266, 0x1A05, 0x1184, 0x1184,   // 0x06C0 (1728) pixels
0x0963, 0x1A05, 0x2266, 0x2AE7, 0xAFF7, 0xAFF7, 0x3B48, 0x19C4, 0x1223, 0xA055, 0xA837, 0xB016, 0xB016, 0xB817, 0x500A, 0x0060,   // 0x06D0 (1744) pixels
0x0060, 0x10C2, 0x0861, 0x3AE7, 0x4BA9, 0x3BE7, 0xB076, 0xC018, 0x89B1, 0x43E8, 0x4BC9, 0x21C4, 0x0000, 0x0040, 0x21A4, 0x11A2,   // 0x06E0 (1760) pixels
0x9873, 0xC038, 0xC018, 0x9652, 0x9732, 0x5C2B, 0x0840, 0x10A2, 0x0861, 0x0020, 0x0821, 0xC839, 0xC839, 0x2865, 0x0060, 0x0060,   // 0x06F0 (1776) pixels
0x10A1, 0x08C0, 0x4869, 0xB016, 0xA014, 0xB016, 0xB016, 0xA815, 0x4407, 0x53EA, 0x1943, 0x08A1, 0x0020, 0x8630, 0x8F11, 0x9BD3,   // 0x0700 (1792) pixels
0xB016, 0xB016, 0x8FB1, 0x96F2, 0x8E91, 0x0000, 0x0000, 0x540A, 0x6D2D, 0x658C, 0xB096, 0xC018, 0x704E, 0x0060, 0x0060, 0x0040,   // 0x0710 (1808) pixels
0x0020, 0x0861, 0x43E8, 0x33E6, 0x98F3, 0xC018, 0x9913, 0x43C7, 0x4BA9, 0x2A25, 0x0000, 0x0000, 0x758E, 0x6D0D, 0x6D0D, 0x7D8F,   // 0x0720 (1824) pixels
0x7DAF, 0x540A, 0x4BA9, 0x3AE7, 0x0861, 0x0881, 0x21C4, 0x4B89, 0x4328, 0x7DCF, 0x7DAF, 0x756E, 0x0000, 0x0020, 0x0881, 0x10A2,   // 0x0730 (1840) pixels
0x0881, 0x0020, 0x0020, 0x0060, 0x00C0, 0x0000, 0x9F93, 0x96F2, 0x8ED1, 0x6D0D, 0x754E, 0x64EC, 0x64CC, 0x64EC, 0x754E, 0x7D8E,   // 0x0740 (1856) pixels
0x4B68, 0x0000, 0x0000, 0x652E, 0x5CAC, 0x6DAE, 0x764F, 0x7E90, 0x3BA9, 0x22A6, 0x22A6, 0x1A25, 0x1A45, 0x1A05, 0x11A4, 0x19C5,   // 0x0750 (1872) pixels
0x0963, 0x1A05, 0x2266, 0x2AC7, 0xA7F6, 0xA7F6, 0x32E7, 0x1163, 0x09C2, 0xA055, 0xA836, 0xB036, 0xB837, 0xC038, 0x502A, 0x0020,   // 0x0760 (1888) pixels
0x0020, 0x10C2, 0x0881, 0x3306, 0x43C8, 0x3406, 0xA875, 0xB817, 0x89B1, 0x43E8, 0x4BC9, 0x2A05, 0x0881, 0x10C2, 0x2A05, 0x1A03,   // 0x0770 (1904) pixels
0x9893, 0xB837, 0xB817, 0x9652, 0x9752, 0x5C4B, 0x0040, 0x10C2, 0x08A1, 0x0060, 0x1062, 0xC839, 0xC839, 0x2845, 0x0060, 0x0040,   // 0x0780 (1920) pixels
0x08A1, 0x08C1, 0x506A, 0xB817, 0xB016, 0xB857, 0xB837, 0xB056, 0x3BA7, 0x4B89, 0x1943, 0x08A1, 0x0020, 0x8650, 0x8F31, 0x9C13,   // 0x0790 (1936) pixels
0xB817, 0xB817, 0x8F91, 0x96F2, 0x8E91, 0x0020, 0x0861, 0x540A, 0x6D2D, 0x658C, 0xA855, 0xB817, 0x680D, 0x0080, 0x0060, 0x0881,   // 0x07A0 (1952) pixels
0x0881, 0x08A1, 0x4B89, 0x3B87, 0x98F3, 0xC018, 0x9913, 0x3B87, 0x4368, 0x2A45, 0x0881, 0x0040, 0x7DCF, 0x6D4D, 0x6D4D, 0x758E,   // 0x07B0 (1968) pixels
0x7DAF, 0x4C29, 0x43A8, 0x32E6, 0x0080, 0x00A0, 0x21E4, 0x4BC9, 0x4368, 0x7DCF, 0x758E, 0x756E, 0x0000, 0x0060, 0x08A1, 0x10C2,   // 0x07C0 (1984) pixels
0x08A1, 0x0060, 0x0060, 0x0881, 0x10C2, 0x0000, 0x9F53, 0x8E91, 0x8E91, 0x6D6D, 0x6D8D, 0x6D4D, 0x6D2D, 0x6D4D, 0x758E, 0x7DCF,   // 0x07D0 (2000) pixels
0x4B69, 0x0000, 0x0000, 0x650D, 0x546B, 0x656D, 0x6DEE, 0x762F, 0x3B88, 0x22A6, 0x22A6, 0x1A25, 0x1A45, 0x1A05, 0x11A4, 0x19C5,   // 0x07E0 (2016) pixels
0x1184, 0x1A05, 0x2246, 0x2AA7, 0x9FF5, 0x97D4, 0x652D, 0x548B, 0x4CCA, 0x8B32, 0x9353, 0x79F0, 0x582B, 0x602C, 0x520A, 0x4BA9,   // 0x07F0 (2032) pixels
0x4348, 0x0040, 0x0080, 0x61AC, 0x79EF, 0x7A0F, 0x692D, 0x710E, 0x518A, 0x2A45, 0x2A45, 0x1943, 0x0881, 0x08C1, 0x4308, 0x3306,   // 0x0800 (2048) pixels
0x50EA, 0x604C, 0x600C, 0x4B89, 0x53EA, 0x3266, 0x0060, 0x08A1, 0x08A1, 0x0881, 0x0881, 0x684D, 0x604C, 0x2925, 0x1943, 0x1963,   // 0x0810 (2064) pixels
0x08A1, 0x00A0, 0x2885, 0x604C, 0x584B, 0x584B, 0x584B, 0x588B, 0x6D8D, 0x756E, 0x2184, 0x0861, 0x0020, 0x542A, 0x5CCB, 0x5ACB,   // 0x0820 (2080) pixels
0x580B, 0x600C, 0x4C29, 0x4BC9, 0x4B89, 0x0040, 0x0040, 0x4B89, 0x5C8B, 0x548A, 0x9352, 0xA354, 0x622C, 0x0060, 0x0861, 0x2A45,   // 0x0830 (2096) pixels
0x2A05, 0x2A25, 0x756E, 0x6D6D, 0x616C, 0x580B, 0x618C, 0x6D6D, 0x6D4D, 0x4348, 0x0040, 0x0060, 0x4328, 0x3AE7, 0x3AE7, 0x3AE7,   // 0x0840 (2112) pixels
0x3B07, 0x6A2D, 0x79EF, 0x718E, 0x504A, 0x584B, 0x4969, 0x3B07, 0x3AE7, 0x3AE7, 0x3B07, 0x3AE7, 0x0040, 0x0881, 0x08A1, 0x08A1,   // 0x0850 (2128) pixels
0x08A1, 0x0881, 0x0881, 0x0881, 0x08A1, 0x0000, 0x8E91, 0x7DEF, 0x7DCF, 0x8A71, 0x92B2, 0x4AE9, 0x3AE7, 0x3AE7, 0x3AE7, 0x3AE7,   // 0x0860 (2144) pixels
0x3AE7, 0x3AE7, 0x32A7, 0x546B, 0x4C0A, 0x75CF, 0x8EF2, 0x9732, 0x3B88, 0x1A45, 0x2266, 0x2246, 0x2266, 0x1A05, 0x1184, 0x11A4,   // 0x0870 (2160) pixels
0x19A5, 0x1A05, 0x1A25, 0x2286, 0x97B4, 0x8732, 0x97B3, 0x9FF4, 0x9FF4, 0x7E70, 0x7EB0, 0x43C8, 0x0020, 0x0000, 0x544A, 0xA7B4,   // 0x0880 (2176) pixels
0x96D2, 0x0000, 0x0080, 0x9012, 0xB817, 0xC018, 0x29E5, 0x1A23, 0x1162, 0x0861, 0x0881, 0x0881, 0x0060, 0x08A1, 0x5C2B, 0x5C2B,   // 0x0890 (2192) pixels
0x0921, 0x0040, 0x0060, 0x0060, 0x0861, 0x0861, 0x0060, 0x0060, 0x08A1, 0x10C2, 0x08C1, 0x0060, 0x0040, 0x21E4, 0x3266, 0x3286,   // 0x08A0 (2208) pixels
0x08A1, 0x0060, 0x0080, 0x00C0, 0x00C0, 0x0060, 0x0060, 0x00C0, 0xA7B4, 0xA794, 0x21E4, 0x0040, 0x0040, 0x21C4, 0x2A05, 0x1142,   // 0x08B0 (2224) pixels
0x0040, 0x0060, 0x0861, 0x0040, 0x0861, 0x0060, 0x0020, 0x3AE7, 0x53CA, 0x4B49, 0x8690, 0x8F51, 0x546A, 0x0040, 0x0861, 0x540A,   // 0x08C0 (2240) pixels
0x4BA9, 0x4BC9, 0x9F53, 0xA794, 0x19E3, 0x0000, 0x2224, 0xA794, 0x9F53, 0x5C4B, 0x0000, 0x0060, 0x0881, 0x0861, 0x0861, 0x0020,   // 0x08D0 (2256) pixels
0x0020, 0x8811, 0xB817, 0xB016, 0xB016, 0xB817, 0x78CF, 0x2244, 0x3246, 0x0000, 0x0020, 0x0020, 0x10C2, 0x10C2, 0x0881, 0x0060,   // 0x08E0 (2272) pixels
0x0881, 0x10C2, 0x10C2, 0x08A1, 0x0060, 0x0000, 0x7DCF, 0x6D4D, 0x750E, 0xB016, 0xB817, 0x3046, 0x0080, 0x0861, 0x0000, 0x0000,   // 0x08F0 (2288) pixels
0x2A66, 0x7E30, 0x7E10, 0x43C9, 0x43A9, 0x7E50, 0xA7F5, 0xAFF6, 0x3B88, 0x11E4, 0x1A45, 0x2A87, 0x2A87, 0x1A05, 0x0963, 0x0963,   // 0x0900 (2304) pixels
0x11A4, 0x1A05, 0x1A25, 0x2286, 0x97D4, 0x8733, 0x9793, 0x97B3, 0x97F3, 0x7E50, 0x7E90, 0x43C9, 0x0020, 0x0000, 0x542A, 0x9F73,   // 0x0910 (2320) pixels
0x8E91, 0x0000, 0x0060, 0x8831, 0xB817, 0xC018, 0x29A5, 0x21E4, 0x1943, 0x0881, 0x08A1, 0x0881, 0x0060, 0x08A1, 0x540A, 0x540A,   // 0x0920 (2336) pixels
0x1102, 0x0020, 0x0040, 0x08A1, 0x10C2, 0x08A1, 0x0060, 0x0060, 0x08A1, 0x10C2, 0x08A1, 0x0060, 0x0040, 0x21C4, 0x2A25, 0x3246,   // 0x0930 (2352) pixels
0x0881, 0x0060, 0x0881, 0x08A1, 0x08A1, 0x0060, 0x0060, 0x08C1, 0xA794, 0x9F73, 0x21E4, 0x0040, 0x0040, 0x29E5, 0x2A25, 0x1943,   // 0x0940 (2368) pixels
0x0020, 0x0040, 0x0881, 0x0881, 0x0881, 0x0020, 0x0000, 0x3AC7, 0x4BA9, 0x4B69, 0x8670, 0x9712, 0x5C4B, 0x0841, 0x0861, 0x53EA,   // 0x0950 (2384) pixels
0x4B89, 0x4BC9, 0x9772, 0x9F93, 0x21E4, 0x0000, 0x2A05, 0x9F53, 0x9F33, 0x5C2B, 0x0000, 0x0020, 0x10A2, 0x10C2, 0x08A1, 0x0060,   // 0x0960 (2400) pixels
0x0060, 0x8811, 0xB817, 0xB016, 0xA815, 0xB016, 0x78EF, 0x2284, 0x3286, 0x0040, 0x0060, 0x0881, 0x10C2, 0x10C2, 0x0881, 0x0060,   // 0x0970 (2416) pixels
0x0881, 0x08A1, 0x08A1, 0x0881, 0x0020, 0x0000, 0x7DEF, 0x758E, 0x754E, 0xB016, 0xB817, 0x3086, 0x08C1, 0x0881, 0x0020, 0x0000,   // 0x0980 (2432) pixels
0x2A46, 0x7DF0, 0x75CF, 0x43E9, 0x43C9, 0x7E50, 0xA7F5, 0xAFF6, 0x3388, 0x09E3, 0x1A25, 0x2A87, 0x2A87, 0x1A05, 0x0963, 0x0963,   // 0x0990 (2448) pixels
0x0963, 0x1A05, 0x2A67, 0x2AC7, 0xA7F6, 0xA7F6, 0x2AA7, 0x0922, 0x0181, 0xA015, 0xA817, 0xB017, 0xC038, 0xC839, 0x500A, 0x0000,   // 0x09A0 (2464) pixels
0x0000, 0x10C2, 0x0861, 0x548A, 0x65AC, 0x5D8B, 0x75AE, 0x7DAF, 0x64CC, 0x4BA9, 0x540A, 0x2A25, 0x0881, 0x10E2, 0x4BC9, 0x4348,   // 0x09B0 (2480) pixels
0x6D4D, 0x7DCF, 0x8650, 0x10E2, 0x0040, 0x0881, 0x10C2, 0x10C2, 0x08A1, 0x0060, 0x0060, 0x10C2, 0x0861, 0x5C4B, 0x756E, 0x75CE,   // 0x09C0 (2496) pixels
0x1923, 0x0881, 0x2A05, 0x540A, 0x540A, 0x0861, 0x10A2, 0x10C2, 0x4368, 0x4348, 0x1943, 0x08A1, 0x0020, 0x8670, 0x9732, 0x8E91,   // 0x09D0 (2512) pixels
0x7DAF, 0x7DCF, 0x756E, 0x756E, 0x758E, 0xA7B4, 0xA794, 0x96F2, 0x8ED1, 0x9F73, 0x08A1, 0x0000, 0x0040, 0x0060, 0x0060, 0x0861,   // 0x09E0 (2528) pixels
0x0060, 0x0841, 0xB817, 0xB016, 0x6AED, 0x542A, 0x5C4B, 0x64EC, 0x64AC, 0x7DEF, 0xA794, 0xAFF5, 0x0000, 0x0060, 0x0060, 0x10C2,   // 0x09F0 (2544) pixels
0x0040, 0x6DAD, 0x8FB1, 0x5D8B, 0x0040, 0x00E0, 0x4869, 0xC018, 0xC018, 0x00C0, 0x10C2, 0x10C2, 0x0060, 0x0060, 0x08A1, 0x10A2,   // 0x0A00 (2560) pixels
0x1122, 0x2A45, 0x21E4, 0x5C4B, 0xA7D4, 0xAFF5, 0x0000, 0x0000, 0x0000, 0x22A4, 0x22A4, 0x08E1, 0x0020, 0x2A45, 0xAFF5, 0xA7B4,   // 0x0A10 (2576) pixels
0x7DCF, 0x3B07, 0x4B88, 0x08E2, 0x08C2, 0x5D0C, 0x97D3, 0x97B3, 0x7E70, 0x7630, 0x5D2D, 0x19E5, 0x1A25, 0x1A05, 0x19A5, 0x19C5,   // 0x0A20 (2592) pixels
0x0963, 0x1A05, 0x2A67, 0x2AE7, 0xAFF7, 0xAFF7, 0x3B48, 0x19C4, 0x1223, 0xA896, 0xB077, 0xB857, 0xB837, 0xC839, 0x502A, 0x0020,   // 0x0A30 (2608) pixels
0x0020, 0x10C2, 0x0861, 0x546A, 0x658C, 0x654C, 0x75AE, 0x7DAF, 0x64AC, 0x4348, 0x4BA9, 0x29E5, 0x0881, 0x10E2, 0x4408, 0x3B87,   // 0x0A40 (2624) pixels
0x64EC, 0x6D2D, 0x7DAF, 0x0080, 0x0000, 0x0060, 0x10C2, 0x10C2, 0x08A1, 0x0060, 0x0060, 0x10C2, 0x0861, 0x540A, 0x6D0D, 0x756E,   // 0x0A50 (2640) pixels
0x08A1, 0x0000, 0x21A4, 0x53EA, 0x53EA, 0x0861, 0x08A1, 0x10E2, 0x4BA9, 0x4B89, 0x1102, 0x0040, 0x0000, 0x8670, 0x9732, 0x8630,   // 0x0A60 (2656) pixels
0x6D0D, 0x6D2D, 0x64EC, 0x64EC, 0x6D0D, 0x9F73, 0x9F53, 0x8ED1, 0x8EB1, 0x9F53, 0x1943, 0x08A1, 0x0881, 0x0000, 0x0000, 0x10C2,   // 0x0A70 (2672) pixels
0x08C1, 0x10A2, 0xB817, 0xB016, 0x628C, 0x4388, 0x540A, 0x756E, 0x6D2D, 0x7E0F, 0x9F33, 0xA7B4, 0x0000, 0x0080, 0x0080, 0x10C2,   // 0x0A80 (2688) pixels
0x0040, 0x758E, 0x9F73, 0x6D2D, 0x0000, 0x0080, 0x4849, 0xB016, 0xB016, 0x00C0, 0x10C2, 0x08A1, 0x0040, 0x0040, 0x0040, 0x0020,   // 0x0A90 (2704) pixels
0x08A1, 0x2A05, 0x21A4, 0x540A, 0xA794, 0xAFF5, 0x0000, 0x0040, 0x0060, 0x2A05, 0x2A05, 0x0881, 0x0000, 0x21E4, 0xA7D4, 0x9F73,   // 0x0AA0 (2720) pixels
0x75AE, 0x3AE7, 0x4B68, 0x1143, 0x1103, 0x652D, 0x97D3, 0x97B3, 0x6E0F, 0x65AE, 0x54CC, 0x19E5, 0x1A45, 0x1A05, 0x19A5, 0x19C5,   // 0x0AB0 (2736) pixels
0x1184, 0x1A05, 0x2246, 0x2266, 0x548C, 0x548C, 0x1A25, 0x1183, 0x09A2, 0x4129, 0x4129, 0x40C8, 0x3847, 0x3827, 0x4248, 0x53EA,   // 0x0AC0 (2752) pixels
0x4B89, 0x0040, 0x0060, 0x798F, 0x99D3, 0xA1B4, 0x3206, 0x21E4, 0x3AA7, 0x4BC9, 0x53EA, 0x29E5, 0x0060, 0x1082, 0x9953, 0x88D1,   // 0x0AD0 (2768) pixels
0x8510, 0x7E4F, 0x8650, 0x53EA, 0x53CA, 0x3266, 0x0040, 0x0881, 0x08A1, 0x08A1, 0x08A1, 0x0881, 0x0020, 0x5C2B, 0x754E, 0x6D2D,   // 0x0AE0 (2784) pixels
0x64AC, 0x64CC, 0x4368, 0x1963, 0x21A4, 0x0060, 0x0881, 0x08C1, 0x6D2D, 0x64CC, 0x53CA, 0x4B89, 0x4BA9, 0x3AA7, 0x3266, 0x540A,   // 0x0AF0 (2800) pixels
0x8650, 0x8630, 0x6D0D, 0x6D2D, 0x6D0D, 0x2A25, 0x2A45, 0x542A, 0x64AC, 0x6D0D, 0x10E2, 0x0040, 0x21E4, 0x53EA, 0x540A, 0x0020,   // 0x0B00 (2816) pixels
0x0881, 0x08A1, 0xA514, 0x9C73, 0x7D6F, 0x75CE, 0x64AC, 0x21C4, 0x29E5, 0x4308, 0x64AC, 0x5D0B, 0x780F, 0x784F, 0x704E, 0x0080,   // 0x0B10 (2832) pixels
0x0060, 0x2A25, 0x3AA7, 0x3286, 0x3286, 0x2AA5, 0x61AC, 0xB016, 0xB817, 0x00A0, 0x0881, 0x0881, 0x21C4, 0x1963, 0x53EA, 0x64CC,   // 0x0B20 (2848) pixels
0x540A, 0x29E5, 0x2A25, 0x2A45, 0x3286, 0x3286, 0x2184, 0x21A4, 0x21C4, 0x758E, 0x6D4D, 0x540A, 0x4BA9, 0x4368, 0x3266, 0x3245,   // 0x0B30 (2864) pixels
0x4BCA, 0x7E10, 0x8671, 0x0081, 0x00A1, 0x652D, 0xA7F5, 0x9FB4, 0x8F33, 0x8F53, 0x75F0, 0x1A05, 0x2266, 0x1A05, 0x1184, 0x1184,   // 0x0B40 (2880) pixels
0x11A4, 0x1A05, 0x2246, 0x1A25, 0x2286, 0x22A6, 0x11A3, 0x0962, 0x0962, 0x1183, 0x1183, 0x0901, 0x0060, 0x0020, 0x4348, 0x7DCF,   // 0x0B50 (2896) pixels
0x6D2D, 0x0000, 0x0080, 0x9032, 0xB817, 0xC018, 0x1042, 0x0000, 0x21C4, 0x53EA, 0x53EA, 0x29E5, 0x0040, 0x1062, 0xC018, 0xB817,   // 0x0B60 (2912) pixels
0x9532, 0x86D0, 0x8EB1, 0x758E, 0x7DAF, 0x4368, 0x0020, 0x0060, 0x08A1, 0x10C2, 0x10C2, 0x0060, 0x0000, 0x5C2B, 0x756E, 0x6D2D,   // 0x0B70 (2928) pixels
0x8EB1, 0x9712, 0x542A, 0x0020, 0x08A1, 0x0060, 0x0060, 0x08A1, 0x7DCF, 0x754E, 0x6D2D, 0x6D2D, 0x75AE, 0x10E2, 0x0000, 0x3AE7,   // 0x0B80 (2944) pixels
0x96F2, 0x8EB1, 0x6D0D, 0x754E, 0x6D0D, 0x0000, 0x0000, 0x3AC7, 0x53AA, 0x53EA, 0x08A1, 0x0020, 0x3286, 0x7DCF, 0x7DEF, 0x0000,   // 0x0B90 (2960) pixels
0x0060, 0x08A1, 0x9FB3, 0x8F11, 0x8EB1, 0x8ED1, 0x6D0D, 0x0000, 0x0861, 0x21A4, 0x4B89, 0x3BA7, 0xC018, 0xB837, 0xB036, 0x0080,   // 0x0BA0 (2976) pixels
0x0060, 0x0881, 0x0861, 0x1943, 0x4BC9, 0x43C8, 0x724E, 0xB817, 0xC038, 0x0080, 0x0060, 0x0881, 0x3286, 0x29E5, 0x7DAF, 0x9712,   // 0x0BB0 (2992) pixels
0x758E, 0x29E5, 0x3246, 0x1963, 0x0000, 0x0000, 0x3286, 0x3246, 0x3266, 0x9732, 0x8ED1, 0x7DCF, 0x758E, 0x540A, 0x0000, 0x0000,   // 0x0BC0 (3008) pixels
0x3AE7, 0x9FB4, 0xA7D5, 0x0020, 0x0060, 0x652D, 0xAFF6, 0xA7D5, 0x9FD5, 0x9FF5, 0x7E91, 0x1A05, 0x2A87, 0x1A05, 0x0963, 0x0963,   // 0x0BD0 (3024) pixels
0x19A5, 0x1A05, 0x1A25, 0x1A25, 0x2286, 0x22A6, 0x11A3, 0x0962, 0x0962, 0x1143, 0x1143, 0x08E2, 0x0060, 0x0020, 0x4348, 0x7DEF,   // 0x0BE0 (3040) pixels
0x6D2D, 0x0000, 0x0080, 0x9012, 0xB817, 0xC018, 0x0801, 0x0000, 0x1963, 0x4BA9, 0x4BA9, 0x21A4, 0x0020, 0x0841, 0xC819, 0xB817,   // 0x0BF0 (3056) pixels
0x9D93, 0x9732, 0x9732, 0x7DCF, 0x7DEF, 0x4B89, 0x0020, 0x0060, 0x0040, 0x0020, 0x0020, 0x0020, 0x0000, 0x5C4B, 0x758E, 0x754E,   // 0x0C00 (3072) pixels
0x8EF1, 0x9F53, 0x5C4B, 0x0000, 0x0881, 0x0060, 0x0060, 0x08A1, 0x8630, 0x7DAF, 0x756E, 0x6D6D, 0x7DCF, 0x1923, 0x0861, 0x4328,   // 0x0C10 (3088) pixels
0x9732, 0x96F2, 0x758E, 0x7DCF, 0x756E, 0x0000, 0x0000, 0x3326, 0x4C29, 0x4C69, 0x08C1, 0x0020, 0x3286, 0x7DCF, 0x7DEF, 0x0000,   // 0x0C20 (3104) pixels
0x0060, 0x08A1, 0xA7B4, 0x9712, 0x8ED1, 0x96F2, 0x6D0D, 0x0000, 0x0000, 0x21A4, 0x53EA, 0x4408, 0xC018, 0xB817, 0xB016, 0x0020,   // 0x0C30 (3120) pixels
0x0020, 0x0861, 0x0861, 0x1943, 0x53EA, 0x43E8, 0x722E, 0xB817, 0xC018, 0x0020, 0x0020, 0x0040, 0x3A87, 0x2A05, 0x7DEF, 0x9F53,   // 0x0C40 (3136) pixels
0x7DCF, 0x21C4, 0x2A25, 0x1943, 0x0000, 0x0000, 0x3AA7, 0x3246, 0x3286, 0x9732, 0x8ED1, 0x7DCF, 0x7DAF, 0x5C2B, 0x0000, 0x0020,   // 0x0C50 (3152) pixels
0x4348, 0xA7F5, 0xAFF6, 0x0000, 0x0000, 0x64ED, 0xAFF6, 0xA7D5, 0xA7F5, 0xA7F6, 0x86D2, 0x1A05, 0x2A87, 0x1A05, 0x0963, 0x0963,   // 0x0C60 (3168) pixels
0x1164, 0x1A05, 0x2266, 0x2A87, 0x54EC, 0x550C, 0x2266, 0x19C4, 0x19A4, 0x3B68, 0x43A9, 0x2A45, 0x0881, 0x0881, 0x21C4, 0x3AC7,   // 0x0C70 (3184) pixels
0x3286, 0x0861, 0x0040, 0x744E, 0x9572, 0x9532, 0x758E, 0x756E, 0x75AE, 0x7E0F, 0x8630, 0x4BA9, 0x21A4, 0x29E5, 0x62EC, 0x62EC,   // 0x0C80 (3200) pixels
0x3226, 0x21C4, 0x29E5, 0x1963, 0x1963, 0x1102, 0x08A1, 0x0861, 0x4348, 0x75AE, 0x6D2D, 0x3AE7, 0x3B07, 0x4BA9, 0x53EA, 0x540A,   // 0x0C90 (3216) pixels
0x2A05, 0x21C4, 0x3246, 0x3B07, 0x4328, 0x0861, 0x08A1, 0x08A1, 0x1983, 0x1963, 0x2184, 0x2184, 0x21A4, 0x0881, 0x0040, 0x2A05,   // 0x0CA0 (3232) pixels
0x648C, 0x648C, 0x1102, 0x1963, 0x2184, 0x648C, 0x548A, 0x8991, 0x98B3, 0xA0D4, 0x18A3, 0x0881, 0x29E5, 0x540A, 0x542A, 0x0040,   // 0x0CB0 (3248) pixels
0x08A1, 0x10C2, 0x5C8B, 0x542A, 0x5C4B, 0x5C4B, 0x648C, 0x756E, 0x758E, 0x4BA9, 0x1102, 0x1122, 0x630C, 0x5ACB, 0x5ACB, 0x3B27,   // 0x0CC0 (3264) pixels
0x4308, 0x3AE7, 0x3B07, 0x3286, 0x1923, 0x1102, 0x4AE9, 0x9D93, 0x9D73, 0x32C6, 0x4328, 0x3B07, 0x08A1, 0x08A1, 0x21A4, 0x21E4,   // 0x0CD0 (3280) pixels
0x2A45, 0x4348, 0x4328, 0x4BA9, 0x5C6B, 0x64AC, 0x0060, 0x08C1, 0x10E2, 0x64AC, 0x5C6B, 0x3B07, 0x32A6, 0x2A25, 0x0881, 0x0881,   // 0x0CE0 (3296) pixels
0x1122, 0x21E4, 0x1943, 0x86B1, 0x7E10, 0x8F12, 0x97B3, 0x9FD4, 0x54AC, 0x3BA9, 0x3368, 0x1A25, 0x2246, 0x1A05, 0x11A4, 0x11A4,   // 0x0CF0 (3312) pixels
0x0963, 0x1A05, 0x2A87, 0x2AA7, 0x5DAD, 0x5DAE, 0x2A86, 0x19C4, 0x19A4, 0x43C9, 0x4C2A, 0x2A86, 0x0881, 0x08A1, 0x1963, 0x2A05,   // 0x0D00 (3328) pixels
0x21E4, 0x08A1, 0x0020, 0x75AE, 0x8F11, 0x8EF1, 0x96F2, 0x96F2, 0x96F2, 0x8ED1, 0x9712, 0x5C4B, 0x2A05, 0x3266, 0x43A8, 0x4BC9,   // 0x0D10 (3344) pixels
0x1102, 0x0040, 0x0861, 0x0040, 0x0040, 0x0861, 0x10C2, 0x0861, 0x540A, 0x9732, 0x8EB1, 0x4BA9, 0x540A, 0x4BA9, 0x4B89, 0x4BC9,   // 0x0D20 (3360) pixels
0x0881, 0x0020, 0x21A4, 0x4BA9, 0x4BC9, 0x0861, 0x10C2, 0x08A1, 0x0020, 0x0040, 0x0040, 0x0861, 0x0861, 0x0060, 0x0020, 0x21C4,   // 0x0D30 (3376) pixels
0x540A, 0x5C0B, 0x0000, 0x0040, 0x0881, 0x8610, 0x760E, 0xA114, 0xB016, 0xB817, 0x18A3, 0x00A0, 0x21C4, 0x4BA9, 0x4BA9, 0x0861,   // 0x0D40 (3392) pixels
0x08A1, 0x10C2, 0x43C8, 0x4388, 0x4B89, 0x4B89, 0x5C6B, 0x9732, 0x9732, 0x5C6B, 0x0040, 0x0841, 0x4C09, 0x43A8, 0x43A8, 0x540A,   // 0x0D50 (3408) pixels
0x540A, 0x4BC9, 0x4BC9, 0x3AE7, 0x0861, 0x0841, 0x3B07, 0x8F11, 0x8EF1, 0x4B89, 0x53EA, 0x4BA9, 0x0000, 0x0060, 0x0861, 0x0040,   // 0x0D60 (3424) pixels
0x1923, 0x4BC9, 0x4388, 0x5C4B, 0x7DAF, 0x8630, 0x0000, 0x0040, 0x0060, 0x5C2B, 0x53EA, 0x2A25, 0x21A4, 0x1963, 0x08A1, 0x10C2,   // 0x0D70 (3440) pixels
0x0881, 0x0020, 0x0000, 0xB7F7, 0xA7F5, 0x97B3, 0x9793, 0x9FF4, 0x3BA9, 0x1A25, 0x2246, 0x1A25, 0x1A45, 0x1A05, 0x11A4, 0x19C5,   // 0x0D80 (3456) pixels
0x1184, 0x1A05, 0x2266, 0x2A87, 0x5D2D, 0x552C, 0x3327, 0x2AA6, 0x2A66, 0x5CCC, 0x654D, 0x3B28, 0x0040, 0x0881, 0x1923, 0x21A4,   // 0x0D90 (3472) pixels
0x2184, 0x0881, 0x0040, 0x540A, 0x6D0D, 0x64AC, 0x8E91, 0x96D2, 0x7DEF, 0x64CC, 0x6D0D, 0x4328, 0x2184, 0x21C4, 0x4BC9, 0x4BA9,   // 0x0DA0 (3488) pixels
0x2A45, 0x21E4, 0x2A05, 0x08A1, 0x0881, 0x0881, 0x08A1, 0x0040, 0x4B69, 0x7E0F, 0x758E, 0x3286, 0x3AC7, 0x3AC7, 0x3AA7, 0x3AA7,   // 0x0DB0 (3504) pixels
0x3266, 0x2A45, 0x3B07, 0x540A, 0x5C4B, 0x0040, 0x08A1, 0x08A1, 0x1102, 0x10C2, 0x2A05, 0x3266, 0x3286, 0x1102, 0x10C2, 0x21C4,   // 0x0DC0 (3520) pixels
0x3AE7, 0x4308, 0x0040, 0x0881, 0x08A1, 0x5C4B, 0x4C29, 0x81B0, 0x90F2, 0x9112, 0x4088, 0x3847, 0x41C8, 0x4BC9, 0x53EA, 0x0040,   // 0x0DD0 (3536) pixels
0x08A1, 0x10C2, 0x6ACD, 0x626C, 0x5BCB, 0x542A, 0x5C4B, 0x64EC, 0x6D0D, 0x4328, 0x0060, 0x0861, 0x3AE7, 0x3AA7, 0x3AA7, 0x3AC7,   // 0x0DE0 (3552) pixels
0x3AC7, 0x3AC7, 0x3AC7, 0x2A25, 0x0881, 0x0040, 0x3B07, 0x9712, 0x96F2, 0x4348, 0x4BA9, 0x4B89, 0x0020, 0x0060, 0x21A4, 0x29E5,   // 0x0DF0 (3568) pixels
0x2A45, 0x4328, 0x4308, 0x4B69, 0x53EA, 0x5C2B, 0x1122, 0x1963, 0x1963, 0x3AE7, 0x3AC7, 0x4328, 0x4368, 0x32A6, 0x0861, 0x08A1,   // 0x0E00 (3584) pixels
0x08A1, 0x08A1, 0x0000, 0x7E50, 0x6D8E, 0x7E70, 0x86D1, 0x8711, 0x54CC, 0x442A, 0x3BA9, 0x1A25, 0x2246, 0x1A05, 0x11A4, 0x11A4,   // 0x0E10 (3600) pixels
0x19A5, 0x1A05, 0x1A25, 0x2246, 0x4C6B, 0x442A, 0x548B, 0x54AB, 0x4C6A, 0x9F94, 0xAFF6, 0x5CAC, 0x0000, 0x0060, 0x0881, 0x08A1,   // 0x0E20 (3616) pixels
0x08A1, 0x0060, 0x0060, 0x0040, 0x0040, 0x0000, 0x7E0F, 0x96F2, 0x4BC9, 0x0000, 0x0040, 0x0040, 0x0040, 0x0881, 0x5C0B, 0x4BA9,   // 0x0E30 (3632) pixels
0x6CED, 0x756E, 0x7DCF, 0x1903, 0x08A1, 0x08A1, 0x0060, 0x0040, 0x2A25, 0x53CA, 0x4348, 0x0000, 0x0020, 0x0861, 0x0881, 0x0000,   // 0x0E40 (3648) pixels
0x8670, 0x9732, 0x8650, 0x754E, 0x7DCF, 0x0000, 0x0060, 0x0881, 0x3286, 0x2A05, 0x7DEF, 0x9732, 0x9F73, 0x3AC7, 0x3266, 0x1963,   // 0x0E50 (3664) pixels
0x0000, 0x0020, 0x10C2, 0x10C2, 0x08A1, 0x0000, 0x0000, 0x3B27, 0x4C29, 0x3C67, 0xA855, 0xB817, 0x8971, 0x4C09, 0x5C0B, 0x0000,   // 0x0E60 (3680) pixels
0x0060, 0x0861, 0xC819, 0xB817, 0x7BEF, 0x6D6D, 0x4BC9, 0x0000, 0x0040, 0x0060, 0x0060, 0x0060, 0x0881, 0x0881, 0x0881, 0x0020,   // 0x0E70 (3696) pixels
0x0020, 0x0861, 0x0881, 0x0881, 0x0060, 0x0020, 0x3AE7, 0x9F33, 0x9F33, 0x3B07, 0x4B89, 0x4368, 0x0861, 0x0861, 0x5C4B, 0x758E,   // 0x0E80 (3712) pixels
0x5C8B, 0x29E5, 0x3226, 0x1943, 0x0000, 0x0000, 0x5C6B, 0x540A, 0x53EA, 0x0000, 0x0000, 0x756E, 0xA794, 0x756E, 0x0000, 0x0060,   // 0x0E90 (3728) pixels
0x08A1, 0x1103, 0x1103, 0x0060, 0x0020, 0x3307, 0x64ED, 0x548B, 0x9753, 0xA7F6, 0x86D2, 0x1A05, 0x2A87, 0x1A05, 0x0963, 0x0963,   // 0x0EA0 (3744) pixels
0x11A4, 0x1A05, 0x1A25, 0x2246, 0x4C6B, 0x442B, 0x548B, 0x54AB, 0x4C4A, 0x9773, 0xA7F5, 0x5C8C, 0x0000, 0x0060, 0x0861, 0x0881,   // 0x0EB0 (3760) pixels
0x0881, 0x0060, 0x0060, 0x0861, 0x0861, 0x0000, 0x7E0F, 0x8ED1, 0x540A, 0x0841, 0x10C2, 0x08A1, 0x0060, 0x08A1, 0x544A, 0x43C8,   // 0x0EC0 (3776) pixels
0x64CC, 0x6D0D, 0x756E, 0x0901, 0x00A0, 0x0080, 0x0000, 0x0000, 0x2A05, 0x53EA, 0x4B69, 0x0000, 0x0000, 0x0040, 0x0861, 0x0000,   // 0x0ED0 (3792) pixels
0x8630, 0x96F2, 0x8630, 0x6D2D, 0x7DAF, 0x0000, 0x0000, 0x0020, 0x3286, 0x29E5, 0x7DCF, 0x96F2, 0x9732, 0x3286, 0x2A25, 0x1943,   // 0x0EE0 (3808) pixels
0x0000, 0x0020, 0x10C2, 0x10C2, 0x10C2, 0x0060, 0x0020, 0x3B27, 0x4C09, 0x4448, 0xA054, 0xB016, 0x8991, 0x4C29, 0x5C2B, 0x0000,   // 0x0EF0 (3824) pixels
0x0000, 0x0000, 0xC018, 0xB016, 0x7BEF, 0x6D8D, 0x540A, 0x0040, 0x08A1, 0x0881, 0x0060, 0x0060, 0x0881, 0x0881, 0x0881, 0x0060,   // 0x0F00 (3840) pixels
0x0060, 0x08A1, 0x10C2, 0x08A1, 0x0060, 0x0020, 0x3B27, 0x9792, 0x9772, 0x3AC7, 0x4348, 0x4328, 0x0861, 0x0861, 0x542A, 0x756E,   // 0x0F10 (3856) pixels
0x5C6B, 0x29E5, 0x3226, 0x1963, 0x0000, 0x0000, 0x5C4B, 0x53EA, 0x53CA, 0x0000, 0x0000, 0x754E, 0x9F53, 0x6D4D, 0x0000, 0x0060,   // 0x0F20 (3872) pixels
0x08A1, 0x1103, 0x1103, 0x00A0, 0x0040, 0x3B48, 0x650D, 0x5CAC, 0x8F33, 0xA7F6, 0x8692, 0x1A05, 0x2A87, 0x1A05, 0x0963, 0x0963,   // 0x0F30 (3888) pixels
0x1184, 0x1A05, 0x2246, 0x2266, 0x4C6B, 0x444A, 0x3BA8, 0x3B88, 0x3347, 0x762F, 0x86D1, 0x4BE9, 0x0020, 0x0060, 0x21C4, 0x3AE7,   // 0x0F40 (3904) pixels
0x32A6, 0x0040, 0x0040, 0x3AC7, 0x4B89, 0x4308, 0x8ED1, 0x9F73, 0x5C4B, 0x0020, 0x08A1, 0x08A1, 0x0881, 0x10A2, 0x8A71, 0x7A0F,   // 0x0F50 (3920) pixels
0x642C, 0x64CC, 0x652C, 0x50AA, 0x502A, 0x51AA, 0x4388, 0x4348, 0x540A, 0x648C, 0x5C6B, 0x4348, 0x4368, 0x4B69, 0x4B69, 0x4B69,   // 0x0F60 (3936) pixels
0x540A, 0x542A, 0x64AC, 0x758E, 0x75AE, 0x4328, 0x4B69, 0x4348, 0x1943, 0x1943, 0x4BA9, 0x5C4B, 0x5C4B, 0x3B07, 0x3AE7, 0x3AC7,   // 0x0F70 (3952) pixels
0x32A6, 0x3AE7, 0x0060, 0x08A1, 0x08A1, 0x0881, 0x0060, 0x61EC, 0x8250, 0x7A6F, 0x686D, 0x682D, 0x512A, 0x2A85, 0x3246, 0x4B89,   // 0x0F80 (3968) pixels
0x4368, 0x4B69, 0xB316, 0xB336, 0x5B4B, 0x4348, 0x3AC7, 0x1122, 0x1963, 0x1102, 0x0881, 0x0060, 0x2A25, 0x2A05, 0x2A05, 0x0060,   // 0x0F90 (3984) pixels
0x0881, 0x08A1, 0x08A1, 0x08A1, 0x0881, 0x0060, 0x41E8, 0xAC55, 0xABF5, 0x654C, 0x6D4D, 0x6D0D, 0x0020, 0x0060, 0x3AA7, 0x4368,   // 0x0FA0 (4000) pixels
0x4328, 0x3AE7, 0x3AE7, 0x3AC7, 0x32A6, 0x3AC7, 0x3266, 0x3266, 0x3266, 0x21E4, 0x21A4, 0x64CC, 0x7DEF, 0x5C6B, 0x0020, 0x0881,   // 0x0FB0 (4016) pixels
0x08A1, 0x08C2, 0x0061, 0x540B, 0x4B8A, 0x5CEC, 0x6DEE, 0x6DCE, 0x6DEF, 0x6E10, 0x5D0D, 0x1A05, 0x2266, 0x1A05, 0x1184, 0x1184,   // 0x0FC0 (4032) pixels
0x0963, 0x1A05, 0x2A87, 0x2A87, 0x446A, 0x446A, 0x2285, 0x1A04, 0x11C3, 0x4C6A, 0x4CCA, 0x32E6, 0x0861, 0x0861, 0x4BC9, 0x8670,   // 0x0FD0 (4048) pixels
0x7DCF, 0x0020, 0x0020, 0x8E71, 0xAFF5, 0xAFF5, 0xAFF5, 0xB7F6, 0x64AC, 0x0000, 0x0060, 0x08A1, 0x08C1, 0x18A3, 0xD81B, 0xD01A,   // 0x0FE0 (4064) pixels
0x6B4D, 0x544A, 0x4CA9, 0xC038, 0xD01A, 0xC378, 0xB7F6, 0xB7F6, 0x96F2, 0x75AE, 0x7E0F, 0xBFF7, 0xB7F6, 0xAFF5, 0xAFF5, 0xBFF7,   // 0x0FF0 (4080) pixels
0x1102, 0x0000, 0x3286, 0x7E2F, 0x75AE, 0xBFF7, 0xB7F6, 0xAFF5, 0x0000, 0x0040, 0x0040, 0x0040, 0x0000, 0x4BC9, 0x540A, 0x6D0D,   // 0x1000 (4096) pixels
0x8E91, 0x96F2, 0x0000, 0x0060, 0x0060, 0x10C2, 0x00C0, 0x9813, 0xC819, 0xD81B, 0x10A2, 0x00C0, 0x0080, 0x0020, 0x0000, 0xC7F8,   // 0x1010 (4112) pixels
0xB7F6, 0xB7F6, 0x9FF3, 0xAFF5, 0x2A25, 0x0020, 0x10E2, 0x2A65, 0x2A65, 0x19A3, 0x08A1, 0x0861, 0x5CAB, 0x544A, 0x540A, 0x0861,   // 0x1020 (4128) pixels
0x10C2, 0x0881, 0x0060, 0x0881, 0x10C2, 0x00C0, 0x584B, 0xD01A, 0xC018, 0xAFF5, 0xB7F6, 0xAFD5, 0x0000, 0x0060, 0x0861, 0x0040,   // 0x1030 (4144) pixels
0x1963, 0x546A, 0x4C09, 0x6D0D, 0x8E91, 0x9712, 0x0000, 0x0020, 0x0060, 0x64EC, 0x5C8B, 0x4BE9, 0x4BE9, 0x3B07, 0x0861, 0x10C2,   // 0x1040 (4160) pixels
0x08A1, 0x0060, 0x0000, 0xD7FB, 0xBFF8, 0x9F94, 0x7F10, 0x8F72, 0x3BE9, 0x1AC6, 0x22A6, 0x1A25, 0x1A45, 0x1A05, 0x11A4, 0x19C5,   // 0x1050 (4176) pixels
0x0963, 0x1A05, 0x2A87, 0x2A87, 0x4449, 0x444A, 0x1A24, 0x0962, 0x0942, 0x4C6A, 0x54EB, 0x3306, 0x0881, 0x0861, 0x4BA9, 0x8650,   // 0x1060 (4192) pixels
0x75AE, 0x0020, 0x0020, 0x8E71, 0xAFF5, 0xAFF5, 0xAFF5, 0xB7F6, 0x64CC, 0x0000, 0x0060, 0x08A1, 0x08C1, 0x18A3, 0xD81B, 0xD01A,   // 0x1070 (4208) pixels
0x6BAD, 0x44E8, 0x4528, 0xB817, 0xC819, 0xBAD7, 0xA7F4, 0xAFF5, 0x96D2, 0x7DCF, 0x8630, 0xC7F8, 0xBFF7, 0xB7F6, 0xAFF5, 0xBFF7,   // 0x1080 (4224) pixels
0x1963, 0x0861, 0x3B07, 0x8690, 0x7DEF, 0xC7F8, 0xBFF7, 0xB7F6, 0x0000, 0x0000, 0x0020, 0x0841, 0x0000, 0x540A, 0x544A, 0x6D4D,   // 0x1090 (4240) pixels
0x96D2, 0x9F33, 0x0000, 0x0000, 0x0000, 0x10C2, 0x00C0, 0xA815, 0xD81B, 0xE81D, 0x20A4, 0x08C1, 0x0060, 0x0000, 0x0000, 0xC7F8,   // 0x10A0 (4256) pixels
0xAFF5, 0xAFF5, 0xAFF5, 0xB7F6, 0x2264, 0x0080, 0x0140, 0x2A85, 0x2A85, 0x1983, 0x0000, 0x0000, 0x542A, 0x4BC9, 0x4BA9, 0x0861,   // 0x10B0 (4272) pixels
0x10C2, 0x0020, 0x0000, 0x0020, 0x10C2, 0x00C0, 0x506A, 0xC819, 0xC018, 0xA7F4, 0xA7F4, 0x9FF3, 0x0000, 0x0000, 0x0861, 0x08A1,   // 0x10C0 (4288) pixels
0x21A4, 0x5CAB, 0x544A, 0x654C, 0x7EEF, 0x8770, 0x0000, 0x0000, 0x0000, 0x64AC, 0x5C4B, 0x542A, 0x544A, 0x4348, 0x0861, 0x10C2,   // 0x10D0 (4304) pixels
0x0060, 0x0000, 0x0000, 0xD7FB, 0xBFF8, 0x9773, 0x7EF0, 0x8751, 0x3C2A, 0x2328, 0x2307, 0x1A25, 0x1A25, 0x1A05, 0x19A5, 0x19C5,   // 0x10E0 (4320) pixels
0x19A5, 0x1A05, 0x1A25, 0x2266, 0x556E, 0x4CCC, 0xA7B5, 0xBFF8, 0xBFF8, 0x758F, 0x6D8E, 0x4348, 0x0020, 0x0020, 0x3266, 0x5C4B,   // 0x10F0 (4336) pixels
0x4BE9, 0x0000, 0x0020, 0x4328, 0x53EA, 0x4BA9, 0x6D6D, 0x7DCF, 0x4B89, 0x0861, 0x10C2, 0x08A1, 0x0060, 0x08A1, 0x552A, 0x4528,   // 0x1100 (4352) pixels
0xB0B6, 0xD01A, 0xD01A, 0x7E2F, 0x76CE, 0x8F11, 0xA794, 0xA7B4, 0x758E, 0x53EA, 0x4BC9, 0x0000, 0x0000, 0x1963, 0x29E5, 0x3206,   // 0x1110 (4368) pixels
0x0881, 0x0040, 0x1923, 0x3226, 0x3246, 0x0000, 0x0000, 0x0000, 0x9F53, 0x96D2, 0x64EC, 0x544A, 0x5CAB, 0x08A1, 0x0040, 0x0020,   // 0x1120 (4384) pixels
0x0000, 0x0000, 0x9F53, 0x96D2, 0x8670, 0x0000, 0x0060, 0x00C0, 0x00C0, 0x00C0, 0x0060, 0x0020, 0x3B07, 0x9712, 0x8EB1, 0x756E,   // 0x1130 (4400) pixels
0x758E, 0x756E, 0x4BA9, 0x4428, 0xB0D6, 0xE01C, 0x9813, 0x00A0, 0x0040, 0x3AE7, 0x8EB1, 0x8650, 0x8650, 0x8650, 0x8610, 0x0000,   // 0x1140 (4416) pixels
0x0020, 0x4BA9, 0x6CED, 0x4B89, 0x0020, 0x0060, 0x586B, 0xE05C, 0xD05A, 0xC018, 0xC018, 0xC018, 0xBFF7, 0xCFF9, 0x3266, 0x0020,   // 0x1150 (4432) pixels
0x0060, 0x0841, 0x0060, 0x500A, 0xD01A, 0xC819, 0xBFF7, 0xBFF7, 0xBFF7, 0x4388, 0x540A, 0x3AA7, 0x3246, 0x29C5, 0x0040, 0x0020,   // 0x1160 (4448) pixels
0x3B28, 0x97B4, 0x9773, 0x3C28, 0x3C28, 0x7E50, 0x9FB4, 0xA7F5, 0x33A8, 0x1224, 0x1A65, 0x2A87, 0x2A87, 0x1A25, 0x0963, 0x0963,   // 0x1170 (4464) pixels
0x19A5, 0x1A05, 0x1A25, 0x2266, 0x552D, 0x44AC, 0x9F74, 0xB7F7, 0xB7F7, 0x6D6E, 0x6D8E, 0x4328, 0x0020, 0x0020, 0x3286, 0x5C6B,   // 0x1180 (4480) pixels
0x4BE9, 0x0000, 0x0000, 0x4B89, 0x64AC, 0x5C4B, 0x7DEF, 0x8650, 0x4BC9, 0x0861, 0x10C2, 0x0040, 0x0000, 0x0040, 0x64CC, 0x54CA,   // 0x1190 (4496) pixels
0xA895, 0xC819, 0xC819, 0x8570, 0x7DEF, 0x96D2, 0xAFF5, 0xAFF5, 0x7DCF, 0x53EA, 0x4BC9, 0x0000, 0x0000, 0x2A05, 0x3AA7, 0x42C8,   // 0x11A0 (4512) pixels
0x08A1, 0x0040, 0x1963, 0x3AC7, 0x42C8, 0x0020, 0x0060, 0x08A1, 0x8E71, 0x8610, 0x5C8B, 0x542A, 0x5C8B, 0x08A1, 0x0020, 0x0020,   // 0x11B0 (4528) pixels
0x0000, 0x0000, 0x8F11, 0x7E8F, 0x762E, 0x0000, 0x0020, 0x0881, 0x08A1, 0x08A1, 0x0040, 0x0000, 0x3AC7, 0x96D2, 0x8E71, 0x7E0F,   // 0x11C0 (4544) pixels
0x8630, 0x7E0F, 0x5C4B, 0x54EA, 0xB0F6, 0xD01A, 0x9813, 0x0080, 0x0040, 0x3AC7, 0x8670, 0x7E0F, 0x7DEF, 0x7DEF, 0x7DAF, 0x0000,   // 0x11D0 (4560) pixels
0x0000, 0x4368, 0x64CC, 0x4368, 0x0020, 0x0060, 0x586B, 0xE83D, 0xE05C, 0xC819, 0xC819, 0xC839, 0xAFF5, 0xBFF7, 0x2A25, 0x0020,   // 0x11E0 (4576) pixels
0x0060, 0x0881, 0x0080, 0x500A, 0xC819, 0xC018, 0xB7F6, 0xB7F6, 0xB7F6, 0x4BC9, 0x544A, 0x4308, 0x3AA7, 0x2A05, 0x0040, 0x0020,   // 0x11F0 (4592) pixels
0x3B07, 0x9773, 0x8F32, 0x4CAA, 0x4CCA, 0x7E90, 0x9FB4, 0xA7F5, 0x3367, 0x09E3, 0x1224, 0x2A87, 0x2A87, 0x1A05, 0x0963, 0x0963,   // 0x1200 (4608) pixels
0x1184, 0x1A05, 0x2266, 0x2286, 0x65EF, 0x5D8E, 0x6D8E, 0x6D6E, 0x758F, 0x5CEC, 0x5D2C, 0x3B07, 0x0040, 0x0040, 0x4328, 0x756E,   // 0x1210 (4624) pixels
0x6D2D, 0x64CC, 0x6D0D, 0x3286, 0x21E4, 0x21C4, 0x4BA9, 0x540A, 0x3266, 0x0040, 0x0040, 0x3AE7, 0x6D0D, 0x64AC, 0x32C6, 0x3306,   // 0x1220 (4640) pixels
0x8370, 0x9B93, 0x9B33, 0x96B2, 0x9732, 0x756E, 0x4328, 0x4348, 0x6CED, 0x8650, 0x8630, 0x64AC, 0x6D2D, 0x2A05, 0x1923, 0x1943,   // 0x1230 (4656) pixels
0x08A1, 0x0881, 0x10E2, 0x1943, 0x1943, 0x0881, 0x0881, 0x10E2, 0xA794, 0x9F53, 0x4308, 0x21E4, 0x21C4, 0x648C, 0x6CED, 0x5C6B,   // 0x1240 (4672) pixels
0x4BA9, 0x43E8, 0xB256, 0xAA75, 0xA274, 0x2AC5, 0x3AC7, 0x21E4, 0x1983, 0x1983, 0x32A6, 0x3AC7, 0x32A6, 0x3AA7, 0x32A6, 0x3AC7,   // 0x1250 (4688) pixels
0x3AC7, 0x3AA7, 0x21E4, 0x2224, 0x48C9, 0x584B, 0x4909, 0x32E6, 0x32A6, 0x32A6, 0x3AC7, 0x3246, 0x9F73, 0x96F2, 0x96D2, 0x4B69,   // 0x1260 (4704) pixels
0x53EA, 0x3266, 0x21E4, 0x21A4, 0x0881, 0x08A1, 0x2885, 0x586B, 0x586B, 0x506A, 0x504A, 0x588B, 0x9732, 0x9712, 0x2A05, 0x0040,   // 0x1270 (4720) pixels
0x1122, 0x3AE7, 0x2A85, 0x636C, 0xBCD7, 0xBCD7, 0x3B47, 0x4B69, 0x4348, 0x21E4, 0x2A05, 0x1963, 0x1943, 0x1122, 0x0881, 0x0881,   // 0x1280 (4736) pixels
0x1983, 0x3B07, 0x3AE7, 0x2AE6, 0x22A5, 0x658D, 0x8F72, 0x8F52, 0x760F, 0x6DAF, 0x5CCD, 0x1A05, 0x2266, 0x1A05, 0x1184, 0x11A4,   // 0x1290 (4752) pixels
0x0963, 0x1A05, 0x2A87, 0x2AA7, 0x766F, 0x6E2F, 0x4C4A, 0x43A9, 0x43A9, 0x4CAA, 0x54EB, 0x3307, 0x0861, 0x0861, 0x4B89, 0x7E0F,   // 0x12A0 (4768) pixels
0x7DEF, 0xB7F6, 0xBFF7, 0x21E4, 0x0000, 0x0000, 0x3226, 0x3A67, 0x2184, 0x0040, 0x0000, 0x64CC, 0xBFF7, 0xAFD5, 0x1182, 0x19C3,   // 0x12B0 (4784) pixels
0x6D6D, 0x7E6F, 0x7E2F, 0x9F73, 0xAFF5, 0x648C, 0x0000, 0x0000, 0x5C6B, 0xAFF5, 0xA7B4, 0xB7F6, 0xBFF7, 0x2A05, 0x0020, 0x0040,   // 0x12C0 (4800) pixels
0x08A1, 0x10C2, 0x08A1, 0x0060, 0x0040, 0x10C2, 0x08A1, 0x1102, 0xB7F6, 0xAFF5, 0x2A05, 0x0040, 0x0000, 0x9F33, 0xAFF5, 0x9F33,   // 0x12D0 (4816) pixels
0x8630, 0x7ECF, 0xC819, 0xC018, 0xB817, 0x54EA, 0x64AC, 0x32C6, 0x2244, 0x2204, 0x542A, 0x64AC, 0x32A6, 0x0000, 0x0020, 0x0881,   // 0x12E0 (4832) pixels
0x0861, 0x0861, 0x0040, 0x0040, 0x00A0, 0x00A0, 0x19A3, 0x5C6B, 0x544A, 0x32A6, 0x0020, 0x0000, 0xB7F6, 0xA794, 0xA794, 0x8610,   // 0x12F0 (4848) pixels
0x96D2, 0x21A4, 0x0000, 0x0060, 0x10C2, 0x10C2, 0x08A1, 0x0060, 0x0060, 0x00C0, 0x00A0, 0x08E1, 0x8630, 0x7E0F, 0x29E5, 0x0861,   // 0x1300 (4864) pixels
0x21A4, 0x5C6B, 0x4BE9, 0x75CE, 0xAFF5, 0xBFF7, 0x0000, 0x0000, 0x0020, 0x0881, 0x0881, 0x0060, 0x0060, 0x0060, 0x10C2, 0x10C2,   // 0x1310 (4880) pixels
0x0881, 0x0020, 0x0000, 0x11A4, 0x0922, 0x54EB, 0x8731, 0x7EF0, 0x9FD5, 0xAFF7, 0x8692, 0x11C4, 0x1A45, 0x1A05, 0x11A4, 0x19C5,   // 0x1320 (4896) pixels
0x0963, 0x1A05, 0x2A87, 0x2AA7, 0x7690, 0x7670, 0x548B, 0x4C0A, 0x4C0A, 0x54EB, 0x5D2C, 0x3327, 0x0861, 0x0861, 0x4B69, 0x7DCF,   // 0x1330 (4912) pixels
0x7DCF, 0xBFF7, 0xC7F8, 0x21E4, 0x0000, 0x0000, 0x3266, 0x3AC7, 0x2184, 0x0000, 0x0000, 0x648C, 0xBFF7, 0xAFD5, 0x19C3, 0x2204,   // 0x1340 (4928) pixels
0x758E, 0x8E91, 0x8650, 0xAFF5, 0xB7F6, 0x6D0D, 0x0040, 0x0040, 0x64AC, 0xAFF5, 0xA7D4, 0xA7F4, 0xB7F6, 0x19C3, 0x0000, 0x0000,   // 0x1350 (4944) pixels
0x08A1, 0x10C2, 0x08A1, 0x0060, 0x0060, 0x0020, 0x0000, 0x0881, 0xBFF7, 0xBFF7, 0x3266, 0x0881, 0x0000, 0x9F33, 0xAFF5, 0x9F33,   // 0x1360 (4960) pixels
0x8630, 0x86F0, 0xD01A, 0xD01A, 0xC839, 0x550A, 0x64AC, 0x32E6, 0x2A45, 0x2224, 0x5C4B, 0x64CC, 0x32A6, 0x0000, 0x0000, 0x0020,   // 0x1370 (4976) pixels
0x0020, 0x0020, 0x0000, 0x0000, 0x0881, 0x08A1, 0x2184, 0x544A, 0x542A, 0x32A6, 0x0881, 0x0000, 0xB7F6, 0x9F93, 0x9F73, 0x8610,   // 0x1380 (4992) pixels
0x8EB1, 0x21A4, 0x0020, 0x0060, 0x10C2, 0x10C2, 0x0881, 0x0020, 0x0020, 0x08A1, 0x0881, 0x10C2, 0x8EB1, 0x8E91, 0x2A05, 0x0861,   // 0x1390 (5008) pixels
0x21A4, 0x5C8B, 0x540A, 0x7DEF, 0xBFF7, 0xCFF9, 0x0000, 0x0000, 0x0000, 0x0020, 0x0020, 0x0000, 0x0000, 0x0000, 0x10C2, 0x10C2,   // 0x13A0 (5024) pixels
0x0860, 0x0000, 0x0000, 0x19E4, 0x1163, 0x54EB, 0x8731, 0x7ECF, 0x9FB4, 0xAFF7, 0x8692, 0x11A4, 0x1A45, 0x1A05, 0x19A5, 0x19C5,   // 0x13B0 (5040) pixels
0x11A4, 0x1A05, 0x2246, 0x2266, 0x3C2A, 0x3C2A, 0x22A5, 0x1A44, 0x1A44, 0x2285, 0x2AA6, 0x19A3, 0x0860, 0x0000, 0x5C4B, 0xA7B4,   // 0x13C0 (5056) pixels
0x96F2, 0x2A05, 0x3266, 0x3B07, 0x4328, 0x4368, 0x1923, 0x10C2, 0x3286, 0x64AC, 0x5C6B, 0x64CC, 0x6D2D, 0x64CC, 0x08A1, 0x1102,   // 0x13D0 (5072) pixels
0x21C4, 0x2A05, 0x21E4, 0x3286, 0x3AC7, 0x21C4, 0x0060, 0x0020, 0x4308, 0x756E, 0x6CED, 0xC1D8, 0xB9F7, 0x8CF1, 0x7DCF, 0x8630,   // 0x13E0 (5088) pixels
0x10E2, 0x0060, 0x0881, 0x08A1, 0x0020, 0x8630, 0x7DAF, 0x756E, 0x3246, 0x3AC7, 0x10E2, 0x0861, 0x0000, 0x64CC, 0x754E, 0x5C6B,   // 0x13F0 (5104) pixels
0x3B27, 0x4388, 0x4028, 0x4088, 0x3887, 0x19A3, 0x1983, 0x1943, 0x1122, 0x1102, 0x1983, 0x1963, 0x3AA7, 0x64AC, 0x5C4B, 0x7DCF,   // 0x1400 (5120) pixels
0x7DAF, 0x758E, 0x5C4B, 0x64CC, 0x1963, 0x0040, 0x1983, 0x5C6B, 0x5C4B, 0x32A6, 0x0040, 0x0000, 0xBFF7, 0xA7B4, 0xA794, 0x542A,   // 0x1410 (5136) pixels
0x64CC, 0x3286, 0x29E5, 0x2184, 0x0060, 0x0060, 0x2184, 0x4368, 0x4348, 0x19A3, 0x21C4, 0x21C4, 0x2A25, 0x3246, 0x10E2, 0x0060,   // 0x1420 (5152) pixels
0x08C1, 0x21C4, 0x2184, 0x2A05, 0x3286, 0x3246, 0x64AC, 0x5C6B, 0x5C8B, 0x7DAF, 0x758E, 0x7DAF, 0x7DEF, 0x5C6B, 0x0020, 0x0040,   // 0x1430 (5168) pixels
0x3287, 0x8611, 0x8631, 0x00A0, 0x00A1, 0x6D2E, 0xB7D7, 0xAFB6, 0x86B2, 0x7E91, 0x658E, 0x1A05, 0x2266, 0x1A05, 0x1184, 0x1184,   // 0x1440 (5184) pixels
0x19A5, 0x1A05, 0x1A25, 0x1A45, 0x2347, 0x2347, 0x09E3, 0x0962, 0x0982, 0x1183, 0x11A3, 0x0902, 0x0060, 0x0000, 0x64AC, 0xB7F6,   // 0x1450 (5200) pixels
0xA774, 0x0000, 0x0000, 0x4B89, 0x64AC, 0x64EC, 0x08A1, 0x0000, 0x3AE7, 0x96D2, 0x8E91, 0x650C, 0x43E8, 0x43C8, 0x0040, 0x08A1,   // 0x1460 (5216) pixels
0x0040, 0x0040, 0x0020, 0x0861, 0x0881, 0x0881, 0x0060, 0x0020, 0x3286, 0x5C8B, 0x5BEB, 0xD01A, 0xC819, 0xB656, 0xAFF5, 0xC7F8,   // 0x1470 (5232) pixels
0x1102, 0x0040, 0x0861, 0x0881, 0x0000, 0xB7F6, 0xA7F4, 0x9F93, 0x0000, 0x0861, 0x0060, 0x0060, 0x0000, 0x4BA9, 0x542A, 0x3B27,   // 0x1480 (5248) pixels
0x19C3, 0x2204, 0x0080, 0x08C1, 0x08C1, 0x0040, 0x0040, 0x0881, 0x08A1, 0x10A2, 0x0040, 0x0000, 0x3AC7, 0x8EB1, 0x8630, 0xAFF5,   // 0x1490 (5264) pixels
0xAFF5, 0xAFF5, 0x8610, 0x8EB1, 0x21A4, 0x0000, 0x1963, 0x5C8B, 0x5C6B, 0x32A6, 0x0020, 0x0000, 0xBFF7, 0xAFD5, 0xA794, 0x4368,   // 0x14A0 (5280) pixels
0x4BE9, 0x3AE7, 0x3AA7, 0x2A05, 0x0040, 0x0040, 0x2A05, 0x64CC, 0x64AC, 0x2204, 0x2A65, 0x2244, 0x0020, 0x0861, 0x0040, 0x0020,   // 0x14B0 (5296) pixels
0x0040, 0x0881, 0x0881, 0x0861, 0x0020, 0x0000, 0x96F2, 0x8630, 0x8650, 0xAFF5, 0xA7D4, 0xB7F6, 0xBFF7, 0x8650, 0x0000, 0x0000,   // 0x14C0 (5312) pixels
0x4B89, 0xBFF9, 0xC7F9, 0x0000, 0x0060, 0x752F, 0xC7F9, 0xC7F9, 0x7E51, 0x65EE, 0x550C, 0x2226, 0x2A87, 0x1A05, 0x0963, 0x0963,   // 0x14D0 (5328) pixels
0x11A4, 0x1A05, 0x2246, 0x2246, 0x530C, 0x4B0C, 0x2AA6, 0x2285, 0x2285, 0x19E4, 0x1A04, 0x1143, 0x0860, 0x0000, 0x5C6B, 0xAFD5,   // 0x14E0 (5344) pixels
0x96F2, 0x0881, 0x1102, 0x3B07, 0x4B89, 0x4BC9, 0x08C1, 0x0040, 0x3266, 0x6D2D, 0x650C, 0x6BED, 0x6B2D, 0x630C, 0x2845, 0x3086,   // 0x14F0 (5360) pixels
0x1082, 0x0080, 0x0881, 0x08A1, 0x08A1, 0x08A1, 0x0881, 0x0040, 0x2A25, 0x4BA9, 0x4B49, 0xA014, 0x9813, 0x9DD3, 0x9F93, 0xAFF5,   // 0x1500 (5376) pixels
0x1102, 0x0040, 0x1122, 0x2A25, 0x21C4, 0xBE77, 0xAE35, 0xA5D4, 0x0080, 0x1102, 0x08A1, 0x0881, 0x0000, 0x5C8B, 0x6D0D, 0x544A,   // 0x1510 (5392) pixels
0x3B27, 0x43A8, 0x0040, 0x08A1, 0x08A1, 0x0881, 0x0881, 0x08A1, 0x08A1, 0x08A1, 0x0881, 0x0040, 0x3286, 0x7DEF, 0x758E, 0x8630,   // 0x1520 (5408) pixels
0x8630, 0x8610, 0x7DEF, 0x8670, 0x2A05, 0x0881, 0x21C4, 0x5C6B, 0x5C6B, 0x32A6, 0x0040, 0x0000, 0xBFF7, 0xA7B4, 0xA794, 0x5C6B,   // 0x1530 (5424) pixels
0x650C, 0x3AA7, 0x2A05, 0x21A4, 0x0060, 0x0060, 0x21A4, 0x4BA9, 0x4BA9, 0x19C3, 0x21E4, 0x21E4, 0x21C4, 0x21A4, 0x21E4, 0x29E5,   // 0x1540 (5440) pixels
0x21A4, 0x10E2, 0x1102, 0x10C2, 0x0881, 0x0000, 0x8E91, 0x7DEF, 0x7DEF, 0x9F53, 0x9F53, 0x8E91, 0x8E71, 0x6CCD, 0x0000, 0x0040,   // 0x1550 (5456) pixels
0x3AC7, 0x96B2, 0x96D3, 0x0080, 0x00A0, 0x752F, 0xBFF8, 0xBFF8, 0x7E91, 0x6E2F, 0x5D2D, 0x2206, 0x2266, 0x1A05, 0x1164, 0x1184,   // 0x1560 (5472) pixels
0x0963, 0x1A05, 0x2286, 0x3268, 0xF9DF, 0xF19F, 0x8D53, 0x762F, 0x8670, 0x2B07, 0x2AE7, 0x19E5, 0x08A1, 0x0861, 0x4B69, 0x7DCF,   // 0x1570 (5488) pixels
0x758E, 0x5C6B, 0x64EC, 0x1102, 0x0000, 0x0000, 0x08A1, 0x10C2, 0x0060, 0x0000, 0x0000, 0x780F, 0xE01C, 0xD81B, 0xC819, 0xE01C,   // 0x1580 (5504) pixels
0x3887, 0x08C1, 0x10C2, 0x0060, 0x0060, 0x0881, 0x10C2, 0x10C2, 0x0861, 0x0020, 0x0020, 0x00C0, 0x0040, 0x5C8B, 0x75AE, 0x7E0F,   // 0x1590 (5520) pixels
0x1923, 0x0040, 0x53CA, 0xB7F6, 0xAFF5, 0xD81B, 0xD01A, 0xC819, 0x1282, 0x2A85, 0x1122, 0x08A1, 0x0000, 0x9F33, 0xAFF5, 0xAFF5,   // 0x15A0 (5536) pixels
0xB7F6, 0xC7F8, 0x0000, 0x0060, 0x0060, 0x10C2, 0x10C2, 0x0881, 0x0060, 0x0060, 0x10C2, 0x0881, 0x29E5, 0x540A, 0x542A, 0x0000,   // 0x15B0 (5552) pixels
0x0000, 0x0040, 0x8650, 0x7E0F, 0x4B49, 0x3A87, 0x4308, 0x540A, 0x542A, 0x32A6, 0x0881, 0x0000, 0xB7F6, 0x9F73, 0xA794, 0xB7F6,   // 0x15C0 (5568) pixels
0xBFF7, 0x2A25, 0x0000, 0x0060, 0x10C2, 0x10C2, 0x0881, 0x0020, 0x0000, 0x08A1, 0x0881, 0x10C2, 0x8ED1, 0x7E0F, 0xAFF5, 0xBFF7,   // 0x15D0 (5584) pixels
0x96D2, 0x19E3, 0x2A65, 0x21A4, 0x08A1, 0x0020, 0x8650, 0x75AE, 0x75AE, 0x7DEF, 0x8650, 0x1943, 0x0000, 0x0000, 0x10C2, 0x10C2,   // 0x15E0 (5600) pixels
0x0060, 0x0000, 0x0000, 0x19E4, 0x0942, 0x756F, 0xAFF6, 0xAFD6, 0x8712, 0x7EF1, 0x65AE, 0x11C4, 0x1A45, 0x1A05, 0x19A5, 0x19C5,   // 0x15F0 (5616) pixels
0x0963, 0x1A05, 0x2286, 0x3268, 0xE9BF, 0xE17E, 0x8D12, 0x760F, 0x7E30, 0x2AC7, 0x2286, 0x11A4, 0x0040, 0x0000, 0x4B89, 0x8650,   // 0x1600 (5632) pixels
0x7DEF, 0x5C4B, 0x64CC, 0x1142, 0x0060, 0x0060, 0x0861, 0x0861, 0x0060, 0x0040, 0x0040, 0x784F, 0xE03C, 0xD03A, 0xB817, 0xD01A,   // 0x1610 (5648) pixels
0x3066, 0x00A0, 0x08A1, 0x0020, 0x0020, 0x0060, 0x10C2, 0x10C2, 0x00A0, 0x0060, 0x0060, 0x08A1, 0x0020, 0x64AC, 0x7DEF, 0x8650,   // 0x1620 (5664) pixels
0x1923, 0x0040, 0x4B89, 0xAFF5, 0x9FF3, 0xD81B, 0xD83B, 0xC839, 0x1222, 0x2224, 0x1102, 0x08A1, 0x0000, 0x96F2, 0xA794, 0xA794,   // 0x1630 (5680) pixels
0xAFD5, 0xBFF7, 0x0000, 0x0060, 0x0060, 0x10C2, 0x10C2, 0x0881, 0x0060, 0x0060, 0x10C2, 0x0881, 0x2A05, 0x542A, 0x542A, 0x0000,   // 0x1640 (5696) pixels
0x0040, 0x08A1, 0x8670, 0x8630, 0x4B49, 0x3266, 0x3AE7, 0x4C09, 0x540A, 0x3286, 0x0040, 0x0000, 0xBFF7, 0xA7D4, 0xA7D4, 0xAFF5,   // 0x1650 (5712) pixels
0xBFF7, 0x2A45, 0x0020, 0x0881, 0x10C2, 0x10C2, 0x0881, 0x0020, 0x0020, 0x08A1, 0x0881, 0x10A2, 0x8650, 0x75AE, 0xA794, 0xB7F6,   // 0x1660 (5728) pixels
0x8E71, 0x1182, 0x2204, 0x1963, 0x0040, 0x0000, 0x8E91, 0x7DEF, 0x7DEF, 0x8650, 0x8EB1, 0x21E4, 0x0040, 0x0060, 0x0861, 0x0861,   // 0x1670 (5744) pixels
0x0860, 0x0040, 0x0020, 0x19E4, 0x0942, 0x756F, 0xAFF6, 0xAFD6, 0x8712, 0x7EF1, 0x65AE, 0x11C4, 0x2246, 0x1A05, 0x11A4, 0x19C5,   // 0x1680 (5760) pixels
0x1184, 0x1A05, 0x2266, 0x2A67, 0xE41E, 0xDBDD, 0x6C4E, 0x4C6A, 0x546A, 0x544C, 0x546C, 0x4BAA, 0x3AC7, 0x3AC7, 0x4B89, 0x5C2B,   // 0x1690 (5776) pixels
0x540A, 0x3AE7, 0x3B47, 0x40E8, 0x4849, 0x4829, 0x3AC7, 0x3B07, 0x3246, 0x1983, 0x19C3, 0x58EB, 0x9032, 0x9072, 0xBAB7, 0xC298,   // 0x16A0 (5792) pixels
0x41E8, 0x19C3, 0x21A4, 0x3AA7, 0x3AE7, 0x21E4, 0x0881, 0x08A1, 0x2885, 0x4869, 0x4068, 0x21E4, 0x1963, 0x6CED, 0x7DEF, 0x8650,   // 0x16B0 (5808) pixels
0x1102, 0x0020, 0x4348, 0x9F73, 0x9792, 0x9833, 0x98D3, 0x9112, 0x4C49, 0x544A, 0x1963, 0x0881, 0x0000, 0x9712, 0xA7B4, 0xA794,   // 0x16C0 (5824) pixels
0xA7B4, 0xB7F6, 0x0000, 0x0881, 0x0881, 0x08A1, 0x08A1, 0x0881, 0x0881, 0x0881, 0x08A1, 0x0861, 0x2A45, 0x64EC, 0x64CC, 0x3AA7,   // 0x16D0 (5840) pixels
0x3AE7, 0x3AE7, 0x64CC, 0x6CED, 0x3286, 0x21A4, 0x3286, 0x64EC, 0x64CC, 0x4BA9, 0x2A25, 0x2A05, 0x7DAF, 0x754E, 0x754E, 0x756E,   // 0x16E0 (5856) pixels
0x7DCF, 0x21A4, 0x0060, 0x0881, 0x08A1, 0x0881, 0x1983, 0x3AE7, 0x3AE7, 0x21A4, 0x21A4, 0x21E4, 0x75AE, 0x6D4D, 0x756E, 0x756E,   // 0x16F0 (5872) pixels
0x6D0D, 0x4BE9, 0x540A, 0x4B89, 0x3AC7, 0x3AC7, 0x5C4B, 0x542A, 0x542A, 0x5C4B, 0x5C8B, 0x4949, 0x4028, 0x4108, 0x3B27, 0x3AE7,   // 0x1700 (5888) pixels
0x3286, 0x19C4, 0x21E5, 0x1163, 0x0101, 0x754F, 0xB7F7, 0xB7D7, 0x86D1, 0x7690, 0x5D6D, 0x19E5, 0x2246, 0x1A05, 0x1184, 0x11A4,   // 0x1710 (5904) pixels
0x19A5, 0x1A05, 0x1A25, 0x2AA7, 0xCFFD, 0xCFFD, 0x2AC7, 0x0121, 0x00C0, 0xAFB6, 0xBFF8, 0xB7F7, 0xAFF5, 0xB7F6, 0x4BA9, 0x0000,   // 0x1720 (5920) pixels
0x0040, 0x0020, 0x0020, 0xB036, 0xE03C, 0xE01C, 0xAF75, 0xAFF5, 0x8E91, 0x5C4B, 0x64CC, 0x2244, 0x0020, 0x00E0, 0xB7F6, 0xAFF5,   // 0x1730 (5936) pixels
0x652C, 0x542A, 0x4BC9, 0xAFF5, 0xBFF7, 0x6D0D, 0x0000, 0x0060, 0x784F, 0xE83D, 0xD87B, 0x44A8, 0x540A, 0x75AE, 0x8610, 0x8E91,   // 0x1740 (5952) pixels
0x10E2, 0x0000, 0x3AA7, 0x8650, 0x8630, 0x09E1, 0x1A43, 0x22A4, 0xC7F8, 0xC7F8, 0x2A25, 0x0020, 0x0000, 0x9F33, 0xAFF5, 0xA7B4,   // 0x1750 (5968) pixels
0x9F73, 0xAFF5, 0x0000, 0x10C2, 0x10C2, 0x0060, 0x0060, 0x08A1, 0x10C2, 0x10C2, 0x0060, 0x0020, 0x3AC7, 0x8E91, 0x8610, 0xAFF5,   // 0x1760 (5984) pixels
0xAFF5, 0xA7D4, 0x21A4, 0x3266, 0x08C1, 0x0000, 0x21E4, 0x8EB1, 0x8630, 0x8630, 0x7E2F, 0x8EB1, 0x0000, 0x0020, 0x0020, 0x0000,   // 0x1770 (6000) pixels
0x0000, 0x0881, 0x10C2, 0x08A1, 0x0060, 0x0000, 0x4B89, 0xC7F8, 0xBFF7, 0x4BC9, 0x544A, 0x542A, 0x542A, 0x5C6B, 0x10E2, 0x0000,   // 0x1780 (6016) pixels
0x2A05, 0xC7F8, 0xB7F6, 0xB7F6, 0xAFF5, 0xBFF7, 0x0000, 0x0040, 0x0040, 0x0000, 0x0000, 0xA835, 0xE81D, 0xD23A, 0xA7F4, 0xAFF5,   // 0x1790 (6032) pixels
0x8EF2, 0x5CED, 0x6D8F, 0x0060, 0x0060, 0x752F, 0xC7F9, 0xC7F8, 0x7E51, 0x660E, 0x550C, 0x2226, 0x2A87, 0x1A05, 0x0963, 0x0963,   // 0x17A0 (6048) pixels
0x19A5, 0x1A05, 0x1A25, 0x2A87, 0xDFFF, 0xDFFF, 0x3308, 0x0961, 0x0100, 0xAFB6, 0xBFF8, 0xB7F7, 0xAFF5, 0xBFF7, 0x53CA, 0x0000,   // 0x17B0 (6064) pixels
0x0861, 0x0060, 0x0060, 0xA815, 0xD81B, 0xD81B, 0xA714, 0xA7F4, 0x7E0F, 0x4BA9, 0x542A, 0x21E4, 0x0020, 0x08E1, 0xB7F6, 0xAFF5,   // 0x17C0 (6080) pixels
0x650C, 0x4BC9, 0x4388, 0xAFD5, 0xBFF7, 0x6CED, 0x0000, 0x0060, 0x780F, 0xE01C, 0xC819, 0x33E6, 0x4368, 0x7DEF, 0x8EB1, 0x9F33,   // 0x17D0 (6096) pixels
0x10E2, 0x0000, 0x3306, 0x8710, 0x8710, 0x0921, 0x1182, 0x2204, 0xC7F8, 0xC7F8, 0x2A45, 0x0020, 0x0000, 0xAFF5, 0xBFF7, 0xB7F6,   // 0x17E0 (6112) pixels
0xB7F6, 0xBFF7, 0x0000, 0x0020, 0x0020, 0x0000, 0x0000, 0x0000, 0x0020, 0x0020, 0x0060, 0x0020, 0x3AC7, 0x8E91, 0x8610, 0xB7F6,   // 0x17F0 (6128) pixels
0xB7F6, 0xAFF5, 0x2144, 0x3206, 0x0861, 0x0000, 0x21A4, 0x8EB1, 0x8630, 0x8630, 0x7DEF, 0x8670, 0x0000, 0x0881, 0x0881, 0x0000,   // 0x1800 (6144) pixels
0x0000, 0x0881, 0x10C2, 0x08A1, 0x0060, 0x0000, 0x43A8, 0xB7F6, 0xAFF5, 0x4388, 0x4BE9, 0x4BE9, 0x53EA, 0x542A, 0x1142, 0x0000,   // 0x1810 (6160) pixels
0x3246, 0xB7F6, 0xAFD5, 0xA7B4, 0x9F73, 0xAFF5, 0x0000, 0x0841, 0x0861, 0x0060, 0x0060, 0xA054, 0xD81B, 0xC218, 0x9FF3, 0xA794,   // 0x1820 (6176) pixels
0x8651, 0x4C6C, 0x5D0E, 0x0000, 0x0000, 0x7D50, 0xD7FB, 0xD7FB, 0x86D2, 0x6E6F, 0x5D6D, 0x2226, 0x2A87, 0x1A05, 0x0963, 0x0963,   // 0x1830 (6192) pixels
0x0963, 0x1A05, 0x2A87, 0x2A87, 0x3C49, 0x3C49, 0x2285, 0x1A24, 0x19E4, 0x4C8A, 0x54EB, 0x2AC6, 0x0020, 0x0040, 0x3286, 0x544A,   // 0x1840 (6208) pixels
0x4BE9, 0x0861, 0x0020, 0x8650, 0xA7F4, 0xA7F4, 0x8630, 0x7DCF, 0x8EB1, 0xA7B4, 0xAFF5, 0x53CA, 0x0060, 0x18A3, 0xD01A, 0xC819,   // 0x1850 (6224) pixels
0x6B4D, 0x546A, 0x5C4B, 0x4BE9, 0x4C09, 0x3286, 0x0881, 0x0040, 0x5CAB, 0xA7F4, 0x9FD3, 0xAFF5, 0xBFF7, 0x21E4, 0x0000, 0x0040,   // 0x1860 (6240) pixels
0x08A1, 0x00C0, 0x584B, 0xC819, 0xC018, 0xAFF5, 0xAFF5, 0xA794, 0x1162, 0x2224, 0x10E2, 0x08A1, 0x10A2, 0x0040, 0x0020, 0x0040,   // 0x1870 (6256) pixels
0x0861, 0x0000, 0x8670, 0x7DEF, 0x7DEF, 0x8650, 0x8650, 0x7E0F, 0x7DEF, 0x8670, 0x1943, 0x0861, 0x2A05, 0x542A, 0x542A, 0x0000,   // 0x1880 (6272) pixels
0x0040, 0x10C2, 0xB7F6, 0xAFF5, 0x6D2D, 0x5C4B, 0x544A, 0x4BE9, 0x4BE9, 0x540A, 0x542A, 0x5C6B, 0x2204, 0x2A45, 0x2A65, 0x648C,   // 0x1890 (6288) pixels
0x64AC, 0x1963, 0x0040, 0x0881, 0x10C2, 0x00C0, 0x504A, 0xC819, 0xC819, 0x4CA9, 0x542A, 0x5C6B, 0xAFF5, 0xAFF5, 0x3266, 0x0040,   // 0x18A0 (6304) pixels
0x3266, 0xAFF5, 0x9F73, 0xA794, 0xAFD5, 0xB7F6, 0x43A8, 0x542A, 0x540A, 0x0861, 0x00C0, 0x9032, 0xC018, 0xB9F7, 0xA7F4, 0xAFD5,   // 0x18B0 (6320) pixels
0x9712, 0x75AE, 0x7DAE, 0x8F74, 0x9794, 0x3BA8, 0x0141, 0x0141, 0x1AA6, 0x2327, 0x22E7, 0x1A25, 0x2246, 0x1A05, 0x11A4, 0x19C5,   // 0x18C0 (6336) pixels
0x0963, 0x1A05, 0x2A87, 0x2A87, 0x4449, 0x444A, 0x22A5, 0x2224, 0x1A04, 0x4C6A, 0x4CCA, 0x32E6, 0x0861, 0x0861, 0x3266, 0x4C09,   // 0x18D0 (6352) pixels
0x4BA9, 0x0861, 0x0020, 0x8630, 0xA7D4, 0xA7B4, 0x8630, 0x8610, 0x96D2, 0xA7D4, 0xAFF5, 0x4BA9, 0x0020, 0x1082, 0xD81B, 0xD01A,   // 0x18E0 (6368) pixels
0x734E, 0x546A, 0x5C4B, 0x4BE9, 0x542A, 0x32A6, 0x0881, 0x0040, 0x5CCB, 0xA7F4, 0x9FF3, 0xAFF5, 0xBFF7, 0x21E4, 0x0000, 0x0020,   // 0x18F0 (6384) pixels
0x08A1, 0x00C0, 0x582B, 0xC819, 0xC018, 0xA7F4, 0xAFF5, 0xA794, 0x19A3, 0x2A65, 0x1102, 0x08A1, 0x10C2, 0x0060, 0x0060, 0x0881,   // 0x1900 (6400) pixels
0x08A1, 0x0020, 0x8EB1, 0x7E0F, 0x7E2F, 0x8E71, 0x8E71, 0x7DCF, 0x75AE, 0x8630, 0x10E2, 0x0040, 0x21E4, 0x540A, 0x542A, 0x0040,   // 0x1910 (6416) pixels
0x0881, 0x10E2, 0xB7F6, 0xAFF5, 0x6D2D, 0x5C4B, 0x542A, 0x4BA9, 0x4BA9, 0x540A, 0x5C8B, 0x64AC, 0x19A3, 0x19E3, 0x21E4, 0x5C4B,   // 0x1920 (6432) pixels
0x5C6B, 0x1943, 0x0040, 0x0881, 0x10C2, 0x00C0, 0x586B, 0xD81B, 0xD01A, 0x550A, 0x5C6B, 0x5C8B, 0xAFF5, 0xAFF5, 0x2A05, 0x0000,   // 0x1930 (6448) pixels
0x3246, 0xB7F6, 0xA7D4, 0xAFF5, 0xB7F6, 0xBFF7, 0x4368, 0x4BE9, 0x4BC9, 0x0000, 0x0060, 0x9813, 0xD01A, 0xC218, 0xB7F6, 0xB7F6,   // 0x1940 (6464) pixels
0x9F53, 0x75AE, 0x7DAE, 0x9794, 0x9FD5, 0x3BA8, 0x0100, 0x0121, 0x1A85, 0x2327, 0x22C7, 0x1A25, 0x1A45, 0x1A05, 0x11A4, 0x19C5,   // 0x1950 (6480) pixels
0x1184, 0x1A05, 0x2246, 0x2286, 0x4CEC, 0x4CEC, 0x2285, 0x11E3, 0x0982, 0x65AE, 0x7650, 0x43A9, 0x0040, 0x0040, 0x4B89, 0x8650,   // 0x1960 (6496) pixels
0x75AE, 0x0000, 0x0000, 0x8630, 0xAFD5, 0xAFF5, 0x6D0D, 0x64CC, 0x6D4D, 0x7DCF, 0x7E0F, 0x53EA, 0x2A45, 0x3266, 0x8130, 0x790F,   // 0x1970 (6512) pixels
0x5B8B, 0x542A, 0x540A, 0x542A, 0x5C4B, 0x32A6, 0x0040, 0x0060, 0x6A4D, 0xC3D8, 0xB3D6, 0x760E, 0x8610, 0x4328, 0x2A45, 0x32A6,   // 0x1980 (6528) pixels
0x08C1, 0x0060, 0x520A, 0xBC57, 0xB3B6, 0xA7F4, 0xA7B4, 0x9F53, 0x08C1, 0x1983, 0x08C1, 0x0881, 0x0881, 0x08A1, 0x08A1, 0x08A1,   // 0x1990 (6544) pixels
0x0881, 0x0040, 0x4B69, 0x4328, 0x4328, 0x4328, 0x3AC7, 0x7DEF, 0x96F2, 0x9F33, 0x3AC7, 0x2A25, 0x4368, 0x6D2D, 0x756E, 0x0000,   // 0x19A0 (6560) pixels
0x0881, 0x08C1, 0x9F73, 0x9712, 0x540A, 0x3AE7, 0x53EA, 0x8630, 0x8630, 0x5C6B, 0x2A05, 0x21E4, 0x756E, 0x6D0D, 0x6D2D, 0x7E0F,   // 0x19B0 (6576) pixels
0x8670, 0x21C4, 0x0861, 0x08A1, 0x0881, 0x00A0, 0x2885, 0x684D, 0x682D, 0x2284, 0x2A25, 0x3266, 0x9F33, 0x96F2, 0x64CC, 0x5C2B,   // 0x19C0 (6592) pixels
0x5C6B, 0x6CED, 0x6CED, 0x648C, 0x53EA, 0x53CA, 0x6D2D, 0x6D0D, 0x6D0D, 0x4328, 0x4388, 0x590B, 0x602C, 0x614C, 0x544A, 0x53EA,   // 0x19D0 (6608) pixels
0x5C6B, 0x6D4E, 0x6D6E, 0x43A9, 0x43C9, 0x5C8C, 0x6CEE, 0x6CEE, 0x54AC, 0x4CCB, 0x440A, 0x2226, 0x2266, 0x1A05, 0x1184, 0x1184,   // 0x19E0 (6624) pixels
0x11A4, 0x1A05, 0x1A25, 0x2266, 0x554D, 0x554E, 0x1A64, 0x0982, 0x0121, 0x86D2, 0x9794, 0x544B, 0x0000, 0x0000, 0x64AC, 0xBFF7,   // 0x19F0 (6640) pixels
0xA794, 0x0000, 0x0000, 0x8650, 0xAFF5, 0xB7F6, 0x542A, 0x4BC9, 0x53EA, 0x540A, 0x540A, 0x542A, 0x542A, 0x540A, 0x2A65, 0x2A85,   // 0x1A00 (6656) pixels
0x4BA9, 0x540A, 0x4BE9, 0x5C4B, 0x5C6B, 0x32A6, 0x0020, 0x0080, 0x782F, 0xE01C, 0xC819, 0x3C27, 0x4BA9, 0x5C4B, 0x5C6B, 0x64CC,   // 0x1A10 (6672) pixels
0x08C1, 0x0000, 0x4BA9, 0xB7F6, 0xA7F4, 0x9F73, 0xA794, 0x9F33, 0x0000, 0x08A1, 0x0881, 0x0060, 0x0060, 0x10C2, 0x10C2, 0x08A1,   // 0x1A20 (6688) pixels
0x0060, 0x0060, 0x0861, 0x0861, 0x0861, 0x0020, 0x0000, 0x8630, 0xB7F6, 0xB7F6, 0x5C6B, 0x4C09, 0x64EC, 0x8650, 0x8EB1, 0x0000,   // 0x1A30 (6704) pixels
0x0060, 0x08A1, 0x8E91, 0x8630, 0x3AE7, 0x19C3, 0x4BA9, 0xBFF7, 0xB7F6, 0x6CCD, 0x0000, 0x0000, 0xC7F8, 0xAFF5, 0xAFF5, 0xA7B4,   // 0x1A40 (6720) pixels
0xB7F6, 0x3246, 0x0881, 0x08A1, 0x0060, 0x0060, 0x0080, 0x00C0, 0x00C0, 0x0020, 0x0020, 0x0060, 0x8E91, 0x7DCF, 0x9F73, 0xAFF5,   // 0x1A50 (6736) pixels
0x8E71, 0x29C5, 0x3246, 0x1943, 0x0000, 0x0000, 0x96D2, 0x8610, 0x8630, 0x7E0F, 0x8670, 0x2204, 0x0080, 0x0080, 0x0000, 0x0000,   // 0x1A60 (6752) pixels
0x21C4, 0x5D0D, 0x652E, 0x0020, 0x0020, 0x7D4F, 0xCFFA, 0xCFFA, 0x86B1, 0x6E2F, 0x5D4D, 0x2226, 0x2A87, 0x1A05, 0x0963, 0x0963,   // 0x1A70 (6768) pixels
0x19A5, 0x1A05, 0x1A25, 0x2266, 0x554D, 0x554D, 0x1A64, 0x09A2, 0x0121, 0x86D2, 0x9794, 0x542B, 0x0000, 0x0000, 0x64CC, 0xC7F8,   // 0x1A80 (6784) pixels
0xAFD5, 0x0000, 0x0000, 0x8E51, 0xAFF5, 0xB7F6, 0x540A, 0x4BA9, 0x542A, 0x5C8B, 0x5C8B, 0x5C6B, 0x544A, 0x542A, 0x3A67, 0x3A87,   // 0x1A90 (6800) pixels
0x53EA, 0x544A, 0x542A, 0x542A, 0x5C6B, 0x3266, 0x0000, 0x0000, 0x780F, 0xE81D, 0xD05A, 0x44A8, 0x542A, 0x542A, 0x542A, 0x5C8B,   // 0x1AA0 (6816) pixels
0x0060, 0x0000, 0x4B89, 0xBFF7, 0xB7F6, 0xAFF5, 0xAFF5, 0xA794, 0x0000, 0x0040, 0x0060, 0x0060, 0x0060, 0x0841, 0x0040, 0x0040,   // 0x1AB0 (6832) pixels
0x0020, 0x0020, 0x0040, 0x0040, 0x0040, 0x0060, 0x0000, 0x8630, 0xAFF5, 0xB7F6, 0x542A, 0x4388, 0x64CC, 0x8E51, 0x96D2, 0x0000,   // 0x1AC0 (6848) pixels
0x0060, 0x08A1, 0x8F11, 0x86D0, 0x32E6, 0x1182, 0x4388, 0xB7F6, 0xB7F6, 0x6CED, 0x0000, 0x0000, 0xCFF9, 0xB7F6, 0xB7F6, 0xA794,   // 0x1AD0 (6864) pixels
0xAFF5, 0x29E5, 0x0000, 0x0060, 0x0060, 0x0060, 0x0060, 0x0040, 0x0040, 0x0020, 0x0020, 0x0060, 0x8EB1, 0x7DEF, 0xA794, 0xB7F6,   // 0x1AE0 (6880) pixels
0x8E91, 0x29E5, 0x3A87, 0x21A4, 0x0040, 0x0000, 0x9F13, 0x8E71, 0x8E71, 0x7E0F, 0x8E91, 0x2204, 0x00A0, 0x00A0, 0x0020, 0x0000,   // 0x1AF0 (6896) pixels
0x2205, 0x5D2E, 0x654E, 0x0060, 0x0060, 0x752F, 0xC7F9, 0xC7F9, 0x7E51, 0x65EE, 0x550C, 0x2226, 0x2A87, 0x1A05, 0x0963, 0x0963,   // 0x1B00 (6912) pixels
0x1184, 0x1A05, 0x2266, 0x2286, 0x5D6D, 0x5D6D, 0x2286, 0x19C3, 0x1163, 0x6DCF, 0x7E50, 0x542A, 0x1943, 0x1983, 0x3266, 0x4328,   // 0x1B10 (6928) pixels
0x3AE7, 0x0060, 0x0000, 0x75AE, 0x9732, 0x9712, 0x7DCF, 0x7DEF, 0x540A, 0x1983, 0x21C4, 0x21E4, 0x21E4, 0x21E4, 0x1122, 0x1122,   // 0x1B20 (6944) pixels
0x21C4, 0x21E4, 0x21A4, 0x5C8B, 0x64CC, 0x64AC, 0x5C6B, 0x5CAB, 0x62CC, 0x612C, 0x616C, 0x21E4, 0x21A4, 0x540A, 0x64CC, 0x64CC,   // 0x1B30 (6960) pixels
0x4BA9, 0x4B89, 0x4348, 0x4308, 0x4308, 0x4328, 0x4328, 0x4348, 0x5C8B, 0x64CC, 0x1963, 0x0881, 0x0040, 0x542A, 0x648C, 0x4BA9,   // 0x1B40 (6976) pixels
0x3266, 0x3266, 0x64AC, 0x5C6B, 0x5C4B, 0x0040, 0x0000, 0x758E, 0x9F33, 0x9712, 0x7DCF, 0x7DCF, 0x6D2D, 0x5C4B, 0x64CC, 0x0020,   // 0x1B50 (6992) pixels
0x08A1, 0x10A2, 0xAA55, 0x99F3, 0x746E, 0x652C, 0x758E, 0x9712, 0x9F53, 0x5C6B, 0x0020, 0x0040, 0x4B69, 0x4308, 0x4328, 0x9F73,   // 0x1B60 (7008) pixels
0x9F53, 0x6D0D, 0x5C6B, 0x4B69, 0x0040, 0x0861, 0x2A25, 0x64AC, 0x64AC, 0x3246, 0x3286, 0x32A6, 0x75AE, 0x758E, 0x4BA9, 0x4308,   // 0x1B70 (7024) pixels
0x4328, 0x4308, 0x4348, 0x2A25, 0x0861, 0x0861, 0x3AA7, 0x3266, 0x3266, 0x3286, 0x32C6, 0x60CC, 0x700E, 0x60CC, 0x32C6, 0x3286,   // 0x1B80 (7040) pixels
0x3B08, 0x4C0A, 0x544B, 0x08E2, 0x00C1, 0x6D2E, 0xA7F5, 0xA7B5, 0x86F2, 0x7EF1, 0x65AE, 0x19E5, 0x2266, 0x1A05, 0x1184, 0x11A4,   // 0x1B90 (7056) pixels
0x0963, 0x1A05, 0x2A87, 0x2AA7, 0x5D8D, 0x5D8D, 0x2AA6, 0x19E4, 0x19A4, 0x654D, 0x6DCE, 0x542A, 0x2A05, 0x3266, 0x1102, 0x0000,   // 0x1BA0 (7072) pixels
0x0000, 0x10C2, 0x0020, 0x6D4D, 0x8E91, 0x8670, 0x96D2, 0x9F33, 0x540A, 0x0000, 0x0020, 0x0060, 0x0881, 0x0881, 0x0060, 0x0060,   // 0x1BB0 (7088) pixels
0x0861, 0x0861, 0x0000, 0x64CC, 0x6D0D, 0x7DEF, 0x9F53, 0xA794, 0x544A, 0x19C3, 0x2204, 0x0861, 0x0020, 0x540A, 0x6D2D, 0x650C,   // 0x1BC0 (7104) pixels
0x756E, 0x7DAF, 0x4328, 0x0000, 0x0000, 0x0861, 0x0040, 0x08C1, 0x9F73, 0x9F53, 0x2A05, 0x0881, 0x0020, 0x8650, 0x9712, 0x758E,   // 0x1BD0 (7120) pixels
0x4BA9, 0x4BA9, 0x9732, 0x96F2, 0x8E91, 0x0000, 0x0020, 0x6D2D, 0x8EB1, 0x8690, 0x96F2, 0x9F33, 0x758E, 0x4328, 0x4BA9, 0x0861,   // 0x1BE0 (7136) pixels
0x08C1, 0x10A2, 0xB817, 0xA815, 0x9D53, 0x9752, 0x96F2, 0x8E91, 0x8EF1, 0x5C2B, 0x0040, 0x10C2, 0x0000, 0x0000, 0x0040, 0x9F73,   // 0x1BF0 (7152) pixels
0x96B2, 0x8EB1, 0x96F2, 0x6D2D, 0x0040, 0x0861, 0x4328, 0x9752, 0x9732, 0x4B89, 0x53CA, 0x53CA, 0x6D0D, 0x6D4D, 0x1963, 0x0000,   // 0x1C00 (7168) pixels
0x1923, 0x4BC9, 0x4BC9, 0x3266, 0x0881, 0x10C2, 0x0020, 0x0020, 0x0020, 0x0881, 0x0080, 0x8811, 0xB817, 0x98F3, 0x4C49, 0x53EA,   // 0x1C10 (7184) pixels
0x53CA, 0x4368, 0x4BC9, 0x1143, 0x1103, 0x652D, 0x97D3, 0x8F92, 0x8F53, 0x8F93, 0x6E0F, 0x11C4, 0x1A45, 0x1A05, 0x11A4, 0x19C5,   // 0x1C20 (7200) pixels
0x0963, 0x1A05, 0x2266, 0x2AA7, 0x5D8D, 0x5DAE, 0x2A86, 0x19C4, 0x11A3, 0x5CCC, 0x652D, 0x4BEA, 0x3225, 0x3266, 0x21A4, 0x1122,   // 0x1C30 (7216) pixels
0x1923, 0x0881, 0x0020, 0x6D4D, 0x8EB1, 0x8E91, 0x8EB1, 0x9712, 0x5C2B, 0x0861, 0x10E2, 0x08C1, 0x08A1, 0x08A1, 0x1863, 0x1843,   // 0x1C40 (7232) pixels
0x1943, 0x1963, 0x1923, 0x5C6B, 0x64AC, 0x6D2D, 0x8610, 0x8650, 0x4BA9, 0x21A4, 0x21C4, 0x0881, 0x0040, 0x540A, 0x6D2D, 0x6D0D,   // 0x1C50 (7248) pixels
0x6D2D, 0x756E, 0x4B69, 0x08C1, 0x1102, 0x08A1, 0x0881, 0x10E2, 0x9732, 0x9712, 0x29E5, 0x0881, 0x0000, 0x7E0F, 0x8ED1, 0x754E,   // 0x1C60 (7264) pixels
0x4B89, 0x4B89, 0x8670, 0x8650, 0x7DEF, 0x0881, 0x08A1, 0x64EC, 0x8630, 0x7DEF, 0x8650, 0x8E91, 0x6D2D, 0x4348, 0x4BC9, 0x0040,   // 0x1C70 (7280) pixels
0x08A1, 0x10A2, 0xB817, 0xA815, 0x8CF1, 0x8690, 0x8650, 0x7DCF, 0x7E0F, 0x4BC9, 0x0060, 0x0881, 0x1943, 0x1122, 0x1963, 0x9F53,   // 0x1C80 (7296) pixels
0x8EB1, 0x8E91, 0x8ED1, 0x6D0D, 0x0020, 0x0861, 0x42A8, 0x9612, 0x95D2, 0x53EA, 0x540A, 0x540A, 0x6D0D, 0x6D4D, 0x2A25, 0x1102,   // 0x1C90 (7312) pixels
0x21C4, 0x4348, 0x4348, 0x2A25, 0x0881, 0x08A1, 0x08A1, 0x08A1, 0x08A1, 0x08A1, 0x00A0, 0x78AF, 0xA895, 0x8951, 0x3B87, 0x4348,   // 0x1CA0 (7328) pixels
0x4348, 0x4328, 0x4368, 0x1123, 0x08E2, 0x652D, 0x9FD4, 0x9793, 0x8712, 0x8732, 0x6DCF, 0x19E5, 0x2246, 0x1A05, 0x11A4, 0x11A4,   // 0x1CB0 (7344) pixels
0x19A5, 0x1A05, 0x1A25, 0x2266, 0x7630, 0x7630, 0x2245, 0x0942, 0x0962, 0x1123, 0x08E2, 0x2A25, 0x4BC9, 0x4368, 0x7DAF, 0xA7B4,   // 0x1CC0 (7360) pixels
0x96F2, 0x0000, 0x0000, 0x756E, 0x96F2, 0x96D2, 0x8670, 0x8E91, 0x756E, 0x53EA, 0x5C4B, 0x2A05, 0x0040, 0x1062, 0xD03A, 0xC018,   // 0x1CD0 (7376) pixels
0x9DB3, 0x9752, 0x9F93, 0x3266, 0x29E5, 0x1102, 0x0000, 0x0000, 0x0040, 0x08A1, 0x08A1, 0x0060, 0x0000, 0x5C4B, 0x756E, 0x754E,   // 0x1CE0 (7392) pixels
0x64EC, 0x64EC, 0x6D4D, 0x7DCF, 0x8630, 0x0000, 0x0040, 0x08C1, 0x9F73, 0x9F53, 0x21C4, 0x0040, 0x0000, 0x8650, 0x9712, 0x756E,   // 0x1CF0 (7408) pixels
0x4328, 0x4368, 0x4B89, 0x4B69, 0x4B89, 0x4BA9, 0x4BE9, 0x3246, 0x21C4, 0x21A4, 0x3B07, 0x4328, 0x4368, 0x53CA, 0x5C0B, 0x0000,   // 0x1D00 (7424) pixels
0x0060, 0x0861, 0xC038, 0xB817, 0x5A8B, 0x3B67, 0x3266, 0x0000, 0x0020, 0x0040, 0x0060, 0x0000, 0xAFF5, 0x9F73, 0x9F53, 0x8670,   // 0x1D10 (7440) pixels
0x8670, 0x8EB1, 0x9712, 0x6D0D, 0x0000, 0x0060, 0x4829, 0xC018, 0xB817, 0x8F91, 0x8ED1, 0x8EB1, 0x6D2D, 0x754E, 0x754E, 0x758E,   // 0x1D20 (7456) pixels
0x542A, 0x0000, 0x0861, 0x0861, 0x0060, 0x0040, 0x3AA7, 0x3266, 0x3246, 0x0040, 0x0000, 0x546A, 0x762E, 0x544A, 0x0000, 0x0020,   // 0x1D30 (7472) pixels
0x0061, 0x08C2, 0x08A2, 0x00E1, 0x0060, 0x652D, 0xAFF6, 0xA7F5, 0x65AE, 0x550C, 0x4C6B, 0x2246, 0x2A87, 0x1A05, 0x0963, 0x0963,   // 0x1D40 (7488) pixels
0x11A4, 0x1A05, 0x1A25, 0x2266, 0x6E0F, 0x6E0F, 0x2245, 0x0942, 0x0962, 0x1183, 0x1163, 0x2A45, 0x4BA9, 0x4348, 0x756E, 0x9F33,   // 0x1D50 (7504) pixels
0x8E91, 0x0000, 0x0000, 0x758E, 0x9712, 0x96F2, 0x8EB1, 0x8ED1, 0x756E, 0x4B89, 0x540A, 0x29E5, 0x0040, 0x1062, 0xC839, 0xB817,   // 0x1D60 (7520) pixels
0x9532, 0x86B0, 0x96F2, 0x3286, 0x3246, 0x2184, 0x0040, 0x0060, 0x0881, 0x0881, 0x0881, 0x0060, 0x0000, 0x5C2B, 0x756E, 0x754E,   // 0x1D70 (7536) pixels
0x6D2D, 0x6D2D, 0x6D4D, 0x6D6D, 0x7DCF, 0x0000, 0x0020, 0x0881, 0x9F73, 0x9F53, 0x21C4, 0x0040, 0x0000, 0x8650, 0x9F13, 0x756E,   // 0x1D80 (7552) pixels
0x4348, 0x4B89, 0x53CA, 0x53CA, 0x53CA, 0x4B89, 0x4BA9, 0x3286, 0x2A45, 0x2A25, 0x4348, 0x4368, 0x4B69, 0x4BA9, 0x53EA, 0x0000,   // 0x1D90 (7568) pixels
0x0060, 0x0861, 0xC018, 0xB817, 0x62CC, 0x43C8, 0x3AC7, 0x0881, 0x10C2, 0x08A1, 0x0060, 0x0000, 0xA794, 0x96D2, 0x8EB1, 0x8670,   // 0x1DA0 (7584) pixels
0x8670, 0x96D2, 0x9F33, 0x6D2D, 0x0000, 0x0080, 0x4849, 0xB817, 0xB016, 0x8770, 0x8EB1, 0x8EB1, 0x754E, 0x756E, 0x6D0D, 0x6D2D,   // 0x1DB0 (7600) pixels
0x53EA, 0x0040, 0x08A1, 0x0881, 0x0040, 0x0020, 0x3266, 0x2A25, 0x2A25, 0x0040, 0x0000, 0x5C2B, 0x7DCF, 0x540A, 0x0000, 0x0020,   // 0x1DC0 (7616) pixels
0x0081, 0x08E3, 0x10E3, 0x00E1, 0x0060, 0x652D, 0xAFF6, 0xA7F5, 0x6DEF, 0x5D4D, 0x4CAB, 0x2246, 0x2A87, 0x1A05, 0x0963, 0x0963,   // 0x1DD0 (7632) pixels
0x11A4, 0x1A05, 0x2246, 0x2286, 0x7EB1, 0x7EB1, 0x2286, 0x1163, 0x09A2, 0x3948, 0x3908, 0x4228, 0x4BA9, 0x4368, 0x64AC, 0x7DCF,   // 0x1DE0 (7648) pixels
0x754E, 0x0060, 0x0060, 0x6CED, 0x8630, 0x8610, 0x6D2D, 0x6D2D, 0x5C4B, 0x4328, 0x4B69, 0x29E5, 0x08C1, 0x18E3, 0x9032, 0x8010,   // 0x1DF0 (7664) pixels
0x8D51, 0x8ED1, 0x9712, 0x2A25, 0x21C4, 0x1943, 0x0861, 0x0060, 0x1923, 0x21C4, 0x21A4, 0x0060, 0x0020, 0x5C2B, 0x754E, 0x754E,   // 0x1E00 (7680) pixels
0x540A, 0x4BE9, 0x63EC, 0x8410, 0x8410, 0x19C3, 0x21E4, 0x2A25, 0x9F33, 0x9F33, 0x21E4, 0x0040, 0x0000, 0x7DCF, 0x8EB1, 0x64EC,   // 0x1E10 (7696) pixels
0x3286, 0x3AC7, 0x4B69, 0x4348, 0x4348, 0x3AC7, 0x3AE7, 0x49E9, 0x49A9, 0x4969, 0x540A, 0x5C4B, 0x5C4B, 0x5C6B, 0x64CC, 0x0000,   // 0x1E20 (7712) pixels
0x0080, 0x0881, 0xA114, 0x98D3, 0x52AA, 0x4348, 0x3286, 0x0861, 0x08A1, 0x08A1, 0x0881, 0x0000, 0x9F73, 0x8EB1, 0x8EB1, 0x8E91,   // 0x1E30 (7728) pixels
0x8EB1, 0x7DCF, 0x7DCF, 0x5C4B, 0x0020, 0x0060, 0x4108, 0xB1D6, 0xA975, 0x656C, 0x6D2D, 0x6D0D, 0x540A, 0x540A, 0x64CC, 0x6D4D,   // 0x1E40 (7744) pixels
0x540A, 0x08A1, 0x1102, 0x1122, 0x1943, 0x1122, 0x3AA7, 0x3286, 0x3286, 0x0040, 0x0040, 0x4348, 0x5C4B, 0x4B89, 0x21C4, 0x2A05,   // 0x1E50 (7760) pixels
0x21A4, 0x1123, 0x1143, 0x0902, 0x00A1, 0x652D, 0xA7F5, 0xA7F5, 0x5D6D, 0x4C8B, 0x440A, 0x2246, 0x2266, 0x1A05, 0x1164, 0x1184,   // 0x1E60 (7776) pixels
0x0963, 0x1A05, 0x2A67, 0x2AC7, 0xAFF7, 0xA7F7, 0x3B28, 0x19C4, 0x1223, 0xA896, 0xB838, 0x89D1, 0x4BE9, 0x53EA, 0x3286, 0x1963,   // 0x1E70 (7792) pixels
0x21A4, 0x3266, 0x3246, 0x3B07, 0x4348, 0x4388, 0x0861, 0x0000, 0x10E2, 0x21E4, 0x21C4, 0x2A25, 0x3266, 0x2A45, 0x0040, 0x0000,   // 0x1E80 (7808) pixels
0x756E, 0x96F2, 0x9F73, 0x08C1, 0x0020, 0x0881, 0x10C2, 0x0861, 0x4348, 0x75AE, 0x6D0D, 0x0040, 0x0861, 0x540A, 0x6D0D, 0x756E,   // 0x1E90 (7824) pixels
0x08C1, 0x0040, 0x4809, 0xB016, 0xA815, 0x9FF3, 0x9F53, 0x9F33, 0x8670, 0x9712, 0x29E5, 0x0881, 0x0040, 0x5C8B, 0x6D2D, 0x3B07,   // 0x1EA0 (7840) pixels
0x0020, 0x0861, 0x21E4, 0x21C4, 0x21C4, 0x0841, 0x0080, 0x8811, 0xB016, 0xB016, 0x9E73, 0x9732, 0x96F2, 0x8EB1, 0x9F53, 0x0000,   // 0x1EB0 (7856) pixels
0x08A1, 0x10E2, 0x4408, 0x43E8, 0x3286, 0x2A25, 0x21A4, 0x0040, 0x0060, 0x0881, 0x10C2, 0x0020, 0x9732, 0x8670, 0x8670, 0x96D2,   // 0x1EC0 (7872) pixels
0x9F33, 0x3AC7, 0x1963, 0x1963, 0x08A1, 0x0861, 0x3B47, 0x8F71, 0x97B2, 0x0000, 0x0020, 0x0020, 0x0000, 0x0000, 0x540A, 0x758E,   // 0x1ED0 (7888) pixels
0x5C6B, 0x21C4, 0x2A05, 0x3AC7, 0x5C2B, 0x540A, 0x4B89, 0x4BA9, 0x4B89, 0x0861, 0x10C2, 0x0040, 0x0000, 0x21E4, 0xA7D4, 0xA794,   // 0x1EE0 (7904) pixels
0x6D2D, 0x21A4, 0x2A25, 0x1164, 0x1103, 0x652D, 0x97D3, 0x97F3, 0x3BC9, 0x2246, 0x2266, 0x1A25, 0x1A45, 0x1A05, 0x19A5, 0x19C5,   // 0x1EF0 (7920) pixels
0x0963, 0x1A05, 0x2A67, 0x32E8, 0xB7F8, 0xAFF8, 0x3B48, 0x19C4, 0x1223, 0xA896, 0xB838, 0x89F2, 0x544A, 0x5C2B, 0x3AE7, 0x21C4,   // 0x1F00 (7936) pixels
0x2A05, 0x3266, 0x3246, 0x4B69, 0x4BC9, 0x540A, 0x1102, 0x08A1, 0x1943, 0x2A05, 0x21E4, 0x2A25, 0x3266, 0x2A25, 0x0000, 0x0000,   // 0x1F10 (7952) pixels
0x754E, 0x96F2, 0x9F73, 0x0040, 0x0000, 0x0020, 0x10C2, 0x0861, 0x4328, 0x756E, 0x64CC, 0x0000, 0x0000, 0x5C4B, 0x758E, 0x7DEF,   // 0x1F20 (7968) pixels
0x1923, 0x00A0, 0x4869, 0xB016, 0xA815, 0x97F2, 0x9712, 0x9F33, 0x9712, 0x9FB3, 0x2A25, 0x0881, 0x0040, 0x6D0D, 0x7DCF, 0x4368,   // 0x1F30 (7984) pixels
0x0020, 0x0040, 0x2A45, 0x2A25, 0x2A05, 0x08A1, 0x00C0, 0x8811, 0xB016, 0xB016, 0x9EB3, 0x9F93, 0x9F53, 0x9712, 0xA7B4, 0x0000,   // 0x1F40 (8000) pixels
0x0000, 0x0020, 0x4368, 0x4348, 0x3286, 0x3266, 0x21E4, 0x0020, 0x0040, 0x0861, 0x10C2, 0x0020, 0x9F93, 0x8ED1, 0x8ED1, 0x9F73,   // 0x1F50 (8016) pixels
0xAFD5, 0x4368, 0x2204, 0x21C4, 0x08A1, 0x0861, 0x3B47, 0x8F91, 0x97D2, 0x0000, 0x0020, 0x0000, 0x0000, 0x0000, 0x5C4B, 0x8610,   // 0x1F60 (8032) pixels
0x648C, 0x1122, 0x1963, 0x3246, 0x53AA, 0x4BA9, 0x4BC9, 0x4BC9, 0x4BA9, 0x0861, 0x10C2, 0x0881, 0x0020, 0x2A25, 0xAFF5, 0xA7B4,   // 0x1F70 (8048) pixels
0x754E, 0x21C4, 0x2A25, 0x1164, 0x1103, 0x652D, 0x97D3, 0x97F3, 0x3BA9, 0x1A45, 0x2266, 0x1A25, 0x1A45, 0x1A05, 0x19A5, 0x19C5,   // 0x1F80 (8064) pixels
0x11A4, 0x1A05, 0x2246, 0x1A25, 0x2B07, 0x2B08, 0x11C3, 0x0962, 0x0982, 0x1964, 0x1964, 0x1103, 0x0881, 0x0881, 0x1983, 0x3246,   // 0x1F90 (8080) pixels
0x2A25, 0x0060, 0x0881, 0x10C2, 0x10C2, 0x10E2, 0x0881, 0x0060, 0x1943, 0x3246, 0x3246, 0x1943, 0x0060, 0x10E2, 0x9712, 0x8E71,   // 0x1FA0 (8096) pixels
0x8E91, 0x8E91, 0x8E91, 0x8E71, 0x96D2, 0x53EA, 0x0020, 0x0040, 0x3246, 0x53EA, 0x53CA, 0x64EC, 0x6D2D, 0x21C4, 0x10C2, 0x10E2,   // 0x1FB0 (8112) pixels
0x0861, 0x0080, 0x4869, 0xB837, 0xB817, 0x3C07, 0x4BA9, 0x4B69, 0x08A1, 0x1102, 0x0881, 0x0060, 0x0060, 0x10E2, 0x10C2, 0x29E5,   // 0x1FC0 (8128) pixels
0x4B89, 0x4B89, 0x0881, 0x10C2, 0x10C2, 0x0060, 0x0020, 0x5C0B, 0x752E, 0x7D6F, 0x1122, 0x08A1, 0x08C1, 0x10E2, 0x0881, 0x8ED1,   // 0x1FD0 (8144) pixels
0x8650, 0x8650, 0x8EB1, 0x9F33, 0x21E4, 0x0040, 0x10E2, 0x3246, 0x3246, 0x1963, 0x0060, 0x0000, 0x5C4B, 0x53EA, 0x4BA9, 0x0060,   // 0x1FE0 (8160) pixels
0x08C1, 0x08C1, 0x10C2, 0x08A1, 0x0060, 0x0060, 0x4869, 0xB897, 0xB016, 0x7ECF, 0x8650, 0x8650, 0x8E91, 0x96F2, 0x2A05, 0x0040,   // 0x1FF0 (8176) pixels
0x2A25, 0x9712, 0x8EB1, 0x7DEF, 0x64CC, 0x6D6D, 0x0861, 0x10C2, 0x10C2, 0x0060, 0x0060, 0x08A1, 0x08A1, 0x08A1, 0x08C1, 0x08A1,   // 0x2000 (8192) pixels
0x08C2, 0x1103, 0x1103, 0x0101, 0x0080, 0x652D, 0xA7F5, 0xA7F5, 0x65CE, 0x552C, 0x4C6B, 0x2246, 0x2A87, 0x1A05, 0x0963, 0x1184,   // 0x2010 (8208) pixels
0x19A5, 0x1A05, 0x1A45, 0x1A25, 0x22C6, 0x2AC7, 0x11A3, 0x0962, 0x0962, 0x1163, 0x1163, 0x08E2, 0x0040, 0x0040, 0x1983, 0x3266,   // 0x2020 (8224) pixels
0x2A25, 0x0000, 0x0000, 0x0881, 0x08A1, 0x08A1, 0x0060, 0x0060, 0x1943, 0x3266, 0x3266, 0x1102, 0x0000, 0x0881, 0xA7D4, 0x9F33,   // 0x2030 (8240) pixels
0x96F2, 0x8ED1, 0x8ED1, 0x9F33, 0xA794, 0x5C6B, 0x0000, 0x0040, 0x2A25, 0x53AA, 0x4BA9, 0x6D0D, 0x6D4D, 0x1943, 0x0020, 0x0861,   // 0x2040 (8256) pixels
0x0060, 0x0060, 0x4849, 0xC018, 0xC018, 0x3BE7, 0x4B89, 0x4348, 0x0040, 0x0881, 0x0861, 0x0060, 0x0060, 0x0881, 0x0861, 0x21C4,   // 0x2050 (8272) pixels
0x4BC9, 0x4BE9, 0x0040, 0x08A1, 0x08A1, 0x0060, 0x0000, 0x5C6B, 0x7DCF, 0x7E0F, 0x00C0, 0x0040, 0x0080, 0x08A1, 0x0000, 0x9F53,   // 0x2060 (8288) pixels
0x8EB1, 0x8EB1, 0x96D2, 0x9F73, 0x21C4, 0x0000, 0x08A1, 0x2A25, 0x2A25, 0x1943, 0x0020, 0x0000, 0x5C2B, 0x53CA, 0x4BA9, 0x0000,   // 0x2070 (8304) pixels
0x0040, 0x0881, 0x0881, 0x0881, 0x0060, 0x0060, 0x4849, 0xC018, 0xB817, 0x8770, 0x8EB1, 0x8EB1, 0x9F33, 0xA7D4, 0x2A05, 0x0000,   // 0x2080 (8320) pixels
0x2A25, 0xA7B4, 0x9F53, 0x8670, 0x6D2D, 0x75AE, 0x0000, 0x0861, 0x0861, 0x0060, 0x0060, 0x0881, 0x0881, 0x0881, 0x0040, 0x0040,   // 0x2090 (8336) pixels
0x0081, 0x08C2, 0x08C2, 0x00A1, 0x0020, 0x654D, 0xA7F5, 0xA7F5, 0x662E, 0x556C, 0x4CAB, 0x2246, 0x2A87, 0x1A05, 0x0963, 0x0963,   // 0x20A0 (8352) pixels
0x1184, 0x1A05, 0x2266, 0x2246, 0x2286, 0x2286, 0x19C4, 0x11A3, 0x1183, 0x2A86, 0x2AA6, 0x19C4, 0x0861, 0x0881, 0x1102, 0x1963,   // 0x20B0 (8368) pixels
0x2184, 0x4B69, 0x4368, 0x21A4, 0x1923, 0x1943, 0x08A1, 0x0881, 0x1943, 0x2A25, 0x2A05, 0x3AA7, 0x4348, 0x4348, 0x64CC, 0x64AC,   // 0x20C0 (8384) pixels
0x540A, 0x53EA, 0x53EA, 0x540A, 0x5C2B, 0x3286, 0x0060, 0x0040, 0x3B07, 0x6D2D, 0x6CED, 0x7DCF, 0x7DEF, 0x53CA, 0x4328, 0x4B89,   // 0x20D0 (8400) pixels
0x08C1, 0x0060, 0x3907, 0x89D1, 0x8991, 0x3306, 0x3AE7, 0x3AC7, 0x1102, 0x1943, 0x08C1, 0x0881, 0x0861, 0x21C4, 0x29E5, 0x3266,   // 0x20E0 (8416) pixels
0x3B07, 0x4308, 0x1102, 0x1943, 0x1943, 0x0881, 0x0060, 0x3286, 0x4328, 0x4368, 0x508A, 0x504A, 0x3066, 0x00A0, 0x0000, 0x8E91,   // 0x20F0 (8432) pixels
0x7DEF, 0x7DEF, 0x8EB1, 0x9712, 0x3AE7, 0x21A4, 0x3266, 0x5C4B, 0x5C2B, 0x4328, 0x21C4, 0x21C4, 0x4308, 0x3B07, 0x3AE7, 0x0040,   // 0x2100 (8448) pixels
0x0861, 0x21A4, 0x2A05, 0x2184, 0x0861, 0x0080, 0x3907, 0x89D1, 0x8130, 0x7E6F, 0x7DEF, 0x7DEF, 0x4BC9, 0x5C4B, 0x1963, 0x0040,   // 0x2110 (8464) pixels
0x1963, 0x5C4B, 0x540A, 0x4BA9, 0x4308, 0x4328, 0x3286, 0x32A6, 0x3286, 0x0060, 0x0060, 0x2A25, 0x3AC7, 0x2A05, 0x0060, 0x0861,   // 0x2120 (8480) pixels
0x1963, 0x3AE7, 0x32A7, 0x3B48, 0x3307, 0x7C30, 0xACD6, 0xACD6, 0x9433, 0x8BF3, 0x7390, 0x1A45, 0x2266, 0x1A05, 0x1184, 0x1184,   // 0x2130 (8496) pixels
0x0963, 0x1A05, 0x2A87, 0x2286, 0x1224, 0x1224, 0x1A05, 0x2205, 0x19C4, 0x4C0A, 0x4C6A, 0x32A6, 0x0881, 0x10C2, 0x0881, 0x0040,   // 0x2140 (8512) pixels
0x08C1, 0xA7D4, 0xA794, 0x4328, 0x21E4, 0x2A25, 0x10C2, 0x08A1, 0x1943, 0x2A05, 0x21A4, 0x64EC, 0xA794, 0x96D2, 0x1122, 0x21C4,   // 0x2150 (8528) pixels
0x08A1, 0x0040, 0x0861, 0x0000, 0x0000, 0x0040, 0x10C2, 0x0861, 0x540A, 0x9712, 0x8EB1, 0x96F2, 0x96F2, 0x96D2, 0x8EF1, 0x9F73,   // 0x2160 (8544) pixels
0x1943, 0x0881, 0x21E4, 0x43E8, 0x43C8, 0x2A05, 0x2A25, 0x2A25, 0x2A05, 0x2A25, 0x1102, 0x08A1, 0x0861, 0x4368, 0x4BC9, 0x4308,   // 0x2170 (8560) pixels
0x2A05, 0x2A25, 0x2A05, 0x2A05, 0x2A05, 0x08A1, 0x10C2, 0x0040, 0x0020, 0x0020, 0xA835, 0xC038, 0x704E, 0x0060, 0x0000, 0x7DAF,   // 0x2180 (8576) pixels
0x6D2D, 0x6D2D, 0x8E91, 0x8EB1, 0x648C, 0x53CA, 0x64AC, 0x9712, 0x96F2, 0x75AE, 0x53CA, 0x5C2B, 0x21A4, 0x21E4, 0x21C4, 0x08A1,   // 0x2190 (8592) pixels
0x0881, 0x3B07, 0x4BE9, 0x3AE7, 0x0881, 0x0881, 0x21E4, 0x43E8, 0x3B87, 0x756E, 0x6D2D, 0x6D0D, 0x0000, 0x0000, 0x0881, 0x10C2,   // 0x21A0 (8608) pixels
0x0881, 0x0000, 0x0000, 0x0020, 0x0861, 0x0000, 0x7DCF, 0x6D4D, 0x6D2D, 0x0040, 0x0861, 0x542A, 0x758E, 0x542A, 0x0861, 0x0881,   // 0x21B0 (8624) pixels
0x3286, 0x758E, 0x6D2D, 0x8671, 0x7EB0, 0x9AD4, 0xB057, 0xA876, 0xC9BA, 0xD21C, 0xA216, 0x1224, 0x1A45, 0x1A05, 0x11A4, 0x19C5,   // 0x21C0 (8640) pixels
0x0963, 0x1A05, 0x2A87, 0x2286, 0x0A23, 0x0A43, 0x1A04, 0x2205, 0x19C4, 0x43A9, 0x4C0A, 0x2A86, 0x0881, 0x10C2, 0x08A1, 0x0040,   // 0x21D0 (8656) pixels
0x10E2, 0xA7D4, 0xA794, 0x3B27, 0x19E3, 0x2244, 0x08A1, 0x0861, 0x1102, 0x21C4, 0x1963, 0x64CC, 0xA794, 0x96F2, 0x1983, 0x2A25,   // 0x21E0 (8672) pixels
0x1102, 0x08A1, 0x10C2, 0x0020, 0x0000, 0x0040, 0x10C2, 0x0861, 0x540A, 0x9712, 0x8EB1, 0x9F33, 0x9F33, 0x96F2, 0x8EF1, 0x9F73,   // 0x21F0 (8688) pixels
0x1943, 0x0881, 0x21C4, 0x4368, 0x4368, 0x21C4, 0x29E5, 0x29E5, 0x21A4, 0x21E4, 0x10E2, 0x08A1, 0x0861, 0x4348, 0x4B89, 0x3B07,   // 0x2200 (8704) pixels
0x3246, 0x3266, 0x21A4, 0x21C4, 0x21C4, 0x08A1, 0x10C2, 0x0060, 0x0040, 0x0040, 0xA014, 0xB817, 0x680D, 0x0040, 0x0000, 0x8630,   // 0x2210 (8720) pixels
0x758E, 0x758E, 0x8ED1, 0x96F2, 0x648C, 0x53CA, 0x64AC, 0x9732, 0x9712, 0x75AE, 0x53CA, 0x5C2B, 0x21A4, 0x21E4, 0x21C4, 0x0861,   // 0x2220 (8736) pixels
0x0040, 0x3AC7, 0x4BA9, 0x3AC7, 0x0881, 0x0881, 0x21C4, 0x4BA9, 0x4348, 0x758E, 0x756E, 0x6D2D, 0x0000, 0x0060, 0x08A1, 0x10C2,   // 0x2230 (8752) pixels
0x08A1, 0x0040, 0x0040, 0x0861, 0x10C2, 0x0040, 0x758E, 0x6D2D, 0x6CED, 0x0040, 0x0861, 0x4C29, 0x6DAD, 0x4C09, 0x0020, 0x0040,   // 0x2240 (8768) pixels
0x3266, 0x758E, 0x6D2D, 0x7E30, 0x766F, 0x9AF4, 0xB0B7, 0xA8D6, 0xC9FB, 0xDA5D, 0xA236, 0x1224, 0x1A45, 0x1A05, 0x11A4, 0x19C5,   // 0x2250 (8784) pixels
0x1184, 0x1A05, 0x2266, 0x2A47, 0x8232, 0x8252, 0x29C6, 0x11A3, 0x0942, 0x5CEC, 0x6D6E, 0x3B28, 0x0040, 0x0881, 0x08A1, 0x0881,   // 0x2260 (8800) pixels
0x08C1, 0x4B89, 0x3B67, 0x696D, 0x70EE, 0x78EF, 0x3226, 0x2A25, 0x3AE7, 0x53EA, 0x53CA, 0x4B89, 0x4348, 0x4328, 0x1102, 0x1943,   // 0x2270 (8816) pixels
0x08C1, 0x0881, 0x0040, 0x4BC9, 0x5C2B, 0x3286, 0x0060, 0x0040, 0x3B07, 0x6D2D, 0x64EC, 0x3B07, 0x4328, 0x4348, 0x4348, 0x4B89,   // 0x2280 (8832) pixels
0x08C1, 0x0040, 0x3286, 0x75AE, 0x756E, 0x5C8B, 0x64AC, 0x648C, 0x4BA9, 0x540A, 0x1943, 0x0881, 0x0040, 0x4368, 0x53CA, 0x32A6,   // 0x2290 (8848) pixels
0x1102, 0x1102, 0x542A, 0x53CA, 0x4BA9, 0x0040, 0x0861, 0x21E4, 0x3266, 0x2224, 0x9392, 0xA3D4, 0x6B2D, 0x2A25, 0x2A45, 0x32A6,   // 0x22A0 (8864) pixels
0x3286, 0x32A6, 0x6D2D, 0x6D2D, 0x3286, 0x21C4, 0x2A45, 0x4368, 0x4348, 0x3AA7, 0x21C4, 0x21C4, 0x4308, 0x3AE7, 0x3AE7, 0x2A25,   // 0x22B0 (8880) pixels
0x2A25, 0x4348, 0x4BC9, 0x3AC7, 0x0040, 0x0861, 0x21C4, 0x53CA, 0x4B89, 0x5C4B, 0x5C4B, 0x542A, 0x0020, 0x08A1, 0x0881, 0x0881,   // 0x22C0 (8896) pixels
0x1102, 0x3266, 0x3266, 0x21A4, 0x0861, 0x0020, 0x64CC, 0x5C4B, 0x5C2B, 0x0020, 0x0060, 0x71EE, 0x9A73, 0x7A4F, 0x2244, 0x2A45,   // 0x22D0 (8912) pixels
0x3266, 0x32C7, 0x2A66, 0x760F, 0x6E0E, 0x9AF4, 0xB918, 0xC138, 0x7A10, 0x624E, 0x524C, 0x1A65, 0x2266, 0x1A05, 0x1184, 0x1184,   // 0x22E0 (8928) pixels
0x19A5, 0x1A05, 0x1A45, 0x2A27, 0xE23E, 0xE23E, 0x3188, 0x0962, 0x00E1, 0x75CF, 0x8691, 0x4BA9, 0x0000, 0x0040, 0x0881, 0x08A1,   // 0x22F0 (8944) pixels
0x0881, 0x0000, 0x0020, 0x9032, 0xB837, 0xC018, 0x536A, 0x4388, 0x5C6B, 0x758E, 0x7DCF, 0x3286, 0x0000, 0x0020, 0x08A1, 0x08A1,   // 0x2300 (8960) pixels
0x0060, 0x0060, 0x0000, 0x8E91, 0xA794, 0x5C4B, 0x0000, 0x0040, 0x2A25, 0x53CA, 0x4368, 0x0000, 0x0000, 0x0040, 0x0861, 0x0861,   // 0x2310 (8976) pixels
0x0060, 0x0020, 0x4328, 0x9F73, 0x9712, 0x8ED1, 0x8ED1, 0x8EB1, 0x754E, 0x7DEF, 0x2184, 0x0040, 0x0020, 0x4B89, 0x540A, 0x3246,   // 0x2320 (8992) pixels
0x0000, 0x0000, 0x8610, 0x758E, 0x754E, 0x0000, 0x0000, 0x4328, 0x540A, 0x4BA9, 0x86B0, 0x8F11, 0x75AE, 0x53CA, 0x5C4B, 0x0000,   // 0x2330 (9008) pixels
0x0000, 0x0040, 0x53EA, 0x53EA, 0x1102, 0x0020, 0x0040, 0x0861, 0x0861, 0x0040, 0x0020, 0x0000, 0x5C4B, 0x53CA, 0x53CA, 0x4BA9,   // 0x2340 (9024) pixels
0x4BA9, 0x53CA, 0x53EA, 0x3AE7, 0x0020, 0x0040, 0x21C4, 0x540A, 0x53CA, 0x4348, 0x4368, 0x4348, 0x0841, 0x08A1, 0x0881, 0x0040,   // 0x2350 (9040) pixels
0x1963, 0x5C4B, 0x5C2B, 0x3286, 0x0020, 0x0000, 0x5C2B, 0x53CA, 0x4BA9, 0x0000, 0x0080, 0x8811, 0xC018, 0x98F3, 0x43E8, 0x4BC9,   // 0x2360 (9056) pixels
0x3286, 0x0082, 0x0021, 0x760F, 0x65CD, 0x9B14, 0xC139, 0xD15A, 0x3A08, 0x0222, 0x1244, 0x2A87, 0x2A87, 0x1A05, 0x0963, 0x0963,   // 0x2370 (9072) pixels
0x11A4, 0x1A05, 0x1A45, 0x2A27, 0xD29C, 0xD29C, 0x31A7, 0x0962, 0x0101, 0x6D8E, 0x7E30, 0x4BA9, 0x0060, 0x08A1, 0x10C2, 0x10E2,   // 0x2380 (9088) pixels
0x10E2, 0x0060, 0x0080, 0x8851, 0xA855, 0xB016, 0x534A, 0x4368, 0x5C2B, 0x6D2D, 0x756E, 0x3286, 0x0040, 0x0881, 0x10E2, 0x10C2,   // 0x2390 (9104) pixels
0x08C1, 0x08A1, 0x0020, 0x8650, 0x9F33, 0x542A, 0x0000, 0x0040, 0x3266, 0x540A, 0x4BA9, 0x0040, 0x08A1, 0x08A1, 0x08A1, 0x10C2,   // 0x23A0 (9120) pixels
0x0881, 0x0020, 0x3B07, 0x9712, 0x8EB1, 0x8670, 0x8670, 0x8650, 0x6CED, 0x756E, 0x1983, 0x0040, 0x0020, 0x4348, 0x53CA, 0x3246,   // 0x23B0 (9136) pixels
0x0060, 0x0040, 0x758E, 0x6D2D, 0x64CC, 0x0040, 0x0080, 0x42E8, 0x53AA, 0x4B49, 0x7E0F, 0x8E91, 0x6D4D, 0x4B69, 0x53CA, 0x0060,   // 0x23C0 (9152) pixels
0x08A1, 0x10E2, 0x53EA, 0x53EA, 0x1923, 0x0060, 0x0881, 0x10C2, 0x10C2, 0x08C1, 0x08C1, 0x0060, 0x540A, 0x4BA9, 0x4BA9, 0x4368,   // 0x23D0 (9168) pixels
0x4368, 0x4B89, 0x4BA9, 0x3AC7, 0x0040, 0x0040, 0x21C4, 0x53EA, 0x4BA9, 0x4BA9, 0x4BA9, 0x4B89, 0x08A1, 0x1102, 0x0881, 0x0040,   // 0x23E0 (9184) pixels
0x1943, 0x53CA, 0x53CA, 0x3266, 0x0060, 0x0040, 0x53EA, 0x4BA9, 0x4B89, 0x0020, 0x0080, 0x8050, 0xB036, 0x9112, 0x3BA7, 0x4B89,   // 0x23F0 (9200) pixels
0x3266, 0x08C2, 0x0061, 0x6DCE, 0x5D8C, 0x9B34, 0xC199, 0xC9BA, 0x422A, 0x1264, 0x1A65, 0x2A67, 0x2A87, 0x1A05, 0x0963, 0x1184,   // 0x2400 (9216) pixels
0x0963, 0x1A05, 0x2A67, 0x2AE7, 0x9FF5, 0x9FF5, 0x3348, 0x19C4, 0x21E5, 0x2225, 0x19E4, 0x546B, 0xA7B4, 0x9F73, 0x9F53, 0x9732,   // 0x2410 (9232) pixels
0x8EB1, 0x0020, 0x10C2, 0x0080, 0x0080, 0x0020, 0x4B89, 0x53EA, 0x3AC7, 0x1983, 0x21A4, 0x1122, 0x08A1, 0x10E2, 0x540A, 0x4388,   // 0x2420 (9248) pixels
0x8EB1, 0xA794, 0x9F73, 0x8E91, 0x8ED1, 0x540A, 0x0841, 0x0861, 0x540A, 0x9732, 0x8EB1, 0x53CA, 0x5C6B, 0x1943, 0x0040, 0x0060,   // 0x2430 (9264) pixels
0x10C2, 0x08A1, 0x21C4, 0x4348, 0x3B07, 0x4B69, 0x4B89, 0x4348, 0x0000, 0x0000, 0x0881, 0x10C2, 0x10C2, 0x0020, 0x0000, 0x21C4,   // 0x2440 (9280) pixels
0x5C4B, 0x5C6B, 0x0000, 0x0000, 0x0040, 0xAFF5, 0x9FF3, 0xA975, 0xB016, 0xB817, 0x3186, 0x21E4, 0x1102, 0x0000, 0x0000, 0xAFF5,   // 0x2450 (9296) pixels
0xA794, 0x9F33, 0x1943, 0x21E4, 0x10E2, 0x08A1, 0x1102, 0x2A25, 0x21E4, 0x5C4B, 0xA7D4, 0xA7D4, 0x3B07, 0x4368, 0x4368, 0x29E5,   // 0x2460 (9312) pixels
0x3246, 0x0881, 0x0000, 0x0040, 0x10C2, 0x08A1, 0x21C4, 0x4BA9, 0x3B07, 0xA794, 0x9712, 0x9F33, 0x9712, 0x9FB3, 0x3246, 0x0881,   // 0x2470 (9328) pixels
0x0881, 0x0000, 0x0000, 0x21A4, 0x5C4B, 0x646C, 0x0000, 0x0020, 0x0020, 0x10C2, 0x10C2, 0x0080, 0x0080, 0x0060, 0x0861, 0x0861,   // 0x2480 (9344) pixels
0x0861, 0x0060, 0x0040, 0x1123, 0x0081, 0x5D6C, 0x97F3, 0x8FF2, 0x7690, 0x7630, 0x5D2D, 0x19E5, 0x1A45, 0x1A05, 0x19A5, 0x19C5,   // 0x2490 (9360) pixels
0x0963, 0x1A05, 0x2A67, 0x32E8, 0xAFF7, 0xAFF7, 0x3B48, 0x19C4, 0x21E5, 0x2225, 0x19E4, 0x546B, 0xA794, 0x9F53, 0x9732, 0x9712,   // 0x24A0 (9376) pixels
0x8E91, 0x0000, 0x0040, 0x0000, 0x0000, 0x0000, 0x4BA9, 0x5C2B, 0x4328, 0x21C4, 0x2A05, 0x1102, 0x0000, 0x0861, 0x53EA, 0x4348,   // 0x24B0 (9392) pixels
0x8E71, 0x9F73, 0x9F53, 0x8ED1, 0x9712, 0x5C2B, 0x0841, 0x0861, 0x540A, 0x9712, 0x8E91, 0x4348, 0x53EA, 0x1122, 0x0040, 0x0060,   // 0x24C0 (9408) pixels
0x10C2, 0x08A1, 0x21C4, 0x4368, 0x4328, 0x4B89, 0x4B89, 0x4B69, 0x0020, 0x0060, 0x0861, 0x0861, 0x0861, 0x0000, 0x0000, 0x1983,   // 0x24D0 (9424) pixels
0x53EA, 0x53EA, 0x0000, 0x0000, 0x0040, 0xAFF5, 0x9FF3, 0xA955, 0xA815, 0xB817, 0x3A07, 0x3266, 0x1943, 0x0000, 0x0000, 0xA794,   // 0x24E0 (9440) pixels
0x96D2, 0x8E91, 0x1943, 0x21E4, 0x10E2, 0x08A1, 0x10E2, 0x21A4, 0x1943, 0x53EA, 0xA7B4, 0xA7B4, 0x3AE7, 0x4348, 0x4348, 0x2A25,   // 0x24F0 (9456) pixels
0x3266, 0x0881, 0x0000, 0x0000, 0x0040, 0x0000, 0x1963, 0x4368, 0x3AC7, 0xA7B4, 0x9F53, 0x9F53, 0x8EB1, 0x9752, 0x2A25, 0x0881,   // 0x2500 (9472) pixels
0x0881, 0x0000, 0x0000, 0x1983, 0x5C2B, 0x5C4B, 0x0000, 0x0000, 0x0020, 0x10C2, 0x10C2, 0x0881, 0x0060, 0x0881, 0x10C2, 0x10C2,   // 0x2510 (9488) pixels
0x0881, 0x0020, 0x0000, 0x19A4, 0x1103, 0x652D, 0x97D3, 0x97B3, 0x7650, 0x6DEF, 0x5D0D, 0x19E5, 0x1A45, 0x1A05, 0x19A5, 0x19C5,   // 0x2520 (9504) pixels
0x11A4, 0x1A05, 0x2246, 0x2266, 0x442A, 0x442B, 0x1A04, 0x1183, 0x0942, 0x5CEC, 0x6D6E, 0x4BC9, 0x21C4, 0x29E5, 0x2A05, 0x2A05,   // 0x2530 (9520) pixels
0x3246, 0x756E, 0x6D2D, 0x5C4B, 0x540A, 0x5C6B, 0x1963, 0x1122, 0x21A4, 0x2A25, 0x2A05, 0x53CA, 0x6D4D, 0x6CED, 0x3246, 0x3286,   // 0x2540 (9536) pixels
0x2A05, 0x29E5, 0x21C4, 0x5C2B, 0x64AC, 0x3AC7, 0x0040, 0x0040, 0x32A6, 0x64AC, 0x5C6B, 0x64AC, 0x6D0D, 0x2184, 0x0881, 0x08A1,   // 0x2550 (9552) pixels
0x0881, 0x0040, 0x3AC7, 0x8650, 0x7DEF, 0x7DCF, 0x7DEF, 0x758E, 0x0020, 0x0861, 0x4348, 0x540A, 0x53EA, 0x540A, 0x540A, 0x5C4B,   // 0x2560 (9568) pixels
0x64CC, 0x64AC, 0x754E, 0x754E, 0x6D0D, 0x21A4, 0x21C4, 0x6B8D, 0x8410, 0x8430, 0x3226, 0x21E4, 0x3AE7, 0x5C2B, 0x53CA, 0x96F2,   // 0x2570 (9584) pixels
0x8E91, 0x8E71, 0x3AE7, 0x4B89, 0x1122, 0x0040, 0x21E4, 0x8610, 0x7DCF, 0x542A, 0x21C4, 0x21A4, 0x6D2D, 0x64EC, 0x64AC, 0x21C4,   // 0x2580 (9600) pixels
0x21E4, 0x4B89, 0x542A, 0x5C4B, 0x6D2D, 0x6D0D, 0x756E, 0x8610, 0x8650, 0x1983, 0x21E4, 0x2A05, 0x64AC, 0x64CC, 0x1963, 0x0020,   // 0x2590 (9616) pixels
0x21C4, 0x75AE, 0x756E, 0x542A, 0x2A25, 0x2A45, 0x5C4B, 0x5C2B, 0x540A, 0x0020, 0x0881, 0x08A1, 0x08A1, 0x08A1, 0x0881, 0x0060,   // 0x25A0 (9632) pixels
0x1984, 0x4349, 0x4369, 0x00E1, 0x00A1, 0x652D, 0xA7F5, 0xA7F5, 0x5D0C, 0x442A, 0x3BC9, 0x2246, 0x2266, 0x1A05, 0x1164, 0x1184,   // 0x25B0 (9648) pixels
0x11A4, 0x1A05, 0x2246, 0x1A25, 0x2286, 0x22A6, 0x11A3, 0x0962, 0x0101, 0x75CF, 0x8691, 0x4B89, 0x0000, 0x0040, 0x0060, 0x0861,   // 0x25C0 (9664) pixels
0x10E2, 0x9F53, 0x8ED1, 0x7DAF, 0x756E, 0x7DEF, 0x08A1, 0x0020, 0x1923, 0x3266, 0x29E5, 0x64CC, 0x9712, 0x8670, 0x21A4, 0x3246,   // 0x25D0 (9680) pixels
0x08A1, 0x0020, 0x0000, 0x4B69, 0x53EA, 0x3246, 0x0040, 0x0040, 0x2A45, 0x53CA, 0x4BA9, 0x6D2D, 0x756E, 0x21A4, 0x0881, 0x10C2,   // 0x25E0 (9696) pixels
0x0881, 0x0020, 0x4308, 0x9F53, 0x96F2, 0x8E91, 0x8EB1, 0x8650, 0x0020, 0x0841, 0x542A, 0x6D4D, 0x6D2D, 0x756E, 0x756E, 0x6D4D,   // 0x25F0 (9712) pixels
0x6D0D, 0x64CC, 0x9F33, 0x9712, 0x8EB1, 0x0000, 0x0000, 0x544A, 0x758E, 0x75CE, 0x2A45, 0x21C4, 0x4368, 0x7DAF, 0x754E, 0x8EB1,   // 0x2600 (9728) pixels
0x8E91, 0x8670, 0x4B89, 0x540A, 0x1923, 0x0020, 0x2A25, 0x9F73, 0x9F53, 0x5C4B, 0x0000, 0x0000, 0x7DEF, 0x754E, 0x6D2D, 0x19A3,   // 0x2610 (9744) pixels
0x21A4, 0x648C, 0x756E, 0x7DAF, 0x8ED1, 0x8EB1, 0x8ED1, 0x96F2, 0xA794, 0x0000, 0x0020, 0x0060, 0x540A, 0x53EA, 0x1923, 0x0020,   // 0x2620 (9760) pixels
0x2A25, 0xA794, 0x9F33, 0x6CED, 0x1983, 0x1983, 0x7DCF, 0x756E, 0x754E, 0x0000, 0x0060, 0x08A1, 0x10C2, 0x08A1, 0x0060, 0x0040,   // 0x2630 (9776) pixels
0x21E5, 0x546C, 0x5C8C, 0x0080, 0x0060, 0x652D, 0xAFF6, 0xAFF6, 0x54AB, 0x3388, 0x3368, 0x2266, 0x2A87, 0x1A05, 0x0963, 0x0963,   // 0x2640 (9792) pixels
0x19A5, 0x1A05, 0x1A25, 0x1A25, 0x2266, 0x2266, 0x1183, 0x0962, 0x00E1, 0x75CF, 0x8691, 0x4BA9, 0x0000, 0x0060, 0x0040, 0x0000,   // 0x2650 (9808) pixels
0x08A1, 0xA7B4, 0x9732, 0x7E0F, 0x7DAF, 0x8630, 0x08A1, 0x0020, 0x1122, 0x3266, 0x29E5, 0x64EC, 0x9F73, 0x8ED1, 0x21A4, 0x3246,   // 0x2660 (9824) pixels
0x08C1, 0x0060, 0x0020, 0x4348, 0x4BA9, 0x2244, 0x0040, 0x0040, 0x2224, 0x4BA9, 0x4B89, 0x758E, 0x7DCF, 0x21C4, 0x08A1, 0x10C2,   // 0x2670 (9840) pixels
0x0060, 0x0020, 0x4328, 0xA794, 0x9F13, 0x8EF1, 0x9712, 0x8E91, 0x0000, 0x0000, 0x540A, 0x6D4D, 0x6D0D, 0x6D2D, 0x6D2D, 0x6D4D,   // 0x2680 (9856) pixels
0x756E, 0x6D2D, 0x9F53, 0x9F33, 0x96D2, 0x0000, 0x0000, 0x540A, 0x754E, 0x756E, 0x2A05, 0x1983, 0x4368, 0x7DEF, 0x758E, 0x9732,   // 0x2690 (9872) pixels
0x9712, 0x8EF1, 0x43C8, 0x4C69, 0x1122, 0x0000, 0x2A05, 0x9F73, 0x9F53, 0x5C2B, 0x0000, 0x0000, 0x8650, 0x7DCF, 0x758E, 0x21C4,   // 0x26A0 (9888) pixels
0x21C4, 0x6CCD, 0x7DCF, 0x8610, 0x9732, 0x9712, 0x9712, 0x9F13, 0xA7D4, 0x0000, 0x0040, 0x0060, 0x53CA, 0x53CA, 0x10C2, 0x0000,   // 0x26B0 (9904) pixels
0x21C4, 0x9F53, 0x9712, 0x6CED, 0x21C4, 0x21C4, 0x7DCF, 0x756E, 0x754E, 0x0000, 0x0060, 0x0881, 0x08A1, 0x0881, 0x0040, 0x0020,   // 0x26C0 (9920) pixels
0x21E5, 0x5C8C, 0x64AD, 0x0080, 0x0060, 0x654D, 0xAFF6, 0xAFF6, 0x54CC, 0x33A8, 0x3388, 0x2266, 0x2A87, 0x1A05, 0x0963, 0x0963,   // 0x26D0 (9936) pixels
0x0963, 0x1A05, 0x2266, 0x2AA7, 0x76B0, 0x76B0, 0x2AC7, 0x19C4, 0x19A4, 0x4C0A, 0x546B, 0x32A6, 0x0861, 0x0861, 0x4B89, 0x8630,   // 0x26E0 (9952) pixels
0x758E, 0x1102, 0x1963, 0x1102, 0x1102, 0x1102, 0x29E5, 0x2A05, 0x2A05, 0x2A05, 0x2A05, 0x21A4, 0x1963, 0x2184, 0x4B89, 0x4B89,   // 0x26F0 (9968) pixels
0x1943, 0x08A1, 0x0020, 0x7DCF, 0x8690, 0x8BB1, 0x9813, 0x9813, 0x8B91, 0x8690, 0x7DEF, 0x10C2, 0x1943, 0x08A1, 0x0861, 0x0881,   // 0x2700 (9984) pixels
0x08A1, 0x0881, 0x2A05, 0x542A, 0x53EA, 0x3286, 0x3AA7, 0x3AE7, 0x7E0F, 0x7DEF, 0x5C4B, 0x53CA, 0x4BA9, 0x8630, 0x8EB1, 0x5C2B,   // 0x2710 (10000) pixels
0x10E2, 0x1102, 0x542A, 0x53EA, 0x4BC9, 0x21C4, 0x21A4, 0x756E, 0x8E91, 0x8EB1, 0x4BC9, 0x4B89, 0x3286, 0x10E2, 0x1102, 0x1963,   // 0x2720 (10016) pixels
0x1963, 0x2164, 0xA855, 0xA054, 0x41A8, 0x21E4, 0x3AC7, 0x758E, 0x6D4D, 0x5C6B, 0x4328, 0x4B89, 0x08C1, 0x1102, 0x1102, 0x10C2,   // 0x2730 (10032) pixels
0x10C2, 0x1102, 0x1102, 0x1122, 0x1963, 0x1943, 0x3266, 0x540A, 0x542A, 0x21C4, 0x29E5, 0x2A25, 0x8EB1, 0x8650, 0x6D0D, 0x648C,   // 0x2740 (10048) pixels
0x6D2D, 0x8EB1, 0x8ED1, 0x5C4B, 0x0861, 0x0881, 0x540A, 0x4BA9, 0x4BA9, 0x0040, 0x08A1, 0x1983, 0x21E4, 0x21E4, 0x2A05, 0x2A05,   // 0x2750 (10064) pixels
0x2184, 0x08C2, 0x10E2, 0x1163, 0x0902, 0x546B, 0x7E70, 0x7E90, 0x3BA9, 0x22C6, 0x2AA7, 0x2226, 0x2246, 0x1A05, 0x11A4, 0x11A4,   // 0x2760 (10080) pixels
0x0963, 0x1A05, 0x2A67, 0x2AC7, 0x8772, 0x8772, 0x3307, 0x19E4, 0x19C4, 0x43C9, 0x4C2A, 0x2A86, 0x0881, 0x0841, 0x5C4B, 0x9F53,   // 0x2770 (10096) pixels
0x8E91, 0x0000, 0x08A1, 0x0060, 0x0060, 0x0020, 0x2A25, 0x3246, 0x2A05, 0x21A4, 0x21C4, 0x1102, 0x0841, 0x08A1, 0x4BE9, 0x4BC9,   // 0x2780 (10112) pixels
0x1963, 0x08A1, 0x0020, 0x8670, 0x8F51, 0xA414, 0xB817, 0xB817, 0x9BB3, 0x8F11, 0x8630, 0x0000, 0x0861, 0x0020, 0x0020, 0x0020,   // 0x2790 (10128) pixels
0x0881, 0x0861, 0x21C4, 0x4BA9, 0x4B89, 0x2A05, 0x2A25, 0x3266, 0x9712, 0x8EF1, 0x5C6B, 0x4BA9, 0x4B89, 0x8670, 0x9712, 0x540A,   // 0x27A0 (10144) pixels
0x0000, 0x0000, 0x4BA9, 0x4368, 0x4368, 0x3226, 0x29E5, 0x758E, 0x8EB1, 0x8ED1, 0x53EA, 0x53CA, 0x2A45, 0x0000, 0x0020, 0x08A1,   // 0x27B0 (10160) pixels
0x08A1, 0x1082, 0xC018, 0xB817, 0x4989, 0x2204, 0x3AE7, 0x756E, 0x6D2D, 0x64AC, 0x53EA, 0x5C4B, 0x0000, 0x0040, 0x0060, 0x10C2,   // 0x27C0 (10176) pixels
0x10C2, 0x0060, 0x0040, 0x0040, 0x08A1, 0x0861, 0x21C4, 0x4BA9, 0x4BA9, 0x2A25, 0x3246, 0x3266, 0x9712, 0x8EB1, 0x7DAF, 0x754E,   // 0x27D0 (10192) pixels
0x7DAF, 0x8ED1, 0x96F2, 0x5C4B, 0x0040, 0x0861, 0x4BA9, 0x4348, 0x4348, 0x0861, 0x08A1, 0x21A4, 0x2A05, 0x2A05, 0x2A05, 0x2A25,   // 0x27E0 (10208) pixels
0x1963, 0x0040, 0x0040, 0x1984, 0x0902, 0x4C4A, 0x764F, 0x764F, 0x3B89, 0x22A6, 0x2286, 0x1A25, 0x1A45, 0x1A05, 0x11A4, 0x19C5,   // 0x27F0 (10224) pixels
0x1184, 0x1A05, 0x2266, 0x2A87, 0x6E2F, 0x6E2F, 0x2AA6, 0x11A3, 0x11A3, 0x3B88, 0x43C9, 0x2A46, 0x0861, 0x0060, 0x3AC7, 0x64AC,   // 0x2800 (10240) pixels
0x5C2B, 0x0040, 0x00A0, 0x3867, 0x4068, 0x4028, 0x2A05, 0x2A05, 0x3AC7, 0x4BC9, 0x53CA, 0x3286, 0x2184, 0x21C4, 0x4328, 0x4348,   // 0x2810 (10256) pixels
0x1122, 0x0881, 0x0040, 0x542A, 0x5CAB, 0x6AED, 0x80B0, 0x786F, 0x8410, 0x8EF1, 0x8670, 0x3266, 0x3AC7, 0x3AC7, 0x3AA7, 0x3AC7,   // 0x2820 (10272) pixels
0x21C4, 0x21A4, 0x2A45, 0x4328, 0x4328, 0x1963, 0x1983, 0x21C4, 0x9732, 0x96F2, 0x53EA, 0x3B07, 0x3AC7, 0x6D4D, 0x75AE, 0x5C6B,   // 0x2830 (10288) pixels
0x32A6, 0x3AC7, 0x4BA9, 0x4B89, 0x4B89, 0x1963, 0x1122, 0x756E, 0x8ED1, 0x96D2, 0x5C6B, 0x5C4B, 0x4328, 0x1963, 0x21C4, 0x0881,   // 0x2840 (10304) pixels
0x08A1, 0x10A2, 0x782F, 0x700E, 0x52EA, 0x4BE9, 0x4BA9, 0x4368, 0x4B89, 0x4308, 0x3286, 0x3AC7, 0x0040, 0x0881, 0x0881, 0x08A1,   // 0x2850 (10320) pixels
0x0881, 0x1102, 0x1122, 0x1102, 0x0881, 0x0881, 0x2184, 0x4328, 0x4328, 0x1963, 0x2184, 0x21A4, 0x8E91, 0x8630, 0x756E, 0x6D2D,   // 0x2860 (10336) pixels
0x6D0D, 0x64EC, 0x6D2D, 0x4348, 0x0040, 0x0020, 0x6D2D, 0x64AC, 0x5C8B, 0x0020, 0x0881, 0x21A4, 0x2A05, 0x3266, 0x53EA, 0x53EA,   // 0x2870 (10352) pixels
0x3286, 0x0061, 0x0061, 0x2A86, 0x2225, 0x4C0A, 0x652D, 0x654D, 0x3327, 0x1A66, 0x2286, 0x2246, 0x2266, 0x1A05, 0x1184, 0x11A4,   // 0x2880 (10368) pixels
0x19A5, 0x1A05, 0x1A25, 0x2246, 0x4C4B, 0x4C4B, 0x19E4, 0x0942, 0x0942, 0x32C7, 0x3B08, 0x21E4, 0x0040, 0x0060, 0x0040, 0x0040,   // 0x2890 (10384) pixels
0x0040, 0x0060, 0x0080, 0x9052, 0xC038, 0xC819, 0x31C6, 0x19C3, 0x542A, 0x9F73, 0x9F53, 0x6D2D, 0x4B89, 0x4B89, 0x2A05, 0x3246,   // 0x28A0 (10400) pixels
0x08C1, 0x0060, 0x0060, 0x0040, 0x0020, 0x0901, 0x1A23, 0x11C2, 0x5CAB, 0x9712, 0x96D2, 0x96F2, 0x96F2, 0x9F33, 0x9F33, 0xA794,   // 0x28B0 (10416) pixels
0x540A, 0x4BA9, 0x4308, 0x2A05, 0x3246, 0x0020, 0x0040, 0x08A1, 0x9F73, 0x9F33, 0x3AE7, 0x21A4, 0x21A4, 0x4B69, 0x4B69, 0x6CED,   // 0x28C0 (10432) pixels
0x9732, 0x9732, 0x4B69, 0x53CA, 0x4B89, 0x0000, 0x0000, 0x754E, 0x96F2, 0x96F2, 0x6D2D, 0x6D2D, 0x64AC, 0x53EA, 0x5C4B, 0x0000,   // 0x28D0 (10448) pixels
0x0060, 0x0060, 0x00C0, 0x0040, 0x6D6D, 0x9752, 0x6D0D, 0x0000, 0x0861, 0x0040, 0x0020, 0x0020, 0x10C2, 0x10C2, 0x10C2, 0x0060,   // 0x28E0 (10464) pixels
0x0040, 0x29E5, 0x3286, 0x21E4, 0x0040, 0x0060, 0x1122, 0x3246, 0x3246, 0x0020, 0x0040, 0x0861, 0x7DAF, 0x6D2D, 0x6D0D, 0x6D0D,   // 0x28F0 (10480) pixels
0x542A, 0x21A4, 0x2A05, 0x1943, 0x0040, 0x0000, 0xA7D4, 0x9712, 0x96D2, 0x0000, 0x0040, 0x21C4, 0x2A25, 0x4368, 0x9732, 0x9712,   // 0x2900 (10496) pixels
0x5C8C, 0x00A2, 0x08A2, 0x548B, 0x4C2A, 0x43A9, 0x3B48, 0x3B68, 0x2265, 0x1224, 0x1A45, 0x2A87, 0x2A87, 0x1A05, 0x0963, 0x0963,   // 0x2910 (10512) pixels
0x11A4, 0x1A05, 0x1A25, 0x2246, 0x4C6B, 0x4C6B, 0x1A04, 0x0962, 0x0942, 0x32E7, 0x3B28, 0x19E4, 0x0040, 0x0060, 0x00A0, 0x10C2,   // 0x2920 (10528) pixels
0x10C2, 0x0060, 0x0080, 0x9052, 0xB837, 0xC819, 0x31E6, 0x21C4, 0x5C2B, 0x9F53, 0x9F53, 0x6D2D, 0x4388, 0x4B89, 0x2A25, 0x3286,   // 0x2930 (10544) pixels
0x10E2, 0x0060, 0x0060, 0x10C2, 0x08A1, 0x1122, 0x21C4, 0x1963, 0x64AC, 0x9F73, 0x9712, 0x8ED1, 0x8ED1, 0x9712, 0x9F33, 0x9F73,   // 0x2940 (10560) pixels
0x53EA, 0x4BA9, 0x4328, 0x3246, 0x3286, 0x0040, 0x0060, 0x08C1, 0xA7D4, 0xA794, 0x4328, 0x21E4, 0x21E4, 0x53CA, 0x53CA, 0x6D2D,   // 0x2950 (10576) pixels
0x9712, 0x9712, 0x4B89, 0x540A, 0x53CA, 0x0020, 0x0000, 0x756E, 0x9712, 0x9712, 0x6D4D, 0x6D2D, 0x5C8B, 0x4B89, 0x540A, 0x0000,   // 0x2960 (10592) pixels
0x0040, 0x0040, 0x0881, 0x0000, 0x6D4D, 0x9712, 0x6D0D, 0x0000, 0x0881, 0x0040, 0x0000, 0x0000, 0x0881, 0x0881, 0x0881, 0x0040,   // 0x2970 (10608) pixels
0x0020, 0x21A4, 0x2A25, 0x21A4, 0x0040, 0x0060, 0x1102, 0x2A25, 0x2A25, 0x0000, 0x0020, 0x0060, 0x7DAF, 0x6D2D, 0x6D2D, 0x6D4D,   // 0x2980 (10624) pixels
0x5C6B, 0x29E5, 0x3246, 0x1963, 0x0040, 0x0000, 0xA7B4, 0x9712, 0x96D2, 0x0000, 0x0040, 0x21A4, 0x29E5, 0x4328, 0x9732, 0x9712,   // 0x2990 (10640) pixels
0x5C6B, 0x0041, 0x0061, 0x4C8A, 0x4429, 0x3BA8, 0x3B68, 0x4389, 0x2285, 0x1224, 0x1A45, 0x2A87, 0x2A87, 0x1A05, 0x0963, 0x0963,   // 0x29A0 (10656) pixels
0x1184, 0x1A05, 0x2246, 0x2286, 0x54EC, 0x550C, 0x2245, 0x11A3, 0x11A3, 0x2AA6, 0x2AE6, 0x41A8, 0x582B, 0x584B, 0x2885, 0x00A0,   // 0x29B0 (10672) pixels
0x08A1, 0x0881, 0x00A0, 0x4869, 0x604C, 0x604C, 0x2144, 0x1142, 0x3AA7, 0x64AC, 0x64AC, 0x4328, 0x2A05, 0x2A25, 0x1943, 0x1963,   // 0x29C0 (10688) pixels
0x08C1, 0x0881, 0x0881, 0x08A1, 0x0060, 0x2A25, 0x5C8B, 0x5C4B, 0x53EA, 0x4BA9, 0x4BC9, 0x4BA9, 0x4BA9, 0x4BA9, 0x4BC9, 0x53EA,   // 0x29D0 (10704) pixels
0x3246, 0x2A25, 0x21C4, 0x1943, 0x1963, 0x0881, 0x0881, 0x08C1, 0x540A, 0x53EA, 0x21E4, 0x1943, 0x1943, 0x2A05, 0x2A05, 0x3AC7,   // 0x29E0 (10720) pixels
0x53CA, 0x53EA, 0x2A05, 0x2A25, 0x2A05, 0x0861, 0x0020, 0x64AC, 0x8610, 0x8630, 0x53CA, 0x4B89, 0x53EA, 0x5C6B, 0x648C, 0x21C4,   // 0x29F0 (10736) pixels
0x2A05, 0x2A05, 0x2A05, 0x21C4, 0x5C6B, 0x756E, 0x5C8B, 0x3286, 0x3AC7, 0x4308, 0x4B89, 0x4BA9, 0x21E4, 0x2A05, 0x2A05, 0x2A05,   // 0x2A00 (10752) pixels
0x21E4, 0x4328, 0x4BA9, 0x3AC7, 0x0040, 0x0060, 0x2A05, 0x648C, 0x5C8B, 0x21C4, 0x2A05, 0x2A25, 0x8650, 0x8610, 0x4BA9, 0x3AC7,   // 0x2A10 (10768) pixels
0x3AE7, 0x3AC7, 0x3AE7, 0x2A45, 0x1923, 0x10E2, 0x75AE, 0x6D4D, 0x6D0D, 0x0000, 0x0040, 0x4368, 0x5C6B, 0x5C4B, 0x5C6B, 0x5C8B,   // 0x2A20 (10784) pixels
0x53CA, 0x32C7, 0x32E6, 0x8291, 0x8271, 0x5B6C, 0x4409, 0x4C0A, 0x2AC6, 0x1A65, 0x2266, 0x2246, 0x2266, 0x1A05, 0x1184, 0x1184,   // 0x2A30 (10800) pixels
0x0963, 0x1A05, 0x2A87, 0x2AA7, 0x5D8D, 0x5D8D, 0x2AA6, 0x19E4, 0x21E5, 0x2265, 0x1A85, 0x618D, 0xC018, 0xC038, 0x504A, 0x0060,   // 0x2A40 (10816) pixels
0x0060, 0x10C2, 0x10C2, 0x0080, 0x0060, 0x0060, 0x08A1, 0x0881, 0x1122, 0x21C4, 0x21C4, 0x1102, 0x0881, 0x0881, 0x0040, 0x0040,   // 0x2A50 (10832) pixels
0x08A1, 0x10C2, 0x10C2, 0x0060, 0x0000, 0x4328, 0xA794, 0xA794, 0x4328, 0x0000, 0x0000, 0x0861, 0x0861, 0x0000, 0x0000, 0x0000,   // 0x2A60 (10848) pixels
0x0881, 0x0881, 0x0881, 0x0040, 0x0040, 0x10C2, 0x10C2, 0x08A1, 0x0000, 0x0000, 0x0881, 0x08A1, 0x08A1, 0x0040, 0x0040, 0x0040,   // 0x2A70 (10864) pixels
0x0861, 0x0861, 0x0020, 0x0040, 0x0040, 0x10C2, 0x0841, 0x53EA, 0x6D0D, 0x6D2D, 0x3246, 0x29E5, 0x4348, 0x6D4D, 0x6D2D, 0x53CA,   // 0x2A80 (10880) pixels
0x53EA, 0x53EA, 0x4BA9, 0x4BA9, 0x4BA9, 0x4B89, 0x540A, 0x6D4D, 0x6D2D, 0x7E0F, 0x9F53, 0xA794, 0x4348, 0x4BA9, 0x4BA9, 0x540A,   // 0x2A90 (10896) pixels
0x53CA, 0x64EC, 0x756E, 0x540A, 0x0861, 0x0861, 0x4328, 0x9732, 0x9712, 0x4B89, 0x53EA, 0x540A, 0x8EF1, 0x9712, 0x29E5, 0x0020,   // 0x2AA0 (10912) pixels
0x1943, 0x4BC9, 0x4BA9, 0x4308, 0x3246, 0x2A25, 0x4368, 0x4348, 0x4348, 0x0861, 0x0020, 0x6D4D, 0x9732, 0x758E, 0x2184, 0x21C4,   // 0x2AB0 (10928) pixels
0x4328, 0x756E, 0x65CC, 0xC85A, 0xC079, 0x7B10, 0x4CAA, 0x54AB, 0x3327, 0x22A6, 0x2286, 0x1A25, 0x1A45, 0x1A05, 0x11A4, 0x19C5,   // 0x2AC0 (10944) pixels
0x0963, 0x1A05, 0x2A87, 0x2AA7, 0x5D6D, 0x5D6D, 0x2A86, 0x19E4, 0x19E4, 0x2A86, 0x22A5, 0x618D, 0xC017, 0xC038, 0x506A, 0x0080,   // 0x2AD0 (10960) pixels
0x0080, 0x10C2, 0x10C2, 0x0060, 0x0040, 0x0040, 0x08A1, 0x08A1, 0x1943, 0x2224, 0x2224, 0x1943, 0x08A1, 0x08A1, 0x0040, 0x0040,   // 0x2AE0 (10976) pixels
0x08A1, 0x10C2, 0x10C2, 0x0060, 0x0000, 0x4308, 0x9F53, 0x9F53, 0x4328, 0x0000, 0x0040, 0x10C2, 0x10C2, 0x0060, 0x0040, 0x0040,   // 0x2AF0 (10992) pixels
0x0881, 0x08A1, 0x0881, 0x0060, 0x0060, 0x08C1, 0x10C2, 0x08A1, 0x0020, 0x0020, 0x0881, 0x08A1, 0x08A1, 0x0060, 0x0060, 0x0881,   // 0x2B00 (11008) pixels
0x10C2, 0x10C2, 0x0060, 0x0060, 0x0060, 0x08A1, 0x0040, 0x540A, 0x6D4D, 0x756E, 0x3286, 0x2A25, 0x4368, 0x6D6D, 0x6D4D, 0x4BA9,   // 0x2B10 (11024) pixels
0x53CA, 0x53CA, 0x4B89, 0x4B89, 0x53CA, 0x53CA, 0x540A, 0x6D0D, 0x64CC, 0x7DCF, 0x9F13, 0x9F53, 0x3B27, 0x4368, 0x4B89, 0x53EA,   // 0x2B20 (11040) pixels
0x53CA, 0x64CC, 0x6D4D, 0x53EA, 0x0861, 0x0861, 0x4308, 0x9712, 0x8EF1, 0x4348, 0x4B89, 0x4BA9, 0x8ED1, 0x96F2, 0x29E5, 0x0040,   // 0x2B30 (11056) pixels
0x1943, 0x4BA9, 0x4B89, 0x3B07, 0x2A25, 0x2A25, 0x4B89, 0x4368, 0x4348, 0x0040, 0x0020, 0x6D2D, 0x96F2, 0x756E, 0x21C4, 0x2A05,   // 0x2B40 (11072) pixels
0x4348, 0x6D2D, 0x5D6B, 0xC059, 0xC079, 0x7B10, 0x4CAA, 0x548B, 0x3307, 0x2286, 0x2286, 0x1A25, 0x2246, 0x1A05, 0x11A4, 0x19C5,   // 0x2B50 (11088) pixels
0x19A5, 0x1A05, 0x1A25, 0x2A87, 0xBFF9, 0xBFFA, 0x32C7, 0x0922, 0x0962, 0x1163, 0x1163, 0x0101, 0x0060, 0x0080, 0x686D, 0xD03A,   // 0x2B60 (11104) pixels
0xB036, 0x0060, 0x0000, 0x64AC, 0x7DEF, 0x8650, 0x10C2, 0x0060, 0x504A, 0xC819, 0xC819, 0x584B, 0x0060, 0x08A1, 0x646C, 0x5C6B,   // 0x2B70 (11120) pixels
0x1943, 0x0040, 0x0020, 0x53CA, 0x5C2B, 0x4BA9, 0x3B07, 0x3AE7, 0x648C, 0x85F0, 0x756E, 0x0000, 0x0000, 0x64AC, 0x7DEF, 0x85F0,   // 0x2B80 (11136) pixels
0x53EA, 0x4BE9, 0x7A4F, 0xC819, 0xD03A, 0x0080, 0x0040, 0x08C1, 0xAFF5, 0xA7D4, 0x64AC, 0x4BA9, 0x53EA, 0x3286, 0x3286, 0x21A4,   // 0x2B90 (11152) pixels
0x0040, 0x0040, 0x3AA7, 0x3266, 0x3286, 0x53EA, 0x53EA, 0x3266, 0x29E5, 0x2A05, 0x0060, 0x0040, 0x4809, 0xC018, 0xC018, 0x3BC7,   // 0x2BA0 (11168) pixels
0x4368, 0x4368, 0x29E5, 0x2A25, 0x21C4, 0x1983, 0x4328, 0x9F53, 0x9F53, 0x540A, 0x0000, 0x0000, 0x5C2B, 0x53CA, 0x4BA9, 0x0000,   // 0x2BB0 (11184) pixels
0x0000, 0x3AC7, 0x53CA, 0x3AC7, 0x0020, 0x0040, 0x2184, 0x4BA9, 0x4328, 0x9732, 0x8ED1, 0x8ED1, 0x96D2, 0x96F2, 0x7DCF, 0x756E,   // 0x2BC0 (11200) pixels
0x6D0D, 0x4BA9, 0x53EA, 0x3266, 0x0000, 0x0000, 0x8610, 0x756E, 0x756E, 0x4BA9, 0x4BC9, 0x4B89, 0x4B69, 0x4B89, 0x4B89, 0x4B89,   // 0x2BD0 (11216) pixels
0x5C6B, 0x75AF, 0x6D4E, 0x87F1, 0x87D1, 0x6E0E, 0x5CEC, 0x650D, 0x5D6D, 0x5DAD, 0x54CC, 0x2246, 0x2A87, 0x1A05, 0x0963, 0x0963,   // 0x2BE0 (11232) pixels
0x19A5, 0x1A05, 0x1A25, 0x2A87, 0xBFF9, 0xBFF9, 0x2AA7, 0x0942, 0x0962, 0x0902, 0x0903, 0x08A1, 0x0020, 0x0040, 0x600C, 0xB817,   // 0x2BF0 (11248) pixels
0xA815, 0x0020, 0x0000, 0x5C4B, 0x7DAF, 0x8610, 0x08C1, 0x0060, 0x502A, 0xC018, 0xC018, 0x500A, 0x0020, 0x0060, 0x5C0B, 0x540A,   // 0x2C00 (11264) pixels
0x1102, 0x0020, 0x0000, 0x4B69, 0x4BA9, 0x4B89, 0x4348, 0x4328, 0x648C, 0x7DAF, 0x6D2D, 0x0000, 0x0000, 0x5C6B, 0x7DCF, 0x7DCF,   // 0x2C10 (11280) pixels
0x4BE9, 0x43C8, 0x7A0F, 0xB817, 0xC018, 0x0040, 0x0020, 0x0881, 0xA7B4, 0x9F53, 0x5C6B, 0x4B89, 0x4BC9, 0x3246, 0x2A25, 0x1943,   // 0x2C20 (11296) pixels
0x0000, 0x0000, 0x3A87, 0x3246, 0x3266, 0x4BC9, 0x4BC9, 0x3266, 0x29E5, 0x2A25, 0x0060, 0x0020, 0x4809, 0xB817, 0xB817, 0x3BE7,   // 0x2C30 (11312) pixels
0x4368, 0x4368, 0x21C4, 0x29E5, 0x2A05, 0x21E4, 0x4368, 0x9F73, 0x9F53, 0x5C4B, 0x0000, 0x0000, 0x53EA, 0x4B89, 0x4B69, 0x0000,   // 0x2C40 (11328) pixels
0x0000, 0x3AE7, 0x540A, 0x3AC7, 0x0000, 0x0000, 0x1963, 0x53CA, 0x4328, 0x9712, 0x8EB1, 0x8EB1, 0x96D2, 0x96F2, 0x756E, 0x6D0D,   // 0x2C50 (11344) pixels
0x64CC, 0x53CA, 0x540A, 0x3286, 0x0020, 0x0000, 0x8630, 0x7DAF, 0x758E, 0x4368, 0x4B89, 0x4B89, 0x4B89, 0x4B69, 0x4328, 0x4327,   // 0x2C60 (11360) pixels
0x540A, 0x758F, 0x6D2E, 0x8F72, 0x8F52, 0x75EF, 0x650D, 0x652D, 0x5D6D, 0x5D8D, 0x4CAB, 0x2246, 0x2A87, 0x1A05, 0x0963, 0x0963,   // 0x2C70 (11376) pixels
0x1184, 0x1A05, 0x2266, 0x2AA7, 0x9794, 0x9794, 0x32E7, 0x11A3, 0x1163, 0x5D0C, 0x656E, 0x542A, 0x3286, 0x3286, 0x6BAD, 0x9C93,   // 0x2C80 (11392) pixels
0x9472, 0x43A8, 0x4BC9, 0x4328, 0x3B07, 0x4348, 0x10C2, 0x0060, 0x39C7, 0x83B0, 0x8390, 0x530A, 0x32A6, 0x3AC7, 0x4BA9, 0x4BA9,   // 0x2C90 (11408) pixels
0x3AE7, 0x3AA7, 0x3286, 0x5C6B, 0x64AC, 0x64AC, 0x64AC, 0x64CC, 0x4BC9, 0x3AE7, 0x3B07, 0x32A6, 0x3AC7, 0x2A25, 0x29E5, 0x2A05,   // 0x2CA0 (11424) pixels
0x21A4, 0x1983, 0x4A69, 0x8390, 0x8390, 0x2AA5, 0x3AA7, 0x3AC7, 0x64CC, 0x64CC, 0x2A45, 0x1983, 0x1963, 0x3AE7, 0x3B07, 0x4BC9,   // 0x2CB0 (11440) pixels
0x64CC, 0x6D0D, 0x08A1, 0x1102, 0x1102, 0x21A4, 0x1963, 0x4B89, 0x542A, 0x5C4B, 0x3AC7, 0x3286, 0x5B6B, 0x9CB3, 0x9C93, 0x4388,   // 0x2CC0 (11456) pixels
0x4BA9, 0x4BA9, 0x6D4D, 0x756E, 0x2A05, 0x10E2, 0x2A05, 0x64CC, 0x64AC, 0x4368, 0x1963, 0x1943, 0x8610, 0x75AE, 0x758E, 0x3266,   // 0x2CD0 (11472) pixels
0x32A6, 0x4348, 0x4B89, 0x4B89, 0x4BA9, 0x4BA9, 0x5C6B, 0x7DCF, 0x75AE, 0x5C8B, 0x648C, 0x64AC, 0x8ED1, 0x8ED1, 0x64AC, 0x540A,   // 0x2CE0 (11488) pixels
0x4BA9, 0x3266, 0x32A6, 0x21C4, 0x0881, 0x0861, 0x2A25, 0x2A05, 0x2A05, 0x3AA7, 0x3266, 0x64EC, 0x7DAF, 0x75AE, 0x7DAF, 0x7DAF,   // 0x2CF0 (11504) pixels
0x7DEF, 0x8630, 0x8650, 0x652D, 0x6D6E, 0x4C4A, 0x3B88, 0x43A8, 0x3B88, 0x3389, 0x3328, 0x2226, 0x2246, 0x1A05, 0x1184, 0x11A4,   // 0x2D00 (11520) pixels
0x0963, 0x1A05, 0x2A67, 0x2AC7, 0x7F31, 0x7F31, 0x32E7, 0x19C4, 0x1163, 0x86F1, 0x9793, 0x75CF, 0x4BA9, 0x4BA9, 0x758E, 0x8EF1,   // 0x2D10 (11536) pixels
0x86B0, 0x754E, 0x7DCF, 0x3286, 0x21C4, 0x21E4, 0x10C2, 0x0881, 0x32A6, 0x6D8D, 0x654C, 0x5C6B, 0x53CA, 0x53CA, 0x4368, 0x4368,   // 0x2D20 (11552) pixels
0x53CA, 0x53EA, 0x53CA, 0x64EC, 0x6D0D, 0x6D2D, 0x754E, 0x758E, 0x4368, 0x21A4, 0x21E4, 0x540A, 0x5C2B, 0x1102, 0x0020, 0x0040,   // 0x2D30 (11568) pixels
0x0881, 0x0861, 0x3286, 0x6D8D, 0x654C, 0x53AA, 0x53EA, 0x53CA, 0x4348, 0x4B89, 0x1923, 0x0881, 0x0040, 0x4348, 0x4368, 0x6D0D,   // 0x2D40 (11584) pixels
0x9F53, 0xA7B4, 0x0000, 0x0060, 0x0060, 0x08A1, 0x0020, 0x540A, 0x6D4D, 0x6D4D, 0x540A, 0x4BA9, 0x6D0D, 0x8EF1, 0x8F11, 0x4B69,   // 0x2D50 (11600) pixels
0x4BA9, 0x53CA, 0x96F2, 0x9732, 0x2A05, 0x0861, 0x1963, 0x4B89, 0x4368, 0x3AE7, 0x2A25, 0x29E5, 0x9732, 0x8EB1, 0x8E91, 0x4B89,   // 0x2D60 (11616) pixels
0x53EA, 0x4B89, 0x4368, 0x540A, 0x7D8F, 0x756E, 0x7DEF, 0x8EB1, 0x96F2, 0x4348, 0x4B89, 0x4BA9, 0x8ED1, 0x8EB1, 0x5C4B, 0x4BA9,   // 0x2D70 (11632) pixels
0x4328, 0x21C4, 0x21E4, 0x1963, 0x08A1, 0x10C2, 0x0040, 0x0040, 0x0040, 0x3266, 0x21C4, 0x758E, 0x8ED1, 0x8EB1, 0x96F2, 0x96F2,   // 0x2D80 (11648) pixels
0x8ED1, 0x8E91, 0x8ED1, 0x4C2B, 0x5C8C, 0x3B68, 0x2AC6, 0x2AE6, 0x22A6, 0x22A6, 0x2286, 0x1A25, 0x2246, 0x1A05, 0x11A4, 0x19C5,   // 0x2D90 (11664) pixels
0x0963, 0x1A05, 0x2A67, 0x2AC7, 0x7F11, 0x7F11, 0x2AE7, 0x19C4, 0x1163, 0x86D1, 0x9793, 0x6DAE, 0x4348, 0x4348, 0x6D2D, 0x8EB1,   // 0x2DA0 (11680) pixels
0x8670, 0x754E, 0x7DAF, 0x32A6, 0x21C4, 0x2A05, 0x10C2, 0x0881, 0x3286, 0x6D4D, 0x6D0D, 0x5C4B, 0x4BA9, 0x4BA9, 0x4348, 0x4348,   // 0x2DB0 (11696) pixels
0x53EA, 0x540A, 0x53EA, 0x6D0D, 0x6D2D, 0x6D4D, 0x758E, 0x7DCF, 0x4348, 0x1943, 0x21C4, 0x5C2B, 0x5C4B, 0x1943, 0x0040, 0x0060,   // 0x2DC0 (11712) pixels
0x10C2, 0x0881, 0x3AA7, 0x75AE, 0x758E, 0x53EA, 0x540A, 0x53EA, 0x4348, 0x4B89, 0x10E2, 0x0000, 0x0000, 0x3AE7, 0x3B07, 0x64CC,   // 0x2DD0 (11728) pixels
0x9F53, 0xA7B4, 0x0000, 0x0000, 0x0020, 0x00C0, 0x0060, 0x4BE9, 0x64EC, 0x64EC, 0x540A, 0x53EA, 0x6D0D, 0x8EB1, 0x8ED1, 0x4BA9,   // 0x2DE0 (11744) pixels
0x540A, 0x5C2B, 0x9F53, 0x9F93, 0x2A25, 0x0861, 0x1983, 0x4408, 0x3BC7, 0x3B27, 0x3246, 0x29E5, 0x9732, 0x8EB1, 0x8E91, 0x53CA,   // 0x2DF0 (11760) pixels
0x540A, 0x43C8, 0x3BA7, 0x4C29, 0x758E, 0x754E, 0x7DEF, 0x8ED1, 0x9712, 0x4BA9, 0x540A, 0x5C2B, 0x9732, 0x9732, 0x5C6B, 0x4B89,   // 0x2E00 (11776) pixels
0x4348, 0x21E4, 0x2A25, 0x2184, 0x08A1, 0x10C2, 0x0040, 0x0040, 0x0060, 0x3A87, 0x2A05, 0x7DCF, 0x9712, 0x96F2, 0x9712, 0x9712,   // 0x2E10 (11792) pixels
0x9712, 0x96F2, 0x9F52, 0x5C8C, 0x64ED, 0x3BC8, 0x2305, 0x2325, 0x1AE5, 0x1AC5, 0x1AA5, 0x1A25, 0x1A45, 0x1A05, 0x19A5, 0x19C5,   // 0x2E20 (11808) pixels
0x11A4, 0x1A05, 0x2226, 0x2A87, 0xAFF7, 0xAFF7, 0x43C9, 0x2AA6, 0x2285, 0x5CEC, 0x650D, 0x6D6E, 0x7E0F, 0x7DEF, 0x8650, 0x96D2,   // 0x2E30 (11824) pixels
0x8E91, 0x4B89, 0x540A, 0x3286, 0x2A25, 0x3246, 0x08A1, 0x0040, 0x3286, 0x758E, 0x754E, 0x5C4B, 0x4368, 0x4BA9, 0x6D0D, 0x6D2D,   // 0x2E40 (11840) pixels
0x21E4, 0x1102, 0x08C1, 0x53CA, 0x540A, 0x4B69, 0x3286, 0x3266, 0x5C6B, 0x8610, 0x758E, 0x08A1, 0x1122, 0x10C2, 0x08A1, 0x08A1,   // 0x2E50 (11856) pixels
0x0881, 0x0861, 0x10E2, 0x21A4, 0x21A4, 0x1102, 0x1102, 0x1943, 0x754E, 0x64EC, 0x6D2D, 0x754E, 0x6D4D, 0x8610, 0x8630, 0x6D4D,   // 0x2E60 (11872) pixels
0x540A, 0x542A, 0x5C4B, 0x5C4B, 0x5C0B, 0x8811, 0x8811, 0x8D11, 0x8E91, 0x96F2, 0x2184, 0x08C1, 0x4368, 0x9712, 0x9F53, 0x0861,   // 0x2E70 (11888) pixels
0x1122, 0x1122, 0x29E5, 0x2A05, 0x08C1, 0x0060, 0x30A6, 0xA0F4, 0xA0F4, 0x60CC, 0x00C0, 0x0040, 0x8610, 0x758E, 0x754E, 0x08A1,   // 0x2E80 (11904) pixels
0x0921, 0x78EF, 0xA0D4, 0x81B0, 0x4C09, 0x4BC9, 0x540A, 0x5C4B, 0x64AC, 0x08C1, 0x1102, 0x1122, 0x4348, 0x3AE7, 0x5C4B, 0x64EC,   // 0x2E90 (11920) pixels
0x4BC9, 0x08A1, 0x1102, 0x10C2, 0x0881, 0x0060, 0x2A05, 0x29E5, 0x21C4, 0x08C1, 0x08A1, 0x3286, 0x4328, 0x4348, 0x542A, 0x5C2B,   // 0x2EA0 (11936) pixels
0x4348, 0x21E5, 0x2A26, 0x11A3, 0x09A2, 0x69CE, 0xA9D6, 0xA1D5, 0x99F5, 0x99F5, 0x7A11, 0x1A65, 0x2266, 0x1A05, 0x1164, 0x1184,   // 0x2EB0 (11952) pixels
0x19A5, 0x1A05, 0x1A25, 0x2A87, 0xBFF9, 0xB7F9, 0x4C0A, 0x2AE6, 0x2AE6, 0x544B, 0x542B, 0x6D6D, 0x8EF1, 0x86D0, 0x8ED1, 0x96D2,   // 0x2EC0 (11968) pixels
0x8E91, 0x4328, 0x4BA9, 0x3266, 0x2A05, 0x3246, 0x0080, 0x0020, 0x3286, 0x7DCF, 0x758E, 0x5C6B, 0x4368, 0x4BA9, 0x758E, 0x7DCF,   // 0x2ED0 (11984) pixels
0x1963, 0x0020, 0x0000, 0x4B69, 0x53EA, 0x3AE7, 0x21C4, 0x1983, 0x64CC, 0x9F73, 0x8ED1, 0x0000, 0x0060, 0x0881, 0x0881, 0x0881,   // 0x2EE0 (12000) pixels
0x0060, 0x0060, 0x0881, 0x08A1, 0x08A1, 0x0040, 0x0040, 0x00A0, 0x8610, 0x756E, 0x8E91, 0x96F2, 0x8EF1, 0x9732, 0x9752, 0x758E,   // 0x2EF0 (12016) pixels
0x3B47, 0x3B47, 0x7DAF, 0x758E, 0x752E, 0xB817, 0xB016, 0x9D53, 0x9712, 0x9F73, 0x08E1, 0x0000, 0x3AE7, 0x9F33, 0x9F73, 0x0000,   // 0x2F00 (12032) pixels
0x0060, 0x0040, 0x0861, 0x0861, 0x0060, 0x0080, 0x3066, 0xC819, 0xC018, 0x702E, 0x0060, 0x0000, 0x7DCF, 0x754E, 0x6D0D, 0x0000,   // 0x2F10 (12048) pixels
0x0060, 0x8811, 0xB817, 0x98D3, 0x3BC7, 0x4B89, 0x4B89, 0x4BA9, 0x53EA, 0x0000, 0x0020, 0x0040, 0x3246, 0x21C4, 0x5C6B, 0x756E,   // 0x2F20 (12064) pixels
0x540A, 0x0020, 0x0881, 0x0861, 0x0040, 0x0000, 0x3286, 0x3266, 0x3246, 0x0020, 0x0040, 0x21C4, 0x2A25, 0x3286, 0x4B89, 0x4BA9,   // 0x2F30 (12080) pixels
0x3266, 0x08A2, 0x08C2, 0x00A0, 0x00A0, 0x7910, 0xD15B, 0xC939, 0xC179, 0xC17A, 0x99D5, 0x1A85, 0x2A87, 0x1A05, 0x0963, 0x0963,   // 0x2F40 (12096) pixels
0x11A4, 0x1A05, 0x2246, 0x2A87, 0x9F95, 0x9F75, 0x4389, 0x2A86, 0x2265, 0x650D, 0x654D, 0x7D0F, 0x94B2, 0x9492, 0x8DD1, 0x8EF1,   // 0x2F50 (12112) pixels
0x8E71, 0x2A45, 0x32A6, 0x3AE7, 0x4308, 0x4348, 0x3086, 0x3026, 0x41E8, 0x542A, 0x540A, 0x4328, 0x32A6, 0x3AC7, 0x6CED, 0x6D2D,   // 0x2F60 (12128) pixels
0x4148, 0x3046, 0x3006, 0x4B69, 0x53CA, 0x3AC7, 0x1983, 0x1963, 0x4BC9, 0x7DAF, 0x6D2D, 0x3006, 0x3026, 0x31E6, 0x3266, 0x3286,   // 0x2F70 (12144) pixels
0x08A1, 0x0881, 0x0881, 0x08A1, 0x08A1, 0x3867, 0x3066, 0x3887, 0x544A, 0x53CA, 0x64AC, 0x64EC, 0x64EC, 0x94F2, 0x9CF3, 0x83F0,   // 0x2F80 (12160) pixels
0x626C, 0x624C, 0x650C, 0x64CC, 0x648C, 0x780F, 0x780F, 0x8D31, 0x8EF1, 0x9752, 0x38E7, 0x3006, 0x5AEB, 0x9732, 0x9F53, 0x0000,   // 0x2F90 (12176) pixels
0x0881, 0x0881, 0x2A05, 0x2204, 0x30C6, 0x3046, 0x4869, 0x8050, 0x8050, 0x506A, 0x0080, 0x0000, 0x6D4D, 0x64CC, 0x648C, 0x3006,   // 0x2FA0 (12192) pixels
0x2845, 0x89B1, 0xAA15, 0x8A31, 0x2AC5, 0x32A6, 0x4348, 0x5C2B, 0x5C4B, 0x1983, 0x21C4, 0x21C4, 0x3AA7, 0x3286, 0x4B89, 0x53EA,   // 0x2FB0 (12208) pixels
0x4328, 0x1943, 0x1963, 0x21A4, 0x21C4, 0x21C4, 0x21A4, 0x21C4, 0x21A4, 0x0060, 0x0861, 0x1963, 0x21C4, 0x2A05, 0x3AC7, 0x3AC7,   // 0x2FC0 (12224) pixels
0x2205, 0x08A2, 0x08A1, 0x2A86, 0x1A44, 0x7AB0, 0xAAD6, 0xAAB6, 0xAB37, 0xAB57, 0x8B13, 0x1A45, 0x2266, 0x1A05, 0x1184, 0x1184,   // 0x2FD0 (12240) pixels
0x0963, 0x1A05, 0x2A87, 0x2AA7, 0x554C, 0x554C, 0x2A86, 0x19C4, 0x1163, 0x86D1, 0x8FB2, 0x9C14, 0xB016, 0xB016, 0x9B93, 0x86F0,   // 0x2FE0 (12256) pixels
0x8630, 0x0000, 0x0020, 0x5C2B, 0x6D4D, 0x65AC, 0xB897, 0xC819, 0x682D, 0x0000, 0x0000, 0x0040, 0x0861, 0x08A1, 0x4BA9, 0x3BA7,   // 0x2FF0 (12272) pixels
0xA0F4, 0xC018, 0xC819, 0x534A, 0x4BA9, 0x2A45, 0x0861, 0x0881, 0x1122, 0x19A3, 0x2985, 0xC819, 0xC018, 0x9D93, 0x9732, 0x9F93,   // 0x3000 (12288) pixels
0x1943, 0x08A1, 0x08A1, 0x0060, 0x0080, 0xD03A, 0xC038, 0xB036, 0x0020, 0x0000, 0x0020, 0x0040, 0x0040, 0x9813, 0xA815, 0xA815,   // 0x3010 (12304) pixels
0xB817, 0xC018, 0x33C6, 0x4368, 0x4348, 0x0080, 0x0040, 0x6D2D, 0x8EB1, 0x8730, 0xB0B6, 0xC018, 0xA2D4, 0x86F0, 0x9712, 0x0000,   // 0x3020 (12320) pixels
0x08A1, 0x10E2, 0x7DCF, 0x6DCD, 0xA975, 0xC018, 0x8851, 0x0080, 0x0080, 0x0080, 0x10C2, 0x0861, 0x4BA9, 0x4368, 0x4B49, 0xC819,   // 0x3030 (12336) pixels
0xC018, 0x9572, 0x8770, 0x654C, 0x0000, 0x0040, 0x3246, 0x756E, 0x6D0D, 0x7DAF, 0x7DAF, 0x758E, 0x4368, 0x4BC9, 0x1923, 0x0020,   // 0x3040 (12352) pixels
0x1943, 0x53EA, 0x4BA9, 0x5C6B, 0x7DCF, 0x8630, 0x0000, 0x0040, 0x0060, 0x10C2, 0x10C2, 0x0060, 0x0040, 0x0040, 0x0881, 0x0881,   // 0x3050 (12368) pixels
0x0881, 0x0060, 0x0000, 0x8F13, 0x8671, 0x766F, 0x6E6E, 0x664D, 0x7F71, 0x8FF3, 0x6E4F, 0x11C4, 0x1A45, 0x1A05, 0x19A5, 0x19C5,   // 0x3060 (12384) pixels
0x0963, 0x1A05, 0x2A87, 0x2AA7, 0x5D8D, 0x5D8D, 0x2AA6, 0x19E4, 0x1163, 0x86D1, 0x8FB2, 0x9C34, 0xB817, 0xB817, 0x9BD3, 0x8F11,   // 0x3070 (12400) pixels
0x8650, 0x0020, 0x0841, 0x542A, 0x6D2D, 0x658C, 0xB096, 0xC038, 0x682D, 0x0020, 0x0020, 0x0861, 0x08A1, 0x10C2, 0x4BA9, 0x3BA7,   // 0x3080 (12416) pixels
0x98D3, 0xB817, 0xC018, 0x4B29, 0x4388, 0x2A25, 0x0040, 0x0841, 0x1122, 0x21C4, 0x29A5, 0xC018, 0xB817, 0x9552, 0x8ED1, 0x9732,   // 0x3090 (12432) pixels
0x1923, 0x08A1, 0x0881, 0x0020, 0x0020, 0xC839, 0xB837, 0xA835, 0x0040, 0x0020, 0x08A1, 0x10C2, 0x00C0, 0xA014, 0xB016, 0xB016,   // 0x30A0 (12448) pixels
0xB837, 0xC018, 0x3C07, 0x4BA9, 0x4B89, 0x0861, 0x0020, 0x6D6D, 0x8F11, 0x8770, 0xB0B6, 0xB817, 0xA2D4, 0x8F31, 0x9F53, 0x0000,   // 0x30B0 (12464) pixels
0x08A1, 0x10E2, 0x758E, 0x658C, 0xA154, 0xC018, 0x8030, 0x0020, 0x0020, 0x0060, 0x08C1, 0x0060, 0x53EA, 0x4388, 0x4B69, 0xC018,   // 0x30C0 (12480) pixels
0xB817, 0x9512, 0x8EF1, 0x6CED, 0x0040, 0x0881, 0x3286, 0x758E, 0x6D2D, 0x756E, 0x756E, 0x754E, 0x3B27, 0x4B89, 0x1923, 0x0861,   // 0x30D0 (12496) pixels
0x1943, 0x4BA9, 0x4368, 0x5C4B, 0x7DAF, 0x8610, 0x0000, 0x0040, 0x0040, 0x08A1, 0x08A1, 0x0040, 0x0020, 0x0040, 0x08A1, 0x0881,   // 0x30E0 (12512) pixels
0x0881, 0x0060, 0x0000, 0x8EF2, 0x7E50, 0x762F, 0x760F, 0x6DEE, 0x8712, 0x97B4, 0x7610, 0x11C4, 0x1A45, 0x1A05, 0x11A4, 0x19C5,   // 0x30F0 (12528) pixels
0x1184, 0x1A05, 0x2266, 0x2A87, 0x65CE, 0x65CE, 0x2286, 0x11A3, 0x1163, 0x652D, 0x6DAE, 0x6B8E, 0x78AF, 0x788F, 0x7BCF, 0x8670,   // 0x3100 (12544) pixels
0x7DAF, 0x0000, 0x0040, 0x4BA9, 0x64AC, 0x5CEB, 0x688D, 0x680D, 0x596B, 0x3B27, 0x4328, 0x21A4, 0x0861, 0x10C2, 0x648C, 0x546A,   // 0x3110 (12560) pixels
0x71AE, 0x78CF, 0x788F, 0x5BEB, 0x5C4B, 0x4BA9, 0x3AE7, 0x3AE7, 0x4B89, 0x540A, 0x53AA, 0x680D, 0x680D, 0x744E, 0x758E, 0x7DEF,   // 0x3120 (12576) pixels
0x1102, 0x0060, 0x21A4, 0x4328, 0x3B27, 0x80B0, 0x78EF, 0x710E, 0x2A85, 0x3286, 0x1102, 0x0881, 0x00A0, 0x604C, 0x684D, 0x684D,   // 0x3130 (12592) pixels
0x684D, 0x702E, 0x2AA5, 0x3266, 0x3246, 0x0861, 0x0040, 0x7B4F, 0x9C13, 0x9C53, 0x792F, 0x78AF, 0x728E, 0x650C, 0x6D2D, 0x0020,   // 0x3140 (12608) pixels
0x0881, 0x08C1, 0x5C4B, 0x4C29, 0x612C, 0x680D, 0x610C, 0x3B27, 0x3B27, 0x41E8, 0x4849, 0x4829, 0x3B47, 0x3B07, 0x42E8, 0x700E,   // 0x3150 (12624) pixels
0x680D, 0x8530, 0x9712, 0x6D0D, 0x0020, 0x0881, 0x21A4, 0x4B69, 0x4328, 0x540A, 0x53EA, 0x53EA, 0x64EC, 0x6D0D, 0x3286, 0x21A4,   // 0x3160 (12640) pixels
0x2A45, 0x4BA9, 0x4B89, 0x4B89, 0x4348, 0x4B89, 0x2184, 0x21C4, 0x21C4, 0x1923, 0x1102, 0x3286, 0x4308, 0x32A6, 0x21A4, 0x21E4,   // 0x3170 (12656) pixels
0x1963, 0x0881, 0x0040, 0x546B, 0x4BEA, 0x5CEC, 0x6DAE, 0x6D8E, 0x6DCE, 0x6DEF, 0x54EC, 0x1A05, 0x2266, 0x1A05, 0x1184, 0x11A4,   // 0x3180 (12672) pixels
0x19A5, 0x1A05, 0x1A25, 0x2266, 0x7630, 0x7630, 0x2245, 0x0942, 0x0942, 0x32A7, 0x32C7, 0x2A65, 0x1A03, 0x19E3, 0x4BC9, 0x756E,   // 0x3190 (12688) pixels
0x6CED, 0x0000, 0x0020, 0x3B07, 0x53CA, 0x540A, 0x00A0, 0x0000, 0x3B47, 0xA7B4, 0xA7B4, 0x4368, 0x0000, 0x08A1, 0x7DEF, 0x7DAF,   // 0x31A0 (12704) pixels
0x32C6, 0x1A03, 0x11C2, 0x6D2D, 0x754E, 0x7E0F, 0x9712, 0x96F2, 0x9712, 0x9F33, 0x8ED1, 0x0000, 0x0020, 0x3AE7, 0x4BA9, 0x53EA,   // 0x31B0 (12720) pixels
0x08A1, 0x0000, 0x4348, 0xA7B4, 0xA7B4, 0x1182, 0x1A03, 0x2244, 0x7DEF, 0x8610, 0x21A4, 0x0040, 0x0060, 0x00C0, 0x00C0, 0x00A0,   // 0x31C0 (12736) pixels
0x0060, 0x0060, 0x0881, 0x0881, 0x0881, 0x0060, 0x0080, 0x8811, 0xB817, 0xC018, 0x29E5, 0x1A23, 0x2204, 0x29E5, 0x2A25, 0x0040,   // 0x31D0 (12752) pixels
0x0060, 0x0881, 0x3226, 0x2A25, 0x00C0, 0x0020, 0x2244, 0xA7B4, 0x9F93, 0xA454, 0xB016, 0xB817, 0x1A63, 0x2A25, 0x2A05, 0x0040,   // 0x31E0 (12768) pixels
0x0000, 0x6D4D, 0x9F33, 0x6D0D, 0x0000, 0x0060, 0x0060, 0x0861, 0x0040, 0x21E4, 0x21A4, 0x21E4, 0xA794, 0x9F53, 0x5C6B, 0x4B89,   // 0x31F0 (12784) pixels
0x4BA9, 0x53CA, 0x53EA, 0x3246, 0x0000, 0x0000, 0x5C6B, 0x540A, 0x53EA, 0x21E4, 0x21A4, 0x7DEF, 0xA774, 0x8650, 0x4368, 0x4BC9,   // 0x3200 (12800) pixels
0x32A6, 0x08C2, 0x1103, 0x00A0, 0x0040, 0x3B48, 0x652D, 0x650D, 0x3BC9, 0x3368, 0x2B47, 0x2266, 0x2A87, 0x1A05, 0x0963, 0x0963,   // 0x3210 (12816) pixels
0x19A5, 0x1A05, 0x1A25, 0x2266, 0x6E0F, 0x6E0F, 0x19E4, 0x00E1, 0x00E1, 0x3B08, 0x3B49, 0x32C7, 0x2A05, 0x21E4, 0x53CA, 0x754E,   // 0x3220 (12832) pixels
0x64CC, 0x0000, 0x0020, 0x3AE7, 0x4BA9, 0x53EA, 0x0881, 0x0000, 0x4348, 0xA7D4, 0xA7D4, 0x4B69, 0x0000, 0x08C1, 0x766E, 0x6E2D,   // 0x3230 (12848) pixels
0x32E6, 0x2A05, 0x21C4, 0x758E, 0x7DCF, 0x8670, 0x9F53, 0x9732, 0x9732, 0x9F53, 0x96D2, 0x0000, 0x0000, 0x3B07, 0x53EA, 0x5C0B,   // 0x3240 (12864) pixels
0x08A1, 0x0000, 0x4308, 0x9F33, 0x9F33, 0x1983, 0x2A05, 0x2A45, 0x7DCF, 0x7DEF, 0x2184, 0x0040, 0x0060, 0x00C0, 0x00C0, 0x00A0,   // 0x3250 (12880) pixels
0x0040, 0x0020, 0x0000, 0x0000, 0x0000, 0x0000, 0x0000, 0x9012, 0xC018, 0xC819, 0x39E7, 0x2224, 0x2A45, 0x3266, 0x3AA7, 0x0000,   // 0x3260 (12896) pixels
0x0040, 0x0040, 0x2A05, 0x2A05, 0x0040, 0x0000, 0x21A4, 0xA794, 0x9752, 0xA3F4, 0xB016, 0xB817, 0x11E2, 0x21A4, 0x21A4, 0x0000,   // 0x3270 (12912) pixels
0x0000, 0x754E, 0x9F73, 0x6D0D, 0x0000, 0x0000, 0x0000, 0x0861, 0x0040, 0x21E4, 0x21A4, 0x21E4, 0xA774, 0x9F53, 0x5C8B, 0x4BA9,   // 0x3280 (12928) pixels
0x4BA9, 0x4B69, 0x4B89, 0x2A05, 0x0000, 0x0000, 0x5C2B, 0x53CA, 0x53AA, 0x21E4, 0x21A4, 0x8610, 0xA7B4, 0x8E71, 0x4B89, 0x53EA,   // 0x3290 (12944) pixels
0x3266, 0x0020, 0x0041, 0x00E1, 0x00A0, 0x43A9, 0x6DAE, 0x6D8E, 0x442A, 0x33A8, 0x3368, 0x2266, 0x2A87, 0x1A25, 0x0963, 0x0963,   // 0x32A0 (12960) pixels
0x0963, 0x1A05, 0x2A87, 0x2AC7, 0x8752, 0x7F11, 0x6DAE, 0x6D6E, 0x75CF, 0x0902, 0x00A1, 0x00A1, 0x0881, 0x0020, 0x540A, 0x9712,   // 0x32B0 (12976) pixels
0x8650, 0x0020, 0x0861, 0x5C2B, 0x6D4D, 0x756E, 0x3AA7, 0x3266, 0x29E5, 0x1963, 0x1963, 0x1102, 0x08A1, 0x18A3, 0xB817, 0xB817,   // 0x32C0 (12992) pixels
0x3046, 0x0080, 0x0881, 0x0000, 0x0000, 0x0000, 0x0000, 0x0000, 0x21A4, 0x4348, 0x4328, 0x3246, 0x3246, 0x4348, 0x4388, 0x4BC9,   // 0x32D0 (13008) pixels
0x10E2, 0x0861, 0x4308, 0x8EF1, 0x9712, 0x0000, 0x0881, 0x08A1, 0x4B89, 0x4B89, 0x1943, 0x08A1, 0x00C0, 0xA815, 0xC018, 0x80F0,   // 0x32E0 (13024) pixels
0x2A85, 0x2A05, 0xA7B4, 0x9752, 0x9712, 0x53CA, 0x5C4B, 0x22A4, 0x1222, 0x1A43, 0x08C1, 0x0881, 0x0861, 0x0040, 0x0000, 0x3AA7,   // 0x32F0 (13040) pixels
0x3266, 0x3286, 0x75AE, 0x6D2D, 0x9712, 0xA7B4, 0x96D2, 0x5CAB, 0x64CC, 0x548A, 0x4428, 0x3BE7, 0x9F53, 0x9712, 0x96F2, 0x53CA,   // 0x3300 (13056) pixels
0x540A, 0x64AC, 0x64CC, 0x758E, 0xA7B4, 0xA7B4, 0x8610, 0x4B89, 0x4BC9, 0x540A, 0x53EA, 0x53EA, 0x64EC, 0x6D2D, 0x1963, 0x0000,   // 0x3310 (13072) pixels
0x2A05, 0x9F53, 0x96F2, 0x7DCF, 0x53EA, 0x5C2B, 0x4368, 0x4388, 0x4368, 0x0040, 0x0861, 0x1923, 0x1983, 0x1122, 0x0040, 0x0000,   // 0x3320 (13088) pixels
0x4307, 0x9F93, 0xA7D4, 0x08E2, 0x1984, 0x0942, 0x0101, 0x00C1, 0x3B68, 0x4C6B, 0x3BC9, 0x1A05, 0x1A25, 0x1A05, 0x19A5, 0x19C5,   // 0x3330 (13104) pixels
0x0963, 0x1A05, 0x2A67, 0x2AC7, 0x8772, 0x7F11, 0x656D, 0x64ED, 0x6D6E, 0x0902, 0x00C1, 0x08C1, 0x10C2, 0x0841, 0x542A, 0x9712,   // 0x3340 (13120) pixels
0x8670, 0x0020, 0x0861, 0x540A, 0x650C, 0x6D2D, 0x3266, 0x2A25, 0x2A25, 0x21E4, 0x2A05, 0x1943, 0x08A1, 0x10A2, 0xB016, 0xB016,   // 0x3350 (13136) pixels
0x2845, 0x0040, 0x0841, 0x0060, 0x0060, 0x0881, 0x10C2, 0x0881, 0x3266, 0x4BE9, 0x4BA9, 0x3226, 0x3246, 0x3B07, 0x4348, 0x4B89,   // 0x3360 (13152) pixels
0x08A1, 0x0020, 0x4308, 0x9732, 0x9752, 0x0000, 0x08A1, 0x10E2, 0x4BC9, 0x4BA9, 0x1943, 0x0881, 0x00A0, 0x9813, 0xB016, 0x708E,   // 0x3370 (13168) pixels
0x2244, 0x21A4, 0x9712, 0x8E91, 0x8670, 0x4B69, 0x53EA, 0x3266, 0x21E4, 0x2A05, 0x10E2, 0x10C2, 0x08A1, 0x0060, 0x0040, 0x3266,   // 0x3380 (13184) pixels
0x2A25, 0x3246, 0x6D4D, 0x64CC, 0x8650, 0x96F2, 0x8650, 0x64AC, 0x64EC, 0x5C6B, 0x4B89, 0x4B49, 0x9732, 0x8ED1, 0x8EB1, 0x4B69,   // 0x3390 (13200) pixels
0x4BA9, 0x64CC, 0x6D0D, 0x758E, 0x9712, 0x9712, 0x756E, 0x3B07, 0x4328, 0x53CA, 0x53AA, 0x53CA, 0x656C, 0x6DAD, 0x21C4, 0x0861,   // 0x33A0 (13216) pixels
0x2A25, 0x96F2, 0x8EB1, 0x754E, 0x4348, 0x4B89, 0x4348, 0x4368, 0x4348, 0x0020, 0x0861, 0x1963, 0x21A4, 0x1963, 0x0861, 0x0040,   // 0x33B0 (13232) pixels
0x3AE7, 0x96F2, 0x9732, 0x0061, 0x1103, 0x0922, 0x0922, 0x0101, 0x3B68, 0x4C4B, 0x3BA9, 0x1A05, 0x1A45, 0x1A05, 0x11A4, 0x19C5,   // 0x33C0 (13248) pixels
0x1184, 0x1A05, 0x2246, 0x2286, 0x658E, 0x5D4D, 0x54CC, 0x54AB, 0x5CEC, 0x2A46, 0x2225, 0x1983, 0x0861, 0x0040, 0x3AE7, 0x6D2D,   // 0x33D0 (13264) pixels
0x64AC, 0x0020, 0x0000, 0x6CED, 0x8630, 0x8E71, 0x3246, 0x2A05, 0x2A25, 0x2A25, 0x2A45, 0x1943, 0x0080, 0x1082, 0xB817, 0xB016,   // 0x33E0 (13280) pixels
0x6B4D, 0x544A, 0x5C8B, 0x10E2, 0x0881, 0x08A1, 0x0881, 0x0881, 0x1943, 0x29E5, 0x21C4, 0x1122, 0x08C1, 0x5C8B, 0x758E, 0x7DCF,   // 0x33F0 (13296) pixels
0x32A6, 0x2A25, 0x4368, 0x6D0D, 0x6D4D, 0x0000, 0x0881, 0x08A1, 0x53EA, 0x53CA, 0x29E5, 0x1963, 0x1122, 0x8BD1, 0xA434, 0x738E,   // 0x3400 (13312) pixels
0x32E6, 0x32A6, 0x9712, 0x8EB1, 0x8E91, 0x4348, 0x4BA9, 0x3266, 0x2A05, 0x3246, 0x08A1, 0x0881, 0x0881, 0x08A1, 0x0881, 0x2A45,   // 0x3410 (13328) pixels
0x2A05, 0x2A25, 0x756E, 0x6D0D, 0x8650, 0x8EB1, 0x8E71, 0x7E0F, 0x8630, 0x756E, 0x5C6B, 0x5C8B, 0x53EA, 0x53EA, 0x53EA, 0x4B89,   // 0x3420 (13344) pixels
0x4B89, 0x540A, 0x5C2B, 0x648C, 0x7DCF, 0x7DAF, 0x758E, 0x756E, 0x75AE, 0x4368, 0x4B89, 0x4B89, 0x99F3, 0x9A53, 0x28E5, 0x0040,   // 0x3430 (13360) pixels
0x2A25, 0x9F33, 0x8EB1, 0x8630, 0x6D4D, 0x758E, 0x5C6B, 0x648C, 0x5C8B, 0x2A25, 0x2A25, 0x5C4B, 0x6D0D, 0x5C2B, 0x2A25, 0x2A25,   // 0x3440 (13376) pixels
0x4BC9, 0x7E30, 0x7E10, 0x54AB, 0x5CEC, 0x4C0A, 0x3B88, 0x3B68, 0x4C8B, 0x54EC, 0x442A, 0x2226, 0x2266, 0x1A05, 0x1184, 0x1184,   // 0x3450 (13392) pixels
0x11A4, 0x1A05, 0x1A25, 0x2246, 0x4C4B, 0x440A, 0x4C6A, 0x4C6A, 0x54AB, 0x3B28, 0x3B28, 0x21E5, 0x0040, 0x0040, 0x2A25, 0x53CA,   // 0x3460 (13408) pixels
0x4B69, 0x0020, 0x0000, 0x758E, 0x9712, 0x9F53, 0x2A45, 0x21E4, 0x2A25, 0x3246, 0x3266, 0x1943, 0x0060, 0x1062, 0xC038, 0xB016,   // 0x3470 (13424) pixels
0x9572, 0x8F11, 0x9F73, 0x1923, 0x08A1, 0x08A1, 0x0060, 0x0060, 0x0881, 0x08A1, 0x0881, 0x0060, 0x0000, 0x758E, 0x9F33, 0x9F53,   // 0x3480 (13440) pixels
0x53EA, 0x4B89, 0x4B89, 0x4BA9, 0x53EA, 0x0000, 0x0060, 0x08A1, 0x5C0B, 0x53EA, 0x3266, 0x2204, 0x1983, 0x86B0, 0x9772, 0x75AE,   // 0x3490 (13456) pixels
0x4348, 0x4328, 0x9F33, 0x96D2, 0x8E91, 0x3B27, 0x4B89, 0x3286, 0x2A25, 0x3266, 0x0881, 0x0060, 0x0881, 0x10C2, 0x08A1, 0x2A25,   // 0x34A0 (13472) pixels
0x21E4, 0x2A05, 0x7D8F, 0x6D2D, 0x8630, 0x8E91, 0x8E91, 0x96D2, 0x96F2, 0x8610, 0x64EC, 0x6D4D, 0x21A4, 0x2A05, 0x2A05, 0x4B89,   // 0x34B0 (13488) pixels
0x4368, 0x4BA9, 0x4BA9, 0x53EA, 0x6D0D, 0x64CC, 0x7DAF, 0x9712, 0x9F53, 0x3B07, 0x4388, 0x4B49, 0xB817, 0xC018, 0x2845, 0x0040,   // 0x34C0 (13504) pixels
0x2A05, 0x9F53, 0x96D2, 0x8EB1, 0x8E91, 0x8ED1, 0x6D2D, 0x754E, 0x754E, 0x4368, 0x4348, 0x8630, 0x9F33, 0x8630, 0x4348, 0x4B89,   // 0x34D0 (13520) pixels
0x5C4B, 0x758F, 0x6D4E, 0x9773, 0x9773, 0x75EF, 0x650D, 0x652D, 0x5D4D, 0x5D6D, 0x4C8B, 0x2246, 0x2A87, 0x1A05, 0x0963, 0x0963,   // 0x34E0 (13536) pixels
0x19A5, 0x1A05, 0x1A25, 0x2246, 0x4C4B, 0x440A, 0x548B, 0x54AB, 0x54CB, 0x32C7, 0x32C7, 0x19A4, 0x0000, 0x0000, 0x2A05, 0x53CA,   // 0x34F0 (13552) pixels
0x4348, 0x0000, 0x0000, 0x7DAF, 0x9F53, 0xA7B4, 0x3266, 0x2204, 0x2A05, 0x2A05, 0x2A25, 0x1102, 0x0020, 0x0841, 0xD03A, 0xC018,   // 0x3500 (13568) pixels
0x9D73, 0x8EF1, 0x9F53, 0x10C2, 0x0020, 0x0040, 0x0020, 0x0020, 0x0861, 0x08A1, 0x08A1, 0x0060, 0x0000, 0x758E, 0x9F13, 0x9F33,   // 0x3510 (13584) pixels
0x4BC9, 0x4368, 0x4BA9, 0x540A, 0x5C4B, 0x0000, 0x0060, 0x0881, 0x5C0B, 0x53EA, 0x3246, 0x21E4, 0x1963, 0x8E71, 0x9712, 0x758E,   // 0x3520 (13600) pixels
0x4368, 0x4368, 0xA794, 0x9F33, 0x96F2, 0x4368, 0x4BC9, 0x3246, 0x21C4, 0x2A05, 0x0040, 0x0020, 0x0040, 0x0861, 0x0040, 0x21C4,   // 0x3530 (13616) pixels
0x1983, 0x21A4, 0x756E, 0x6D0D, 0x8650, 0x8ED1, 0x8EF1, 0x8F51, 0x9772, 0x8690, 0x6D2D, 0x75AE, 0x21C4, 0x2A05, 0x2A25, 0x4BC9,   // 0x3540 (13632) pixels
0x4BA9, 0x53EA, 0x53CA, 0x542A, 0x6D0D, 0x64EC, 0x7DAF, 0x96F2, 0x9F33, 0x3B07, 0x4388, 0x4B49, 0xC018, 0xC018, 0x2825, 0x0000,   // 0x3550 (13648) pixels
0x21E4, 0x9F53, 0x96D2, 0x8ED1, 0x8EB1, 0x8EF1, 0x752E, 0x756E, 0x754E, 0x4B89, 0x4368, 0x7E6F, 0x9792, 0x7E6F, 0x3B67, 0x3BA7,   // 0x3560 (13664) pixels
0x546A, 0x758F, 0x6D2E, 0x97B3, 0x9793, 0x75EF, 0x5CCC, 0x5CEC, 0x554C, 0x558C, 0x44CA, 0x2246, 0x2A87, 0x1A05, 0x0963, 0x0963,   // 0x3570 (13680) pixels
0x1184, 0x1A05, 0x2266, 0x2AA7, 0x7670, 0x6E50, 0x3B68, 0x2A86, 0x2265, 0x6DAE, 0x760F, 0x5C8B, 0x3AA6, 0x32A6, 0x5C6B, 0x7DEF,   // 0x3580 (13696) pixels
0x75AE, 0x4BA9, 0x53EA, 0x4B69, 0x4348, 0x4B89, 0x1923, 0x10E2, 0x3266, 0x5C6B, 0x5C4B, 0x4B69, 0x3AC7, 0x3AA7, 0x3026, 0x3006,   // 0x3590 (13712) pixels
0x53AA, 0x64AC, 0x5C8B, 0x64CC, 0x6D0D, 0x540A, 0x3AA7, 0x3AE7, 0x2A25, 0x2184, 0x2184, 0x0881, 0x0020, 0x5C6B, 0x75AE, 0x75AE,   // 0x35A0 (13728) pixels
0x53CA, 0x4BC9, 0x3AA7, 0x1943, 0x1963, 0x0881, 0x08A1, 0x08C1, 0x53EA, 0x4BA9, 0x3266, 0x2A25, 0x21A4, 0x8630, 0x96F2, 0x5C6B,   // 0x35B0 (13744) pixels
0x1923, 0x1943, 0x4B89, 0x4348, 0x4348, 0x1943, 0x1923, 0x5C6B, 0x756E, 0x758E, 0x4308, 0x3AA7, 0x4328, 0x53EA, 0x4BA9, 0x758E,   // 0x35C0 (13760) pixels
0x756E, 0x756E, 0x8630, 0x8650, 0x64EC, 0x5C8B, 0x73CE, 0xA1B4, 0xA1F4, 0x71EE, 0x21E4, 0x21C4, 0x4348, 0x4328, 0x3B07, 0x1943,   // 0x35D0 (13776) pixels
0x1963, 0x2A45, 0x3266, 0x4328, 0x756E, 0x6D0D, 0x7DAF, 0x8EB1, 0x96F2, 0x4348, 0x4BA9, 0x4BA9, 0x83B0, 0x83B0, 0x4B09, 0x32A6,   // 0x35E0 (13792) pixels
0x4BC9, 0x96F2, 0x8EB1, 0x7DAF, 0x5C4B, 0x648C, 0x53EA, 0x540A, 0x53EA, 0x1923, 0x1162, 0x81D0, 0xA1F4, 0x99B3, 0x9112, 0x90F2,   // 0x35F0 (13808) pixels
0x8B11, 0x8690, 0x8E91, 0x2AA6, 0x32C7, 0x54AB, 0x6DCE, 0x65ED, 0x9BB5, 0xAB18, 0x82F2, 0x1224, 0x2246, 0x1A05, 0x11A4, 0x11A4,   // 0x3600 (13824) pixels
0x0963, 0x1A05, 0x2A67, 0x2AC7, 0x8772, 0x8772, 0x32E7, 0x19C4, 0x1163, 0x86F1, 0x9793, 0x75CE, 0x4BC9, 0x4BC9, 0x758E, 0x8EF1,   // 0x3610 (13840) pixels
0x8EB1, 0x756E, 0x7DEF, 0x3286, 0x21A4, 0x21E4, 0x08C1, 0x0060, 0x3286, 0x6D4D, 0x6D2D, 0x5C6B, 0x53EA, 0x53CA, 0x0020, 0x0020,   // 0x3620 (13856) pixels
0x3B07, 0x4BC9, 0x4368, 0x8EB1, 0x9712, 0x7DAF, 0x53CA, 0x540A, 0x3AE7, 0x2204, 0x2204, 0x08A1, 0x0060, 0x540A, 0x6D0D, 0x6D0D,   // 0x3630 (13872) pixels
0x53EA, 0x540A, 0x3246, 0x0000, 0x0020, 0x08C1, 0x08A1, 0x08E1, 0x4BA9, 0x4368, 0x3286, 0x3246, 0x29C5, 0x8630, 0x96F2, 0x540A,   // 0x3640 (13888) pixels
0x0020, 0x0080, 0x2204, 0x21C4, 0x21C4, 0x0881, 0x0020, 0x756E, 0x96F2, 0x9712, 0x542A, 0x4BE9, 0x5C6B, 0x6D2D, 0x64EC, 0x9F53,   // 0x3650 (13904) pixels
0x9F33, 0x9712, 0x8E91, 0x8ED1, 0x5C4B, 0x43A8, 0x628C, 0xB016, 0xB016, 0x680D, 0x00A0, 0x0040, 0x4BE9, 0x4B89, 0x4368, 0x0020,   // 0x3660 (13920) pixels
0x0861, 0x21A4, 0x21E4, 0x3AC7, 0x7DAF, 0x754E, 0x7DEF, 0x8ED1, 0x96F2, 0x4B89, 0x53CA, 0x53EA, 0x654C, 0x654C, 0x542A, 0x53AA,   // 0x3670 (13936) pixels
0x648C, 0x8ED1, 0x8EB1, 0x756E, 0x4B89, 0x53CA, 0x4368, 0x4B89, 0x4368, 0x0040, 0x00A0, 0x8010, 0xB016, 0xA815, 0xB837, 0xB817,   // 0x3680 (13952) pixels
0xA294, 0x86F0, 0x9712, 0x00A1, 0x08E2, 0x4C4A, 0x766F, 0x6E8E, 0xB2F8, 0xD1DC, 0xA216, 0x1224, 0x1A45, 0x1A05, 0x11A4, 0x19C5,   // 0x3690 (13968) pixels
0x1164, 0x1A05, 0x2266, 0x2AA7, 0x6E4F, 0x6E4F, 0x2AA6, 0x19C4, 0x1163, 0x762F, 0x86D1, 0x750E, 0x5ACB, 0x62CC, 0x74AE, 0x7E2F,   // 0x36A0 (13984) pixels
0x7DCF, 0x540A, 0x5C6B, 0x3286, 0x29E5, 0x2A25, 0x28A5, 0x2845, 0x4A89, 0x75AE, 0x758E, 0x540A, 0x3B07, 0x3AE7, 0x0040, 0x0040,   // 0x36B0 (14000) pixels
0x4A69, 0x630C, 0x62CC, 0x6D2D, 0x758E, 0x5C6B, 0x3AE7, 0x4328, 0x4248, 0x4188, 0x4188, 0x2865, 0x2825, 0x53CA, 0x64EC, 0x64EC,   // 0x36C0 (14016) pixels
0x4328, 0x4308, 0x3286, 0x21A4, 0x21E4, 0x2865, 0x2885, 0x28A5, 0x5C8B, 0x5C4B, 0x3266, 0x21C4, 0x1963, 0x7DEF, 0x8EB1, 0x63EC,   // 0x36D0 (14032) pixels
0x2825, 0x2865, 0x21E4, 0x21C4, 0x21A4, 0x0881, 0x0020, 0x64CC, 0x8630, 0x7E4F, 0x634C, 0x62CC, 0x63EC, 0x758E, 0x756E, 0x756E,   // 0x36E0 (14048) pixels
0x756E, 0x758E, 0x8650, 0x8670, 0x5C8B, 0x540A, 0x632C, 0x9873, 0x98D3, 0x58AB, 0x00A0, 0x0861, 0x53EA, 0x4B89, 0x4368, 0x1963,   // 0x36F0 (14064) pixels
0x2184, 0x21A4, 0x21A4, 0x3266, 0x5C8B, 0x5C4B, 0x64AC, 0x756E, 0x758E, 0x3AC7, 0x4308, 0x4328, 0x6D4D, 0x6D2D, 0x540A, 0x4B89,   // 0x3700 (14080) pixels
0x5C4B, 0x8630, 0x8610, 0x64CC, 0x3AE7, 0x4308, 0x4348, 0x4348, 0x4328, 0x0861, 0x00A0, 0x70AE, 0x98D3, 0x90B2, 0x8831, 0x8811,   // 0x3710 (14096) pixels
0x8AB1, 0x8F11, 0x9732, 0x28A6, 0x3107, 0x4BAA, 0x656D, 0x554B, 0xA3D6, 0xC35B, 0x9314, 0x1224, 0x2246, 0x1A05, 0x11A4, 0x11A4,   // 0x3720 (14112) pixels
0x19A5, 0x1A05, 0x1A25, 0x1A25, 0x2266, 0x2266, 0x1183, 0x0962, 0x0121, 0x4C2A, 0x548B, 0x7A50, 0xB016, 0xB016, 0x71CE, 0x43C8,   // 0x3730 (14128) pixels
0x4348, 0x0000, 0x0000, 0x21C4, 0x3246, 0x2284, 0xA815, 0xB817, 0xA2F4, 0x9772, 0x9F53, 0x4328, 0x0000, 0x0040, 0x10C2, 0x00C0,   // 0x3740 (14144) pixels
0x8811, 0xB016, 0xC018, 0x1022, 0x0020, 0x0020, 0x0020, 0x0020, 0x682D, 0xC018, 0xB817, 0xB016, 0xB817, 0x62CC, 0x4BC9, 0x53EA,   // 0x3750 (14160) pixels
0x0861, 0x0000, 0x4328, 0xA7D4, 0x9FF3, 0xB817, 0xB016, 0xB056, 0x97D2, 0xA794, 0x21C4, 0x0000, 0x0000, 0x64AC, 0x6D8D, 0x8AF1,   // 0x3760 (14176) pixels
0xB817, 0xC018, 0x00A0, 0x08A1, 0x08A1, 0x0060, 0x0020, 0x3AC7, 0x4B89, 0x43E8, 0xA014, 0xB016, 0xA294, 0x9772, 0xA794, 0x0000,   // 0x3770 (14192) pixels
0x0000, 0x0020, 0x7DAF, 0x6D2D, 0x6D0D, 0x6D2D, 0x64EC, 0x43E8, 0x4C49, 0x2AA5, 0x0020, 0x0000, 0x5C2B, 0x53CA, 0x53CA, 0x758E,   // 0x3780 (14208) pixels
0x7DCF, 0x21C4, 0x0861, 0x0861, 0x0000, 0x0000, 0x0000, 0x0020, 0x0040, 0x0020, 0x0020, 0x0040, 0x7DCF, 0x756E, 0x53EA, 0x4368,   // 0x3790 (14224) pixels
0x4368, 0x4B89, 0x4BA9, 0x2A25, 0x0000, 0x0000, 0x3246, 0x2A25, 0x2A05, 0x0040, 0x0020, 0x3B27, 0x4C49, 0x3326, 0x0020, 0x0020,   // 0x37A0 (14240) pixels
0x3306, 0x9F94, 0x8FD2, 0xB818, 0xB858, 0x512B, 0x11A3, 0x0902, 0x7690, 0x9FF5, 0x7ED1, 0x1A05, 0x2A87, 0x1A05, 0x0963, 0x0963,   // 0x37B0 (14256) pixels
0x11A4, 0x1A05, 0x2246, 0x1A25, 0x22A6, 0x22A6, 0x1183, 0x0942, 0x0101, 0x546B, 0x54EB, 0x7A90, 0xB016, 0xB016, 0x7A2F, 0x4C29,   // 0x37C0 (14272) pixels
0x4BA9, 0x0000, 0x0000, 0x21C4, 0x3246, 0x2264, 0xA014, 0xB016, 0xA2F4, 0x9752, 0x9F53, 0x4328, 0x0000, 0x0040, 0x08A1, 0x00C0,   // 0x37D0 (14288) pixels
0x8811, 0xB016, 0xB817, 0x1883, 0x0881, 0x0861, 0x0040, 0x0040, 0x602C, 0xB817, 0xB016, 0xA815, 0xB016, 0x62EC, 0x4BE9, 0x5C2B,   // 0x37E0 (14304) pixels
0x08C1, 0x0000, 0x4308, 0x9F53, 0x9772, 0xB016, 0xA815, 0xA855, 0x97D2, 0xA794, 0x21E4, 0x0040, 0x0000, 0x6CED, 0x75CE, 0x8B31,   // 0x37F0 (14320) pixels
0xB016, 0xB817, 0x00C0, 0x08A1, 0x08A1, 0x0060, 0x0020, 0x3B27, 0x4C09, 0x4448, 0x9853, 0xA815, 0x9AD3, 0x9752, 0xA774, 0x0000,   // 0x3800 (14336) pixels
0x0060, 0x08A1, 0x7E0F, 0x6D8D, 0x6D2D, 0x6D2D, 0x64CC, 0x4B89, 0x53CA, 0x3246, 0x0000, 0x0000, 0x544A, 0x4BE9, 0x4BE9, 0x654C,   // 0x3810 (14352) pixels
0x6D8D, 0x21C4, 0x0881, 0x08A1, 0x0040, 0x0040, 0x0861, 0x10C2, 0x10C2, 0x0060, 0x0060, 0x0881, 0x7DEF, 0x7D8F, 0x540A, 0x4B89,   // 0x3820 (14368) pixels
0x4B89, 0x4BA9, 0x53CA, 0x3266, 0x0020, 0x0020, 0x3246, 0x2A25, 0x2A05, 0x0040, 0x0020, 0x3AE7, 0x53EA, 0x3AE7, 0x0020, 0x0020,   // 0x3830 (14384) pixels
0x3B07, 0x9F94, 0x8FD2, 0xB017, 0xB858, 0x516B, 0x1A04, 0x1183, 0x7E91, 0xA7F6, 0x8692, 0x1A05, 0x2A87, 0x1A05, 0x0963, 0x0963,   // 0x3840 (14400) pixels
0x1184, 0x1A05, 0x2246, 0x2266, 0x442A, 0x442A, 0x2265, 0x1A04, 0x19E4, 0x43C9, 0x4409, 0x5A4C, 0x780F, 0x780F, 0x51AA, 0x32C6,   // 0x3850 (14416) pixels
0x3AA7, 0x3286, 0x3266, 0x3286, 0x32A6, 0x32E6, 0x706E, 0x780F, 0x728E, 0x7E0F, 0x7DEF, 0x53EA, 0x3246, 0x3266, 0x10E2, 0x0921,   // 0x3860 (14432) pixels
0x606C, 0x782F, 0x780F, 0x31E6, 0x2A25, 0x21E4, 0x1963, 0x1162, 0x69ED, 0xAA55, 0xA234, 0x700E, 0x780F, 0x4A89, 0x4348, 0x4B69,   // 0x3870 (14448) pixels
0x08C1, 0x0020, 0x3AE7, 0x8E91, 0x86D0, 0x700E, 0x702E, 0x706E, 0x652C, 0x6D0D, 0x1983, 0x0060, 0x0020, 0x53EA, 0x5C6B, 0x628C,   // 0x3880 (14464) pixels
0x780F, 0x8030, 0x0941, 0x1122, 0x1122, 0x0881, 0x0060, 0x520A, 0x6A8D, 0x62CC, 0xA054, 0xA815, 0x9A93, 0x86B0, 0x96D2, 0x0000,   // 0x3890 (14480) pixels
0x0881, 0x08A1, 0x8BF1, 0x8390, 0x538A, 0x4B89, 0x4BC9, 0x5C2B, 0x5C4B, 0x4348, 0x21C4, 0x21E4, 0x728E, 0x6A8D, 0x6A8D, 0x8390,   // 0x38A0 (14496) pixels
0x8BB1, 0x2144, 0x0881, 0x1102, 0x2A25, 0x2A05, 0x1963, 0x0881, 0x08A1, 0x0881, 0x0881, 0x08A1, 0x540A, 0x53CA, 0x3AE7, 0x3286,   // 0x38B0 (14512) pixels
0x3AE7, 0x5C4B, 0x5C4B, 0x3AE7, 0x08C1, 0x08C1, 0x4368, 0x4328, 0x4308, 0x3807, 0x3807, 0x534A, 0x5C6B, 0x4348, 0x0040, 0x0040,   // 0x38C0 (14528) pixels
0x3B07, 0x9753, 0x9792, 0x700F, 0x80B1, 0x3968, 0x11E3, 0x1163, 0x5D0D, 0x7E71, 0x652E, 0x1A05, 0x2266, 0x1A05, 0x1184, 0x1184,   // 0x38D0 (14544) pixels
0x0963, 0x1A05, 0x2A67, 0x2AC7, 0x8792, 0x8752, 0x544B, 0x4389, 0x43C9, 0x2265, 0x2265, 0x11A3, 0x00A0, 0x00C0, 0x0080, 0x0000,   // 0x38E0 (14560) pixels
0x08A1, 0xAFF5, 0xA794, 0x5C4B, 0x4368, 0x4BE9, 0x0901, 0x0080, 0x19C3, 0x4368, 0x3B07, 0x756E, 0xA794, 0x96F2, 0x1983, 0x2A25,   // 0x38F0 (14576) pixels
0x0901, 0x00C0, 0x0040, 0x650C, 0x756E, 0x64CC, 0x53EA, 0x53CA, 0x75AE, 0x8F51, 0x7EAF, 0x0020, 0x00A0, 0x19A3, 0x21E4, 0x21E4,   // 0x3900 (14592) pixels
0x10C2, 0x0881, 0x3266, 0x6D2D, 0x6D4D, 0x0040, 0x00C0, 0x00A0, 0x0000, 0x0000, 0x0881, 0x10C2, 0x08A1, 0x21A4, 0x21C4, 0x1142,   // 0x3910 (14608) pixels
0x00A0, 0x00A0, 0x2A45, 0x2A05, 0x2A05, 0x08A1, 0x00C0, 0x8811, 0xB016, 0xA815, 0xB036, 0xB016, 0x9232, 0x5D2B, 0x6D4D, 0x0020,   // 0x3920 (14624) pixels
0x08C1, 0x10A2, 0xB817, 0xB817, 0x2825, 0x0040, 0x21A4, 0x756E, 0x6D0D, 0x6D4D, 0x7DAF, 0x762E, 0xB016, 0xA815, 0xA815, 0xB016,   // 0x3930 (14640) pixels
0xC018, 0x3046, 0x0040, 0x21C4, 0x8610, 0x7DEF, 0x4B89, 0x0020, 0x0060, 0x10C2, 0x10C2, 0x08A1, 0x0000, 0x0000, 0x0861, 0x0861,   // 0x3940 (14656) pixels
0x21A4, 0x756E, 0x6D2D, 0x540A, 0x2A25, 0x2A05, 0x758E, 0x6D4D, 0x6D0D, 0xC018, 0xC018, 0x7BEF, 0x6D6D, 0x540A, 0x0861, 0x0861,   // 0x3950 (14672) pixels
0x3AE7, 0x96F1, 0x9712, 0x00E0, 0x0982, 0x0982, 0x0962, 0x0942, 0x1A25, 0x2266, 0x1A45, 0x1A25, 0x1A45, 0x1A05, 0x19A5, 0x19C5,   // 0x3960 (14688) pixels
0x0963, 0x1A05, 0x2A87, 0x2AC7, 0x8772, 0x8752, 0x546B, 0x43A9, 0x4BCA, 0x2245, 0x1A24, 0x1983, 0x08A1, 0x10C2, 0x00A0, 0x0060,   // 0x3970 (14704) pixels
0x00E0, 0xAFF5, 0xA7D4, 0x5C4B, 0x4348, 0x4BC9, 0x10E2, 0x0881, 0x29E5, 0x4BA9, 0x4328, 0x6D4D, 0x9712, 0x8E71, 0x1102, 0x21A4,   // 0x3980 (14720) pixels
0x10E2, 0x10A2, 0x0040, 0x64AC, 0x6D0D, 0x5C4B, 0x4348, 0x4328, 0x756E, 0x9752, 0x8EB1, 0x0020, 0x08A1, 0x21A4, 0x2204, 0x2A05,   // 0x3990 (14736) pixels
0x10C2, 0x0881, 0x3266, 0x6D0D, 0x6D2D, 0x0040, 0x00C0, 0x00C0, 0x0000, 0x0000, 0x0881, 0x10C2, 0x08A1, 0x21A4, 0x21E4, 0x1963,   // 0x39A0 (14752) pixels
0x08A1, 0x08A1, 0x1A43, 0x1A23, 0x1202, 0x0000, 0x0020, 0x8811, 0xB817, 0xB016, 0xC038, 0xC018, 0xA274, 0x6DCD, 0x7DEF, 0x0000,   // 0x39B0 (14768) pixels
0x0000, 0x0821, 0xB016, 0xB016, 0x3086, 0x08A1, 0x21C4, 0x6D4D, 0x64EC, 0x6D4D, 0x7DCF, 0x764E, 0xB016, 0xA815, 0xA815, 0xB016,   // 0x39C0 (14784) pixels
0xC018, 0x2805, 0x0000, 0x21C4, 0x8630, 0x8610, 0x4348, 0x0000, 0x0000, 0x10C2, 0x10C2, 0x08A1, 0x0040, 0x0040, 0x0040, 0x0000,   // 0x39D0 (14800) pixels
0x2184, 0x75AE, 0x756E, 0x540A, 0x29E5, 0x21C4, 0x6D2D, 0x64CC, 0x64AC, 0xB817, 0xB016, 0x8430, 0x75CE, 0x540A, 0x0000, 0x0000,   // 0x39E0 (14816) pixels
0x32A6, 0x9712, 0x9F32, 0x0081, 0x1123, 0x0942, 0x0962, 0x0942, 0x2245, 0x22A6, 0x2286, 0x1A25, 0x1A25, 0x1A05, 0x19A5, 0x19C5,   // 0x39F0 (14832) pixels
0x11A4, 0x1A05, 0x1A25, 0x2246, 0x4C4B, 0x4C6B, 0x19E4, 0x0942, 0x00E1, 0x75CF, 0x8691, 0x4BA9, 0x0000, 0x0080, 0x684D, 0xC038,   // 0x3A00 (14848) pixels
0xA835, 0x0040, 0x0000, 0x3B07, 0x53CA, 0x540A, 0x08A1, 0x0020, 0x21E4, 0x53EA, 0x4B89, 0x6D4D, 0x8EB1, 0x8670, 0x752E, 0x7DCF,   // 0x3A10 (14864) pixels
0x1983, 0x0040, 0x0000, 0x6CED, 0x754E, 0x7DCF, 0x8EB1, 0x8EF1, 0x540A, 0x29E5, 0x2A05, 0x0040, 0x0040, 0x21E4, 0x3246, 0x3266,   // 0x3A20 (14880) pixels
0x08A1, 0x0020, 0x4308, 0x9F53, 0x9772, 0xB016, 0xB016, 0xA835, 0x4C49, 0x5C2B, 0x1943, 0x0060, 0x0020, 0x4B89, 0x540A, 0x3266,   // 0x3A30 (14896) pixels
0x0040, 0x0080, 0xC839, 0xB016, 0xB076, 0x8F71, 0x9712, 0x4348, 0x2A25, 0x2A85, 0x00A0, 0x0060, 0x0080, 0x0881, 0x0000, 0x9F73,   // 0x3A40 (14912) pixels
0x8ED1, 0x8E71, 0xB016, 0xB837, 0x2865, 0x0040, 0x21A4, 0x7DAF, 0x756E, 0x4348, 0x0000, 0x0000, 0x9FB3, 0x8F11, 0x8F11, 0x86D0,   // 0x3A50 (14928) pixels
0x8F31, 0x4368, 0x2A25, 0x21C4, 0x0020, 0x0000, 0x3B07, 0x9F73, 0xA7B4, 0x0000, 0x0060, 0x0881, 0x3286, 0x2A05, 0x5C8B, 0x6D4D,   // 0x3A60 (14944) pixels
0x5C4B, 0x29E5, 0x2A05, 0x3AA7, 0x4B89, 0x4328, 0x9F33, 0x96F2, 0x96B2, 0xA815, 0xB016, 0x3066, 0x0060, 0x2A25, 0x9732, 0x8ED1,   // 0x3A70 (14960) pixels
0x8630, 0x6D6E, 0x75AF, 0x43E9, 0x4C2A, 0x32C7, 0x19E4, 0x19C4, 0x3368, 0x3BE9, 0x3368, 0x2266, 0x2A87, 0x1A05, 0x0963, 0x0963,   // 0x3A80 (14976) pixels
0x19A5, 0x1A05, 0x1A25, 0x2246, 0x442A, 0x444B, 0x19E4, 0x0942, 0x00E1, 0x75CF, 0x8691, 0x4389, 0x0000, 0x0000, 0x682D, 0xC839,   // 0x3A90 (14992) pixels
0xB036, 0x0060, 0x0020, 0x4328, 0x540A, 0x5C4B, 0x08A1, 0x0020, 0x21E4, 0x53EA, 0x4B89, 0x756E, 0x96F2, 0x8EB1, 0x6D2D, 0x7DAF,   // 0x3AA0 (15008) pixels
0x1983, 0x0040, 0x0000, 0x6D0D, 0x756E, 0x7DEF, 0x96F2, 0x9732, 0x5C2B, 0x21C4, 0x29E5, 0x0040, 0x0040, 0x21C4, 0x2A25, 0x3246,   // 0x3AB0 (15024) pixels
0x0881, 0x0000, 0x4328, 0x9F73, 0x9792, 0xA815, 0xA815, 0xA815, 0x4C69, 0x5C4B, 0x1943, 0x0040, 0x0020, 0x4BA9, 0x5C2B, 0x3286,   // 0x3AC0 (15040) pixels
0x0040, 0x0080, 0xC819, 0xB817, 0xB877, 0x8F91, 0x9F53, 0x4348, 0x2A25, 0x3266, 0x08A1, 0x0060, 0x0060, 0x0861, 0x0000, 0x9F53,   // 0x3AD0 (15056) pixels
0x8EB1, 0x8E71, 0xB817, 0xC018, 0x2865, 0x0040, 0x21A4, 0x758E, 0x756E, 0x4348, 0x0000, 0x0000, 0xA7B4, 0x96F2, 0x96F2, 0x8E91,   // 0x3AE0 (15072) pixels
0x9712, 0x4348, 0x3246, 0x21C4, 0x0000, 0x0000, 0x3B07, 0xA794, 0xA7D4, 0x0000, 0x0060, 0x0881, 0x3246, 0x29E5, 0x5C8B, 0x758E,   // 0x3AF0 (15088) pixels
0x5C8B, 0x2A05, 0x2A25, 0x3AC7, 0x4B89, 0x3B27, 0xA794, 0x9F53, 0x9EF3, 0xB016, 0xB817, 0x3086, 0x0080, 0x3246, 0x9F73, 0x96F2,   // 0x3B00 (15104) pixels
0x8671, 0x75AF, 0x7DF0, 0x43E9, 0x4C4A, 0x32C7, 0x19E4, 0x19E4, 0x3368, 0x3BE9, 0x3368, 0x2266, 0x2A87, 0x1A05, 0x0963, 0x0963,   // 0x3B10 (15120) pixels
0x1184, 0x1A05, 0x2246, 0x2A87, 0x7E71, 0x7E71, 0x2AA6, 0x1183, 0x1163, 0x5CAC, 0x650D, 0x5C6B, 0x4BA9, 0x4BE9, 0x51CA, 0x582B,   // 0x3B20 (15136) pixels
0x506A, 0x00A0, 0x0861, 0x21C4, 0x2A05, 0x2A25, 0x08A1, 0x0861, 0x21E4, 0x53CA, 0x4B89, 0x53EA, 0x5C4B, 0x5C4B, 0x6D2D, 0x758E,   // 0x3B30 (15152) pixels
0x2184, 0x0861, 0x0020, 0x540A, 0x5C6B, 0x53EA, 0x4B69, 0x4B69, 0x4B89, 0x4BA9, 0x4B89, 0x0040, 0x0060, 0x3266, 0x3AE7, 0x4328,   // 0x3B40 (15168) pixels
0x08C1, 0x0040, 0x3266, 0x756E, 0x654C, 0x8A71, 0x8AB1, 0x82B0, 0x21E4, 0x2A25, 0x10E2, 0x0881, 0x0861, 0x21E4, 0x2A25, 0x1963,   // 0x3B50 (15184) pixels
0x0881, 0x0080, 0x712E, 0x690D, 0x692D, 0x43C8, 0x4BA9, 0x3266, 0x2A05, 0x2A45, 0x08C1, 0x0861, 0x1983, 0x4308, 0x32A6, 0x8630,   // 0x3B60 (15200) pixels
0x7DEF, 0x7DAF, 0x60AC, 0x712E, 0x20C4, 0x0060, 0x2A05, 0x8650, 0x8630, 0x4BC9, 0x0020, 0x0000, 0x8E71, 0x7DCF, 0x7DCF, 0x7DCF,   // 0x3B70 (15216) pixels
0x8650, 0x3266, 0x1122, 0x2184, 0x2A45, 0x2A05, 0x3B07, 0x5C6B, 0x64AC, 0x0020, 0x0881, 0x08A1, 0x4328, 0x3AE7, 0x3AC7, 0x3AC7,   // 0x3B80 (15232) pixels
0x3286, 0x2A05, 0x2A05, 0x3AA7, 0x4BA9, 0x4BA9, 0x4B69, 0x4B89, 0x4B69, 0x580B, 0x584B, 0x1883, 0x0080, 0x1943, 0x4BC9, 0x4B89,   // 0x3B90 (15248) pixels
0x4B89, 0x4BA9, 0x4BCA, 0x2A86, 0x32C7, 0x2205, 0x11A3, 0x1183, 0x2AC7, 0x3348, 0x2B07, 0x2246, 0x2266, 0x1A05, 0x1184, 0x11A4,   // 0x3BA0 (15264) pixels
0x0963, 0x1A05, 0x2266, 0x2AC7, 0xAFF7, 0xA7F7, 0x3B28, 0x19C4, 0x19C4, 0x43C9, 0x43C9, 0x6D4D, 0x9F53, 0xA794, 0x4368, 0x0020,   // 0x3BB0 (15280) pixels
0x0080, 0x10C2, 0x10C2, 0x0060, 0x0040, 0x0040, 0x08A1, 0x0881, 0x29E5, 0x4BA9, 0x4B89, 0x32A6, 0x29E5, 0x2A25, 0x6D4D, 0x6D6D,   // 0x3BC0 (15296) pixels
0x21A4, 0x0881, 0x0861, 0x4328, 0x4B89, 0x2A25, 0x0020, 0x0000, 0x3B07, 0x756E, 0x64EC, 0x0040, 0x0881, 0x3AE7, 0x4BA9, 0x4BC9,   // 0x3BD0 (15312) pixels
0x10E2, 0x0881, 0x21C4, 0x4368, 0x3B27, 0x75CE, 0x6DAD, 0x654C, 0x0000, 0x0040, 0x08A1, 0x10C2, 0x10C2, 0x0040, 0x0040, 0x0861,   // 0x3BE0 (15328) pixels
0x10C2, 0x08A1, 0x2244, 0x2224, 0x1A03, 0x0040, 0x0040, 0x1983, 0x2A05, 0x2A05, 0x10E2, 0x0881, 0x3286, 0x758E, 0x6D2D, 0x6D2D,   // 0x3BF0 (15344) pixels
0x6D2D, 0x6D0D, 0x11C2, 0x2224, 0x1102, 0x0861, 0x3246, 0x9712, 0x8EF1, 0x5C2B, 0x0040, 0x0040, 0x756E, 0x64EC, 0x64EC, 0x6D2D,   // 0x3C00 (15360) pixels
0x758E, 0x1963, 0x0000, 0x1943, 0x5C2B, 0x540A, 0x3B07, 0x1983, 0x21C4, 0x0881, 0x08A1, 0x10C2, 0x4BE9, 0x4BC9, 0x1923, 0x0040,   // 0x3C10 (15376) pixels
0x10E2, 0x2A05, 0x21E4, 0x3AA7, 0x53EA, 0x5C2B, 0x0000, 0x0000, 0x0020, 0x00C0, 0x00C0, 0x0080, 0x0060, 0x0060, 0x0861, 0x0040,   // 0x3C20 (15392) pixels
0x10E2, 0x21E4, 0x21C4, 0x1143, 0x1143, 0x1163, 0x0962, 0x0942, 0x2265, 0x2AC7, 0x2286, 0x1A25, 0x1A45, 0x1A05, 0x11A4, 0x19C5,   // 0x3C30 (15408) pixels
0x0963, 0x1A05, 0x2266, 0x2AE7, 0xAFF7, 0xAFF7, 0x3B48, 0x19C4, 0x19C4, 0x4C0A, 0x4C0A, 0x6D6E, 0x9F73, 0xA7B4, 0x4368, 0x0020,   // 0x3C40 (15424) pixels
0x0060, 0x10C2, 0x10C2, 0x0881, 0x0060, 0x0060, 0x0861, 0x0040, 0x21C4, 0x53EA, 0x4BC9, 0x3AE7, 0x3246, 0x3286, 0x758E, 0x75AE,   // 0x3C50 (15440) pixels
0x21A4, 0x08A1, 0x0861, 0x3B07, 0x4368, 0x2A25, 0x0881, 0x0861, 0x4328, 0x756E, 0x64CC, 0x0020, 0x0861, 0x3B07, 0x4BC9, 0x53EA,   // 0x3C60 (15456) pixels
0x1102, 0x0881, 0x29E5, 0x53EA, 0x4B89, 0x75CE, 0x6DAD, 0x654C, 0x0000, 0x0000, 0x0040, 0x0040, 0x0040, 0x0020, 0x0000, 0x0060,   // 0x3C70 (15472) pixels
0x10C2, 0x08A1, 0x2204, 0x21E4, 0x21C4, 0x08A1, 0x08A1, 0x19C3, 0x1A23, 0x2244, 0x0881, 0x0020, 0x2A25, 0x6D2D, 0x64CC, 0x7DAF,   // 0x3C80 (15488) pixels
0x7DAF, 0x756E, 0x1983, 0x21E4, 0x10C2, 0x0020, 0x2A05, 0x9712, 0x96F2, 0x5C2B, 0x0040, 0x0040, 0x758E, 0x64EC, 0x6D0D, 0x7DAF,   // 0x3C90 (15504) pixels
0x8610, 0x19A3, 0x0020, 0x1162, 0x5C4B, 0x540A, 0x4328, 0x21A4, 0x2204, 0x0020, 0x0040, 0x0861, 0x4BC9, 0x4BA9, 0x1963, 0x0881,   // 0x3CA0 (15520) pixels
0x10E2, 0x21A4, 0x1983, 0x3266, 0x53EA, 0x5C2B, 0x0000, 0x0040, 0x0060, 0x10C2, 0x10C2, 0x0040, 0x0020, 0x0060, 0x10C2, 0x08A1,   // 0x3CB0 (15536) pixels
0x1102, 0x21A4, 0x21A4, 0x1164, 0x1984, 0x0942, 0x0101, 0x0101, 0x2245, 0x2AC7, 0x22A6, 0x1A25, 0x1A45, 0x1A05, 0x11A4, 0x19C5,   // 0x3CC0 (15552) pixels
0x1184, 0x1A05, 0x2246, 0x2266, 0x54CC, 0x54CC, 0x2225, 0x1183, 0x1183, 0x2A46, 0x2A66, 0x2A86, 0x3AC7, 0x3AE7, 0x1983, 0x0881,   // 0x3CD0 (15568) pixels
0x08A1, 0x0881, 0x0881, 0x08A1, 0x08A1, 0x0040, 0x4348, 0x4B89, 0x3AA7, 0x21A4, 0x21C4, 0x1963, 0x1102, 0x1122, 0x3266, 0x3266,   // 0x3CE0 (15584) pixels
0x10E2, 0x0881, 0x0000, 0x6D2D, 0x7DEF, 0x4B69, 0x0020, 0x0040, 0x3286, 0x5C6B, 0x540A, 0x1943, 0x1983, 0x21A4, 0x21A4, 0x21C4,   // 0x3CF0 (15600) pixels
0x08A1, 0x0881, 0x1102, 0x21C4, 0x19A3, 0xA1F4, 0x91D2, 0x91F2, 0x43A8, 0x4B69, 0x5C2B, 0x5C6B, 0x5C8B, 0x4BA9, 0x4BA9, 0x2A45,   // 0x3D00 (15616) pixels
0x0060, 0x0040, 0x4B69, 0x4328, 0x3B07, 0x0040, 0x0080, 0x60CC, 0x80F0, 0x8090, 0x4B49, 0x4368, 0x5C8B, 0x8650, 0x8E91, 0x21A4,   // 0x3D10 (15632) pixels
0x2A25, 0x2A45, 0x4328, 0x4308, 0x4368, 0x4368, 0x540A, 0x7DEF, 0x7DEF, 0x4BA9, 0x0020, 0x0000, 0x7DAF, 0x6D2D, 0x6D0D, 0x21E4,   // 0x3D20 (15648) pixels
0x2264, 0x60CC, 0x782F, 0x58AB, 0x19C3, 0x2184, 0x2A25, 0x4328, 0x3AE7, 0x5C8B, 0x5C6B, 0x5C6B, 0x4B89, 0x53EA, 0x1943, 0x0040,   // 0x3D30 (15664) pixels
0x21A4, 0x756E, 0x6D0D, 0x5C6B, 0x4B69, 0x53CA, 0x1943, 0x21A4, 0x2184, 0x0861, 0x0060, 0x2A05, 0x3AA7, 0x2A05, 0x0060, 0x0040,   // 0x3D40 (15680) pixels
0x3266, 0x758E, 0x75AF, 0x00A1, 0x08E2, 0x3B48, 0x5CEC, 0x5CEC, 0x2AE7, 0x1A45, 0x1A65, 0x2266, 0x2266, 0x1A05, 0x1184, 0x1184,   // 0x3D50 (15696) pixels
0x19A5, 0x1A05, 0x1A45, 0x1A25, 0x2286, 0x2286, 0x11A3, 0x0962, 0x0962, 0x1143, 0x1143, 0x08C1, 0x0000, 0x0000, 0x0060, 0x08A1,   // 0x3D60 (15712) pixels
0x08A1, 0x0060, 0x0060, 0x08A1, 0x08A1, 0x0020, 0x64EC, 0x758E, 0x4348, 0x0020, 0x0881, 0x0861, 0x0060, 0x0060, 0x0881, 0x0881,   // 0x3D70 (15728) pixels
0x0060, 0x0060, 0x0000, 0x8E91, 0xA794, 0x5C4B, 0x0000, 0x0040, 0x2A45, 0x53EA, 0x4B89, 0x21E4, 0x2A25, 0x10E2, 0x0881, 0x08A1,   // 0x3D80 (15744) pixels
0x0060, 0x0060, 0x0861, 0x0881, 0x0080, 0xB817, 0xA815, 0xA815, 0x6E0D, 0x754E, 0x8E91, 0x96F2, 0x9712, 0x758E, 0x7DAF, 0x4368,   // 0x3D90 (15760) pixels
0x0020, 0x0020, 0x5C4B, 0x53EA, 0x53AA, 0x0020, 0x0080, 0x9032, 0xB817, 0xC018, 0x74CE, 0x654C, 0x7DEF, 0x96F2, 0xA794, 0x0000,   // 0x3DA0 (15776) pixels
0x0020, 0x0060, 0x5C4B, 0x53CA, 0x64EC, 0x6D2D, 0x6D2D, 0x754E, 0x758E, 0x4348, 0x0020, 0x0000, 0x7DCF, 0x754E, 0x6D0D, 0x0000,   // 0x3DB0 (15792) pixels
0x0020, 0x8831, 0xC839, 0x8831, 0x0040, 0x0020, 0x21A4, 0x5C2B, 0x4B89, 0x9732, 0x96F2, 0x8EB1, 0x4B89, 0x5C2B, 0x1943, 0x0020,   // 0x3DC0 (15808) pixels
0x2A25, 0xA7B4, 0x9F53, 0x7DAF, 0x4348, 0x4BA9, 0x2A25, 0x3266, 0x3246, 0x0020, 0x0000, 0x3B07, 0x5C0B, 0x3B07, 0x0020, 0x0020,   // 0x3DD0 (15824) pixels
0x3B28, 0xA7D5, 0xAFF6, 0x0020, 0x0080, 0x548B, 0x8F12, 0x8F32, 0x3348, 0x1204, 0x1A45, 0x2A87, 0x2A87, 0x1A05, 0x0963, 0x0963,   // 0x3DE0 (15840) pixels
0x11A4, 0x1A05, 0x2246, 0x2246, 0x2B27, 0x3328, 0x11C4, 0x1183, 0x1183, 0x19C4, 0x19C4, 0x1963, 0x1102, 0x1102, 0x1122, 0x1943,   // 0x3DF0 (15856) pixels
0x1923, 0x0060, 0x0060, 0x10E2, 0x1102, 0x10C2, 0x542A, 0x64AC, 0x4308, 0x1102, 0x1943, 0x10C2, 0x0060, 0x0881, 0x1923, 0x1122,   // 0x3E00 (15872) pixels
0x1883, 0x1863, 0x1002, 0x758E, 0x8670, 0x4BA9, 0x0020, 0x0040, 0x2A45, 0x53EA, 0x4BA9, 0x21A4, 0x21E4, 0x10E2, 0x08A1, 0x08A1,   // 0x3E10 (15888) pixels
0x0881, 0x0060, 0x08C1, 0x1943, 0x0941, 0xB096, 0xA094, 0x98D3, 0x6DED, 0x756E, 0x75AE, 0x7DCF, 0x7DCF, 0x756E, 0x75AE, 0x4B69,   // 0x3E20 (15904) pixels
0x1002, 0x1823, 0x4BE9, 0x4B89, 0x4B69, 0x0020, 0x0060, 0x8090, 0xA8B5, 0xA054, 0x740E, 0x6C4D, 0x7D4F, 0x96F2, 0x9F53, 0x0000,   // 0x3E30 (15920) pixels
0x0861, 0x08A1, 0x4BA9, 0x4328, 0x64AC, 0x6D2D, 0x64EC, 0x64AC, 0x6CED, 0x3B07, 0x0020, 0x0000, 0x7DCF, 0x754E, 0x6D0D, 0x08A1,   // 0x3E40 (15936) pixels
0x0921, 0x786F, 0xA034, 0x704E, 0x0080, 0x0060, 0x21A4, 0x4B89, 0x4308, 0x8E91, 0x8630, 0x7E0F, 0x4308, 0x4B89, 0x1923, 0x0020,   // 0x3E50 (15952) pixels
0x21E4, 0x8E71, 0x8630, 0x64EC, 0x3AE7, 0x4348, 0x29E5, 0x2A05, 0x29E5, 0x1122, 0x1102, 0x4328, 0x540A, 0x4308, 0x0020, 0x0020,   // 0x3E60 (15968) pixels
0x3AC7, 0x8ED2, 0x96F3, 0x0060, 0x00A1, 0x4C4A, 0x7E90, 0x8691, 0x3347, 0x1224, 0x1A45, 0x2A67, 0x2A87, 0x1A05, 0x0963, 0x1184,   // 0x3E70 (15984) pixels
0x0963, 0x1A05, 0x2A87, 0x2AA7, 0x65CE, 0x65CE, 0x2AC6, 0x19E4, 0x19C4, 0x4C0A, 0x4C2A, 0x64EC, 0x7DCF, 0x7DAF, 0x758E, 0x756E,   // 0x3E80 (16000) pixels
0x6D0D, 0x0040, 0x0881, 0x4328, 0x4BC9, 0x540A, 0x08A1, 0x0000, 0x3286, 0x75AE, 0x75AE, 0x3AC7, 0x0861, 0x10E2, 0x540A, 0x4408,   // 0x3E90 (16016) pixels
0xA0F4, 0xC018, 0xD03A, 0x0801, 0x0000, 0x0020, 0x10C2, 0x0881, 0x2A45, 0x4BA9, 0x4348, 0x0040, 0x08A1, 0x0861, 0x0060, 0x0060,   // 0x3EA0 (16032) pixels
0x10C2, 0x0881, 0x3AA7, 0x75AE, 0x6D6D, 0x6DCD, 0x6DCD, 0x6DCD, 0x8ED1, 0x9732, 0x2184, 0x0000, 0x0000, 0x7E0F, 0x8F11, 0xA3F4,   // 0x3EB0 (16048) pixels
0xC018, 0xC819, 0x1202, 0x21C4, 0x21C4, 0x08A1, 0x0881, 0x3326, 0x3BE7, 0x3426, 0xA835, 0xB817, 0xA294, 0x86F0, 0x9712, 0x0000,   // 0x3EC0 (16064) pixels
0x10C2, 0x08A1, 0x0020, 0x0000, 0x540A, 0x7DAF, 0x53EA, 0x0000, 0x0000, 0x0040, 0x10C2, 0x0040, 0x756E, 0x64EC, 0x6D0D, 0x7DCF,   // 0x3ED0 (16080) pixels
0x8630, 0x11A2, 0x0040, 0x0080, 0x10C2, 0x10C2, 0x0881, 0x0020, 0x0000, 0x53EA, 0x4B89, 0x4348, 0x0000, 0x0020, 0x08A1, 0x10C2,   // 0x3EE0 (16096) pixels
0x0881, 0x0000, 0x0000, 0x0000, 0x0861, 0x0881, 0x0040, 0x0020, 0x0881, 0xAFF5, 0xA794, 0x75AE, 0x6D2D, 0x540A, 0x0861, 0x08A1,   // 0x3EF0 (16112) pixels
0x1102, 0x1983, 0x1983, 0x1164, 0x1143, 0x3B48, 0x4C6A, 0x4C6A, 0x3327, 0x2AC7, 0x22A6, 0x1A25, 0x1A45, 0x1A05, 0x19A5, 0x19C5,   // 0x3F00 (16128) pixels
0x0963, 0x1A05, 0x2A87, 0x2AA7, 0x5DAD, 0x5DAD, 0x2AA6, 0x19E4, 0x19C4, 0x43C9, 0x43E9, 0x548B, 0x758E, 0x6D6D, 0x6D2D, 0x64EC,   // 0x3F10 (16144) pixels
0x64AC, 0x0040, 0x0881, 0x3AE7, 0x4B89, 0x4BC9, 0x10C2, 0x0040, 0x3286, 0x756E, 0x756E, 0x3AA7, 0x0861, 0x10E2, 0x53EA, 0x43E8,   // 0x3F20 (16160) pixels
0x98F3, 0xB837, 0xC038, 0x1062, 0x0060, 0x0881, 0x10C2, 0x0881, 0x2A25, 0x4B89, 0x4348, 0x0040, 0x08A1, 0x0881, 0x0060, 0x0060,   // 0x3F30 (16176) pixels
0x08A1, 0x0881, 0x3286, 0x6D6D, 0x652C, 0x756E, 0x754E, 0x756E, 0x8ED1, 0x9732, 0x29E5, 0x0040, 0x0000, 0x7E0F, 0x8EF1, 0x9BF3,   // 0x3F40 (16192) pixels
0xB817, 0xC018, 0x1222, 0x2A05, 0x21E4, 0x0861, 0x0040, 0x3AE7, 0x4BA9, 0x3BE7, 0xA895, 0xB817, 0xA2D4, 0x8F31, 0x9F53, 0x0000,   // 0x3F50 (16208) pixels
0x10C2, 0x08A1, 0x0020, 0x0000, 0x540A, 0x758E, 0x53EA, 0x0000, 0x0060, 0x0881, 0x10C2, 0x0040, 0x75AE, 0x652C, 0x652C, 0x756E,   // 0x3F60 (16224) pixels
0x7DCF, 0x1983, 0x0020, 0x0060, 0x10C2, 0x10C2, 0x0881, 0x0020, 0x0000, 0x544A, 0x4BE9, 0x4BC9, 0x0020, 0x0060, 0x0881, 0x0881,   // 0x3F70 (16240) pixels
0x0881, 0x0020, 0x0040, 0x0060, 0x08A1, 0x08A1, 0x0060, 0x0060, 0x08A1, 0xA7B4, 0x9F33, 0x756E, 0x6D0D, 0x53EA, 0x0040, 0x08A1,   // 0x3F80 (16256) pixels
0x1923, 0x2A05, 0x29E4, 0x1163, 0x1143, 0x3B48, 0x54AB, 0x54AB, 0x2B07, 0x2286, 0x2286, 0x1A25, 0x2246, 0x1A05, 0x11A4, 0x19C5,   // 0x3F90 (16272) pixels
0x1164, 0x1A05, 0x2266, 0x2A87, 0x54EC, 0x54EC, 0x2265, 0x19C4, 0x1183, 0x544B, 0x548B, 0x644D, 0x83EF, 0x7BEF, 0x74CE, 0x758E,   // 0x3FA0 (16288) pixels
0x6D2D, 0x0020, 0x0861, 0x3AE7, 0x4BA9, 0x4BA9, 0x29E5, 0x21A4, 0x3AA7, 0x540A, 0x542A, 0x2A25, 0x0861, 0x10C2, 0x3B07, 0x3306,   // 0x3FB0 (16304) pixels
0x70CE, 0x8831, 0x9052, 0x1082, 0x0080, 0x0881, 0x08A1, 0x0861, 0x3AA7, 0x5C8B, 0x542A, 0x1102, 0x1963, 0x08A1, 0x0881, 0x0881,   // 0x3FC0 (16320) pixels
0x08A1, 0x0881, 0x3A07, 0x8410, 0x7BCF, 0x5C8B, 0x5C6B, 0x5C8B, 0x6D2D, 0x6D4D, 0x3AC7, 0x2A05, 0x21A4, 0x8630, 0x8EF1, 0x8BF1,   // 0x3FD0 (16336) pixels
0x8010, 0x9032, 0x1A43, 0x2A05, 0x2A05, 0x2A25, 0x2A05, 0x3AE7, 0x4328, 0x3B67, 0x8090, 0x8811, 0x7A4F, 0x6D6D, 0x758E, 0x0020,   // 0x3FE0 (16352) pixels
0x08A1, 0x08A1, 0x2A25, 0x21A4, 0x64AC, 0x7DCF, 0x5C4B, 0x0881, 0x10E2, 0x08C1, 0x08A1, 0x0060, 0x8430, 0x7BCF, 0x7BEF, 0x5C8B,   // 0x3FF0 (16368) pixels
0x64AC, 0x2A05, 0x1122, 0x1102, 0x08A1, 0x0881, 0x1923, 0x2A05, 0x21E4, 0x6AED, 0x62EC, 0x62CC, 0x2825, 0x3046, 0x2164, 0x21C4,   // 0x4000 (16384) pixels
0x21C4, 0x2A05, 0x2A05, 0x21C4, 0x1943, 0x2184, 0x0060, 0x0861, 0x08A1, 0x7DAF, 0x6D4D, 0x6D0D, 0x6D2D, 0x540A, 0x08A1, 0x10E2,   // 0x4010 (16400) pixels
0x2184, 0x3286, 0x32A6, 0x1123, 0x0922, 0x3B68, 0x54CB, 0x54AB, 0x43E9, 0x3BA9, 0x3348, 0x1A25, 0x2246, 0x1A05, 0x11A4, 0x11A4,   // 0x4020 (16416) pixels
0x19A5, 0x1A05, 0x1A25, 0x1A25, 0x2286, 0x22A6, 0x11A3, 0x0962, 0x00E1, 0x75CF, 0x7E90, 0x9352, 0xB015, 0xA815, 0x9BB3, 0x9772,   // 0x4030 (16432) pixels
0x8E91, 0x0000, 0x0020, 0x4308, 0x53EA, 0x4BA9, 0x6D2D, 0x75AE, 0x4328, 0x0000, 0x0861, 0x0861, 0x0060, 0x0060, 0x0881, 0x0881,   // 0x4040 (16448) pixels
0x0060, 0x0080, 0x0060, 0x08C1, 0x10C2, 0x08A1, 0x0060, 0x0000, 0x540A, 0x9F73, 0x96F2, 0x4368, 0x53EA, 0x1963, 0x08A1, 0x10C2,   // 0x4050 (16464) pixels
0x0060, 0x0060, 0x4829, 0xC018, 0xC018, 0x11E2, 0x21A4, 0x21A4, 0x0000, 0x0000, 0x756E, 0x9732, 0x96F2, 0x96D2, 0x9F13, 0x542A,   // 0x4060 (16480) pixels
0x0000, 0x0040, 0x3266, 0x2A25, 0x3286, 0x9F73, 0x9F73, 0x4348, 0x29E5, 0x3246, 0x00A0, 0x0060, 0x0060, 0x0040, 0x0040, 0x0060,   // 0x4070 (16496) pixels
0x0060, 0x08A1, 0xAFF5, 0x9F53, 0x8ED1, 0x8ED1, 0x758E, 0x2A05, 0x3266, 0x2184, 0x0040, 0x0080, 0xC819, 0xB817, 0xB016, 0x11E2,   // 0x4080 (16512) pixels
0x1983, 0x4B69, 0x5C2B, 0x4308, 0x0020, 0x0020, 0x4328, 0xA7D4, 0x9FF3, 0xB016, 0xA815, 0xB016, 0xB857, 0xC018, 0x8430, 0x6D6D,   // 0x4090 (16528) pixels
0x7DCF, 0x9F73, 0x9F73, 0x7DEF, 0x4388, 0x540A, 0x0861, 0x10C2, 0x08A1, 0x0000, 0x0000, 0x53EA, 0x758E, 0x5C6B, 0x21C4, 0x2A04,   // 0x40A0 (16544) pixels
0x3AE7, 0x544B, 0x5C8C, 0x0080, 0x00A1, 0x3B68, 0x652D, 0x5CEC, 0x7690, 0x8752, 0x6DEF, 0x2226, 0x2A87, 0x1A05, 0x0963, 0x0963,   // 0x40B0 (16560) pixels
0x19A5, 0x1A05, 0x1A25, 0x1A25, 0x2AC7, 0x2AE7, 0x11A3, 0x0962, 0x00E1, 0x7E30, 0x86F1, 0x9BB3, 0xB817, 0xB817, 0xAC35, 0x9FF3,   // 0x40C0 (16576) pixels
0x96F2, 0x0000, 0x0000, 0x3AC7, 0x4BA9, 0x4B69, 0x64EC, 0x6D2D, 0x3B27, 0x0080, 0x00C0, 0x0060, 0x0020, 0x0000, 0x0020, 0x0020,   // 0x40D0 (16592) pixels
0x0040, 0x0060, 0x0060, 0x0861, 0x0861, 0x0080, 0x0080, 0x0000, 0x544A, 0xA7D4, 0x9F33, 0x4368, 0x540A, 0x1963, 0x08A1, 0x10C2,   // 0x40E0 (16608) pixels
0x0060, 0x0060, 0x4869, 0xB857, 0xB817, 0x1A43, 0x2A25, 0x2A05, 0x0040, 0x0000, 0x75AE, 0x9F53, 0x9712, 0x8F71, 0x97D2, 0x548A,   // 0x40F0 (16624) pixels
0x0000, 0x0000, 0x2A05, 0x21A4, 0x2A05, 0x9F93, 0x9F93, 0x4328, 0x21C4, 0x2A25, 0x0060, 0x0040, 0x0020, 0x0020, 0x0020, 0x0040,   // 0x4100 (16640) pixels
0x0020, 0x0881, 0xAFF5, 0x9F73, 0x9732, 0x9F53, 0x7DEF, 0x2A05, 0x3286, 0x21A4, 0x0040, 0x0080, 0xD01A, 0xB817, 0xB016, 0x1A23,   // 0x4110 (16656) pixels
0x21C4, 0x4B69, 0x5C2B, 0x3AE7, 0x0000, 0x0000, 0x4328, 0xAFF5, 0x9FF3, 0xB817, 0xB817, 0xB016, 0xB817, 0xB817, 0x7BCF, 0x652C,   // 0x4120 (16672) pixels
0x758E, 0x96F2, 0x96F2, 0x758E, 0x4B89, 0x540A, 0x0000, 0x0040, 0x0040, 0x0000, 0x0000, 0x53CA, 0x756E, 0x5C6B, 0x21C4, 0x2A05,   // 0x4130 (16688) pixels
0x3B08, 0x5C8C, 0x64CD, 0x0080, 0x00A0, 0x3B68, 0x654D, 0x5CEC, 0x6E4F, 0x76D0, 0x65AE, 0x2226, 0x2A87, 0x1A05, 0x0963, 0x0963,   // 0x4140 (16704) pixels
0x0963, 0x1A05, 0x2A87, 0x2266, 0x1244, 0x1A45, 0x1A04, 0x19E4, 0x2205, 0x0942, 0x0922, 0x10E2, 0x10A2, 0x10A2, 0x10A2, 0x08A1,   // 0x4150 (16720) pixels
0x1102, 0x756E, 0x6D0D, 0x6CED, 0x64EC, 0x64EC, 0x6D2D, 0x6D8D, 0x8310, 0xA014, 0xA014, 0x720E, 0x4BC9, 0x53CA, 0x8E91, 0x8ED1,   // 0x4160 (16736) pixels
0x29E5, 0x0881, 0x0861, 0x4328, 0x4388, 0x6A0D, 0xB016, 0xB036, 0x508A, 0x00C0, 0x08C1, 0x10C2, 0x10E2, 0x0881, 0x0060, 0x0060,   // 0x4170 (16752) pixels
0x08A1, 0x00C0, 0x4869, 0xB016, 0xB016, 0x00E0, 0x10C2, 0x10E2, 0x4BA9, 0x4B89, 0x1983, 0x10E2, 0x0100, 0x9853, 0xB036, 0x710E,   // 0x4180 (16768) pixels
0x2244, 0x21C4, 0x8ED1, 0x8670, 0x7E0F, 0x0861, 0x08A1, 0x53EA, 0x6D0D, 0x6D2D, 0x3266, 0x29E5, 0x53CA, 0x8E91, 0x8EB1, 0x21A4,   // 0x4190 (16784) pixels
0x2A25, 0x2A05, 0x08A1, 0x08A1, 0x10E2, 0x10E2, 0x10E2, 0x0060, 0x0881, 0x0881, 0x08A1, 0x0861, 0x53AA, 0x4B69, 0x4B49, 0x2A25,   // 0x41A0 (16800) pixels
0x2A25, 0x2A05, 0x2A05, 0x2A05, 0x2A25, 0x2A25, 0x2184, 0x08A1, 0x08C1, 0x10A2, 0x10A2, 0x18C3, 0x752E, 0x6CCD, 0x540A, 0x4BA9,   // 0x41B0 (16816) pixels
0x5C8B, 0x8EB1, 0x8ED1, 0x5C4B, 0x0861, 0x0861, 0x6D4D, 0x64CC, 0x64EC, 0x8EB1, 0x8E71, 0x8E71, 0x8EB1, 0x6D0D, 0x0040, 0x10C2,   // 0x41C0 (16832) pixels
0x08A1, 0x08A1, 0x0881, 0x1984, 0x1123, 0x3B48, 0x54AB, 0x4C2A, 0x96F3, 0xAFF7, 0x8672, 0x11C4, 0x2246, 0x1A05, 0x11A4, 0x11A4,   // 0x41D0 (16848) pixels
0x0963, 0x1A05, 0x2A87, 0x2266, 0x09E3, 0x09E3, 0x19E4, 0x2205, 0x2225, 0x00C1, 0x00A1, 0x0081, 0x0881, 0x0881, 0x0060, 0x0040,   // 0x41E0 (16864) pixels
0x00A0, 0x7DEF, 0x756E, 0x6D0D, 0x64EC, 0x64EC, 0x756E, 0x75CE, 0x8AF1, 0xA815, 0xB016, 0x720E, 0x4428, 0x542A, 0x9732, 0x9F73,   // 0x41F0 (16880) pixels
0x2A05, 0x0881, 0x0861, 0x4368, 0x43E8, 0x7A2F, 0xB817, 0xC018, 0x502A, 0x0060, 0x0060, 0x10A2, 0x10A2, 0x0060, 0x0040, 0x0040,   // 0x4200 (16896) pixels
0x08A1, 0x00A0, 0x4869, 0xB016, 0xB016, 0x00C0, 0x08A1, 0x10C2, 0x4BA9, 0x4B89, 0x1923, 0x0881, 0x00A0, 0x9813, 0xB016, 0x78AF,   // 0x4210 (16912) pixels
0x2244, 0x21A4, 0x9732, 0x8ED1, 0x8670, 0x0000, 0x0040, 0x542A, 0x6D4D, 0x756E, 0x3266, 0x29E5, 0x542A, 0x9732, 0x9F53, 0x2184,   // 0x4220 (16928) pixels
0x2A25, 0x2A05, 0x0000, 0x0000, 0x0881, 0x08A1, 0x0881, 0x0040, 0x0040, 0x0861, 0x08A1, 0x0861, 0x4BE9, 0x4388, 0x4388, 0x2A25,   // 0x4230 (16944) pixels
0x3266, 0x2A05, 0x2A05, 0x2A05, 0x3266, 0x3266, 0x2184, 0x0040, 0x0040, 0x00C0, 0x00A0, 0x08E1, 0x6D6D, 0x650C, 0x542A, 0x53CA,   // 0x4240 (16960) pixels
0x648C, 0x8EF1, 0x96F2, 0x5C4B, 0x0040, 0x0020, 0x75AE, 0x6D0D, 0x6D2D, 0x9F73, 0x9F33, 0x96F2, 0x9712, 0x6D4D, 0x0040, 0x00C0,   // 0x4250 (16976) pixels
0x0080, 0x0040, 0x0020, 0x19A4, 0x1143, 0x3B48, 0x548B, 0x4429, 0x9F34, 0xBFF9, 0x8EB3, 0x11A4, 0x1A45, 0x1A05, 0x11A4, 0x19C5,   // 0x4260 (16992) pixels
0x1184, 0x1A05, 0x2266, 0x2286, 0x5CED, 0x5CED, 0x2245, 0x11A3, 0x11A3, 0x2A86, 0x2A86, 0x3286, 0x32A6, 0x32C6, 0x4148, 0x502A,   // 0x4270 (17008) pixels
0x508A, 0x5CEB, 0x5C4B, 0x758E, 0x7DCF, 0x7E0F, 0x4348, 0x3B07, 0x6B0D, 0xA2F4, 0xA314, 0x8270, 0x720E, 0x722E, 0x4C29, 0x5C4B,   // 0x4280 (17024) pixels
0x1943, 0x0881, 0x0861, 0x2A25, 0x2A45, 0x520A, 0x89B1, 0x89D1, 0x3907, 0x0080, 0x0881, 0x08A1, 0x0881, 0x21A4, 0x29E5, 0x29E5,   // 0x4290 (17040) pixels
0x1943, 0x1142, 0x50CA, 0xB016, 0xB817, 0x00A0, 0x0881, 0x08C1, 0x756E, 0x754E, 0x1983, 0x0861, 0x0080, 0x718E, 0x8190, 0x6A6D,   // 0x42A0 (17056) pixels
0x4388, 0x4348, 0x758E, 0x754E, 0x6D0D, 0x0020, 0x0040, 0x4308, 0x53EA, 0x53EA, 0x3AE7, 0x3AA7, 0x4348, 0x540A, 0x540A, 0x4368,   // 0x42B0 (17072) pixels
0x4B69, 0x4B69, 0x4328, 0x4B69, 0x1923, 0x0881, 0x10C2, 0x1943, 0x1943, 0x1943, 0x1943, 0x1102, 0x53EA, 0x4BA9, 0x4B89, 0x1923,   // 0x42C0 (17088) pixels
0x1963, 0x1963, 0x1963, 0x1963, 0x1963, 0x1983, 0x1122, 0x0881, 0x00A0, 0x586B, 0x504A, 0x508A, 0x7E4F, 0x8610, 0x4328, 0x2A05,   // 0x42D0 (17104) pixels
0x4308, 0x758E, 0x758E, 0x4B69, 0x0040, 0x0020, 0x64EC, 0x5C6B, 0x5C6B, 0x53EA, 0x540A, 0x53EA, 0x540A, 0x530A, 0x500A, 0x504A,   // 0x42E0 (17120) pixels
0x38C7, 0x1163, 0x1963, 0x0943, 0x0902, 0x3B68, 0x5CEC, 0x54AB, 0x652E, 0x6D6F, 0x548C, 0x1A05, 0x2266, 0x1A05, 0x1184, 0x11A4,   // 0x42F0 (17136) pixels
0x19A5, 0x1A05, 0x1A25, 0x2A87, 0xC7FA, 0xBFFA, 0x32C7, 0x0942, 0x0121, 0x548B, 0x5CCC, 0x64ED, 0x6D4D, 0x6D8D, 0x9A73, 0xC018,   // 0x4300 (17152) pixels
0xB076, 0x3BA7, 0x3B07, 0x8630, 0x96F2, 0xA794, 0x08A1, 0x0000, 0x3B27, 0x97B2, 0x8FB1, 0x9B13, 0xB016, 0xA014, 0x0060, 0x0861,   // 0x4310 (17168) pixels
0x0060, 0x0060, 0x0060, 0x0881, 0x0861, 0x21E4, 0x43E8, 0x43E8, 0x2204, 0x0881, 0x10C2, 0x0060, 0x0020, 0x4328, 0x540A, 0x5C2B,   // 0x4320 (17184) pixels
0x2A25, 0x2224, 0x614C, 0xB837, 0xC038, 0x0080, 0x0060, 0x08C1, 0xA7B4, 0xA794, 0x21E4, 0x0040, 0x0020, 0x43A8, 0x4C09, 0x546A,   // 0x4330 (17200) pixels
0x6D4D, 0x6D4D, 0x4B69, 0x4B89, 0x4B69, 0x0020, 0x0040, 0x21A4, 0x2A05, 0x29E5, 0x4368, 0x4BC9, 0x2A45, 0x0020, 0x0000, 0x75AE,   // 0x4340 (17216) pixels
0x6D2D, 0x6D4D, 0x9F53, 0xA7B4, 0x2A05, 0x0020, 0x10E2, 0x3286, 0x3266, 0x2A45, 0x2A05, 0x21E4, 0x53EA, 0x53CA, 0x4BA9, 0x0000,   // 0x4350 (17232) pixels
0x0040, 0x0881, 0x08A1, 0x0881, 0x0040, 0x0040, 0x0881, 0x10C2, 0x00C0, 0xC018, 0xB016, 0xB036, 0x9792, 0x9F73, 0x21C4, 0x0000,   // 0x4360 (17248) pixels
0x1122, 0x53CA, 0x4BA9, 0x3246, 0x0020, 0x0000, 0x540A, 0x4BA9, 0x4B89, 0x0000, 0x0000, 0x0040, 0x0060, 0x3046, 0xB817, 0xB817,   // 0x4370 (17264) pixels
0x8110, 0x2AC6, 0x32C8, 0x00C1, 0x00A1, 0x3B68, 0x652D, 0x654D, 0x22A6, 0x09C3, 0x1204, 0x2A87, 0x2A87, 0x1A05, 0x0963, 0x0963,   // 0x4380 (17280) pixels
0x19A5, 0x1A05, 0x1A25, 0x2286, 0xB7F8, 0xB7F8, 0x2AA7, 0x0942, 0x0121, 0x544B, 0x5C8C, 0x5CCC, 0x654C, 0x5DAB, 0x9272, 0xB817,   // 0x4390 (17296) pixels
0xB056, 0x3BE7, 0x4348, 0x8650, 0x9712, 0xA7B4, 0x10E2, 0x0000, 0x4328, 0x9F33, 0x8F31, 0xA2F4, 0xB016, 0xA815, 0x00C0, 0x10C2,   // 0x43A0 (17312) pixels
0x0080, 0x0080, 0x0060, 0x0881, 0x0861, 0x21C4, 0x4BE9, 0x4BE9, 0x2A05, 0x0881, 0x0881, 0x0000, 0x0000, 0x4308, 0x540A, 0x5C2B,   // 0x43B0 (17328) pixels
0x2A25, 0x2224, 0x614C, 0xC018, 0xC819, 0x0020, 0x0000, 0x0060, 0x9F73, 0x9F53, 0x21C4, 0x0040, 0x0020, 0x4BA9, 0x53EA, 0x5C6B,   // 0x43C0 (17344) pixels
0x6D4D, 0x6D4D, 0x53CA, 0x540A, 0x53AA, 0x0000, 0x0000, 0x19C3, 0x2A65, 0x2244, 0x4388, 0x4BC9, 0x2A45, 0x0020, 0x0000, 0x756E,   // 0x43D0 (17360) pixels
0x64CC, 0x650C, 0x9772, 0x9FD3, 0x2204, 0x0020, 0x10E2, 0x3246, 0x2A25, 0x2A25, 0x2A05, 0x21E4, 0x53EA, 0x4BA9, 0x4B89, 0x0020,   // 0x43E0 (17376) pixels
0x0060, 0x0861, 0x0861, 0x0040, 0x0000, 0x0000, 0x0040, 0x08A1, 0x00C0, 0xC018, 0xA815, 0xA815, 0x97B2, 0xA794, 0x21C4, 0x0000,   // 0x43F0 (17392) pixels
0x1102, 0x540A, 0x53EA, 0x3266, 0x0020, 0x0000, 0x5C2B, 0x53CA, 0x4BA9, 0x0000, 0x0040, 0x0861, 0x0060, 0x3046, 0xB817, 0xB817,   // 0x4400 (17408) pixels
0x78F0, 0x2285, 0x3287, 0x00C0, 0x00A0, 0x3B68, 0x652D, 0x654D, 0x2AE6, 0x1204, 0x1A45, 0x2A87, 0x2A87, 0x1A05, 0x0963, 0x0963,   // 0x4410 (17424) pixels
0x1184, 0x1A05, 0x2246, 0x2AA7, 0xAFF7, 0xAFF7, 0x32E7, 0x1183, 0x1183, 0x4C0A, 0x4C4A, 0x6B6D, 0x9232, 0x9272, 0x71AE, 0x612C,   // 0x4420 (17440) pixels
0x614C, 0x32E6, 0x3286, 0x5C6B, 0x6CED, 0x756E, 0x10E2, 0x0020, 0x4328, 0x9712, 0x8F11, 0x6B2D, 0x500A, 0x4869, 0x00A0, 0x00A0,   // 0x4430 (17456) pixels
0x506A, 0x684D, 0x682D, 0x3226, 0x2A45, 0x2A25, 0x29E5, 0x29E5, 0x21A4, 0x1963, 0x1983, 0x5C4B, 0x5C2B, 0x3266, 0x21C4, 0x29E5,   // 0x4440 (17472) pixels
0x1943, 0x1142, 0x3947, 0x692D, 0x610C, 0x3B67, 0x4308, 0x4348, 0x96F2, 0x9732, 0x29E5, 0x0861, 0x0881, 0x21C4, 0x21C4, 0x3286,   // 0x4450 (17488) pixels
0x4B89, 0x4B89, 0x21A4, 0x21E4, 0x2A05, 0x5C2B, 0x544A, 0x69AD, 0x70EE, 0x78EF, 0x29C5, 0x21E4, 0x3AC7, 0x540A, 0x4BC9, 0x8630,   // 0x4460 (17504) pixels
0x7E0F, 0x7DEF, 0xA2B4, 0xAB35, 0x2925, 0x0060, 0x1923, 0x4328, 0x3B07, 0x2A45, 0x1122, 0x10E2, 0x64CC, 0x5C8B, 0x5C4B, 0x0020,   // 0x4470 (17520) pixels
0x0060, 0x3286, 0x4328, 0x4348, 0x540A, 0x542A, 0x3AE7, 0x1943, 0x1162, 0x8230, 0x720E, 0x722E, 0x652C, 0x6D0D, 0x4B89, 0x4308,   // 0x4480 (17536) pixels
0x4348, 0x4BA9, 0x4BC9, 0x3266, 0x0060, 0x0040, 0x53EA, 0x4BA9, 0x4B89, 0x1923, 0x1943, 0x3AA7, 0x4348, 0x4268, 0x502A, 0x504A,   // 0x4490 (17552) pixels
0x4969, 0x3B47, 0x3B47, 0x70AF, 0x68AE, 0x5B4C, 0x54EB, 0x5CEC, 0x2B07, 0x1A65, 0x2266, 0x2246, 0x2266, 0x1A05, 0x1184, 0x11A4,   // 0x44A0 (17568) pixels
0x0963, 0x1A05, 0x2266, 0x2AC7, 0xA7F6, 0xA7F6, 0x3B28, 0x19C4, 0x19C4, 0x43C9, 0x4449, 0x724F, 0xB817, 0xC018, 0x612C, 0x1A23,   // 0x44B0 (17584) pixels
0x2204, 0x3226, 0x2A05, 0x4308, 0x4348, 0x4B89, 0x10E2, 0x0861, 0x4328, 0x96F2, 0x96F2, 0x3B47, 0x0060, 0x00C0, 0x0060, 0x0060,   // 0x44C0 (17600) pixels
0x9052, 0xC038, 0xC018, 0x536A, 0x4BE9, 0x3266, 0x0040, 0x0861, 0x1963, 0x2204, 0x2A45, 0xA7B4, 0xA7B4, 0x21C4, 0x0000, 0x0020,   // 0x44D0 (17616) pixels
0x0881, 0x0881, 0x1122, 0x2224, 0x19A3, 0x7DEF, 0x758E, 0x758E, 0x8EB1, 0x9712, 0x29E5, 0x0881, 0x10C2, 0x0040, 0x0020, 0x1102,   // 0x44E0 (17632) pixels
0x3246, 0x3246, 0x0000, 0x0000, 0x0881, 0xA7D4, 0x97B2, 0xA995, 0xB016, 0xC018, 0x1863, 0x0040, 0x4308, 0x9F53, 0x8ED1, 0x96F2,   // 0x44F0 (17648) pixels
0x9712, 0x96B2, 0xA815, 0xB016, 0x3066, 0x00A0, 0x1963, 0x4BC9, 0x4BA9, 0x3266, 0x0861, 0x0020, 0x758E, 0x6D2D, 0x64EC, 0x0040,   // 0x4500 (17664) pixels
0x0060, 0x542A, 0x756E, 0x7DCF, 0x9F53, 0x9F73, 0x6D2D, 0x21A4, 0x21C4, 0x4C29, 0x4C09, 0x4BE9, 0x4328, 0x3B07, 0x6D0D, 0x7DAF,   // 0x4510 (17680) pixels
0x6D0D, 0x4348, 0x4B89, 0x3246, 0x0861, 0x0861, 0x4BC9, 0x4388, 0x4368, 0x3226, 0x2A25, 0x5C8B, 0x758E, 0x540A, 0x0040, 0x0080,   // 0x4520 (17696) pixels
0x21C4, 0x4BC9, 0x3BE7, 0xD0BB, 0xC8BA, 0x7B30, 0x4CAA, 0x54AB, 0x3327, 0x22A7, 0x22A6, 0x1A25, 0x1A45, 0x1A05, 0x11A4, 0x19C5,   // 0x4530 (17712) pixels
0x0963, 0x1A05, 0x2266, 0x2AC7, 0xA7F6, 0xA7F6, 0x3328, 0x19C4, 0x19C4, 0x43C9, 0x4429, 0x724E, 0xB015, 0xB036, 0x614C, 0x2204,   // 0x4540 (17728) pixels
0x2A05, 0x2A25, 0x2A05, 0x4328, 0x4B89, 0x4BC9, 0x10E2, 0x0861, 0x4328, 0x8ED1, 0x8ED1, 0x4348, 0x0861, 0x10C2, 0x0881, 0x00A0,   // 0x4550 (17744) pixels
0x8050, 0xA835, 0xB016, 0x4B29, 0x4388, 0x3246, 0x08A1, 0x08C1, 0x2164, 0x29E5, 0x3226, 0x9712, 0x9712, 0x21E4, 0x0060, 0x0881,   // 0x4560 (17760) pixels
0x10E2, 0x10C2, 0x1963, 0x2A05, 0x21C4, 0x758E, 0x6D2D, 0x6D2D, 0x8670, 0x8ED1, 0x2A05, 0x0881, 0x10C2, 0x08A1, 0x0881, 0x1943,   // 0x4570 (17776) pixels
0x3246, 0x2A25, 0x08A1, 0x08A1, 0x1102, 0x9F53, 0x8F51, 0x9993, 0xA014, 0xA815, 0x18C3, 0x0881, 0x4308, 0x8ED1, 0x8670, 0x8E71,   // 0x4580 (17792) pixels
0x8E91, 0x8E51, 0xA815, 0xB016, 0x3086, 0x0881, 0x2164, 0x4BE9, 0x4BC9, 0x3266, 0x0881, 0x0040, 0x758E, 0x6D0D, 0x64EC, 0x0821,   // 0x4590 (17808) pixels
0x1062, 0x53CA, 0x64EC, 0x6D4D, 0x8EB1, 0x8EB1, 0x64AC, 0x21C4, 0x21E4, 0x5BAB, 0x538A, 0x538A, 0x4BA9, 0x4B89, 0x64AC, 0x6D2D,   // 0x45A0 (17824) pixels
0x64AC, 0x4368, 0x4BA9, 0x3266, 0x08A1, 0x08A1, 0x4BC9, 0x4B89, 0x4368, 0x2A05, 0x29E5, 0x5C4B, 0x6D2D, 0x53EA, 0x0881, 0x10C2,   // 0x45B0 (17840) pixels
0x21E4, 0x4B89, 0x3BA7, 0xB8B8, 0xB8D8, 0x730F, 0x4C8A, 0x548B, 0x3327, 0x22A6, 0x2286, 0x1A25, 0x2246, 0x1A05, 0x11A4, 0x11A4,   // 0x45C0 (17856) pixels
0x19A5, 0x1A05, 0x1A25, 0x2286, 0x97B4, 0x97B4, 0x2285, 0x0942, 0x0962, 0x1143, 0x1143, 0x00E1, 0x0060, 0x0060, 0x1182, 0x3266,   // 0x45D0 (17872) pixels
0x2A25, 0x0000, 0x0000, 0x4308, 0x53EA, 0x5C0B, 0x08A1, 0x0020, 0x21A4, 0x4BA9, 0x4B89, 0x3AA7, 0x2204, 0x2A45, 0x5C4B, 0x5C6B,   // 0x45E0 (17888) pixels
0x0941, 0x0060, 0x0060, 0x0060, 0x0040, 0x21C4, 0x53EA, 0x4408, 0x89B1, 0xC018, 0xB016, 0x09A1, 0x1943, 0x4B89, 0x5C2B, 0x53EA,   // 0x45F0 (17904) pixels
0x6D4D, 0x758E, 0x64CC, 0x53CA, 0x53EA, 0x4348, 0x4348, 0x4328, 0x21A4, 0x21C4, 0x2A05, 0x2A25, 0x21E4, 0x53EA, 0x5C4B, 0x3286,   // 0x4600 (17920) pixels
0x0000, 0x0000, 0xAFF5, 0x9F73, 0x9F53, 0x5C8B, 0x6D2D, 0x11A2, 0x00A0, 0x0080, 0x4388, 0x4BC9, 0x4BA9, 0x4B69, 0x53CA, 0x0000,   // 0x4610 (17936) pixels
0x0000, 0x0000, 0xC038, 0xB056, 0xB016, 0xB817, 0xB1D6, 0x97B2, 0x9F73, 0x5C6B, 0x0000, 0x0000, 0x7DCF, 0x6D4D, 0x750E, 0xB817,   // 0x4620 (17952) pixels
0xC018, 0x3026, 0x0040, 0x0020, 0x0000, 0x0000, 0x1963, 0x5C2B, 0x4C49, 0xB817, 0xB016, 0xB016, 0x97D2, 0xA7B4, 0x21A4, 0x0000,   // 0x4630 (17968) pixels
0x1963, 0x7DCF, 0x756E, 0x756E, 0x756E, 0x758E, 0x4B89, 0x53CA, 0x4BA9, 0x0000, 0x0000, 0x3AC7, 0x4BA9, 0x540A, 0x758E, 0x75AE,   // 0x4640 (17984) pixels
0x4B89, 0x0061, 0x08A2, 0x0100, 0x00E0, 0x0962, 0x19C4, 0x19A4, 0x1204, 0x1224, 0x1A45, 0x2A87, 0x2A87, 0x1A05, 0x0963, 0x0963,   // 0x4650 (18000) pixels
0x19A5, 0x1A05, 0x1A25, 0x2286, 0x97F4, 0x97F5, 0x2265, 0x0101, 0x0922, 0x0982, 0x09A2, 0x0901, 0x0060, 0x0040, 0x1963, 0x3246,   // 0x4660 (18016) pixels
0x2A05, 0x0000, 0x0000, 0x3AE7, 0x53AA, 0x53EA, 0x0020, 0x0000, 0x1983, 0x53CA, 0x53CA, 0x3AC7, 0x21E4, 0x2A25, 0x540A, 0x5C2B,   // 0x4670 (18032) pixels
0x1122, 0x0040, 0x0060, 0x10C2, 0x08A1, 0x2A05, 0x53EA, 0x43E8, 0x81D0, 0xB817, 0xA855, 0x1202, 0x21A4, 0x4348, 0x4BA9, 0x4B89,   // 0x4680 (18048) pixels
0x64EC, 0x6D0D, 0x5C6B, 0x4B89, 0x4BA9, 0x4328, 0x4328, 0x4328, 0x2A05, 0x2A25, 0x2A05, 0x2A05, 0x21E4, 0x4BA9, 0x53EA, 0x3266,   // 0x4690 (18064) pixels
0x0020, 0x0000, 0xAFF5, 0x9F53, 0x9F33, 0x6D2D, 0x75CE, 0x1963, 0x0000, 0x0000, 0x3AE7, 0x4348, 0x4368, 0x53CA, 0x5C0B, 0x0000,   // 0x46A0 (18080) pixels
0x0060, 0x0861, 0xC819, 0xB817, 0xB016, 0xB016, 0xA9B5, 0x8F51, 0x9712, 0x5C4B, 0x0000, 0x0000, 0x764E, 0x6DCD, 0x6D6D, 0xB016,   // 0x46B0 (18096) pixels
0xB016, 0x3066, 0x08C1, 0x08A1, 0x0060, 0x0040, 0x21E4, 0x5C4B, 0x4C69, 0xB016, 0xA815, 0xA815, 0x97F2, 0xA7B4, 0x2A05, 0x0000,   // 0x46C0 (18112) pixels
0x21A4, 0x7DCF, 0x756E, 0x6D2D, 0x64CC, 0x650C, 0x53EA, 0x540A, 0x53EA, 0x0000, 0x0000, 0x3AE7, 0x53CA, 0x542A, 0x658C, 0x65AC,   // 0x46D0 (18128) pixels
0x3B68, 0x0021, 0x0081, 0x00E1, 0x00E1, 0x1163, 0x19C4, 0x19C4, 0x1204, 0x1224, 0x1A45, 0x2A87, 0x2A87, 0x1A05, 0x0963, 0x0963,   // 0x46E0 (18144) pixels
0x1164, 0x1A05, 0x2266, 0x2AA7, 0x6E0F, 0x65EE, 0x546B, 0x4C0A, 0x4489, 0x80F1, 0x88B2, 0x50AA, 0x00A0, 0x0881, 0x2A05, 0x4348,   // 0x46F0 (18160) pixels
0x4328, 0x3AE7, 0x3AC7, 0x5C4B, 0x64CC, 0x64AC, 0x6D2D, 0x754E, 0x6D0D, 0x64AC, 0x64EC, 0x32A6, 0x10C2, 0x1122, 0x3286, 0x3286,   // 0x4700 (18176) pixels
0x1102, 0x08A1, 0x08A1, 0x0881, 0x0881, 0x10E2, 0x1963, 0x1182, 0x68AD, 0xB016, 0xA034, 0x3BA7, 0x4328, 0x5C6B, 0x64CC, 0x64AC,   // 0x4710 (18192) pixels
0x6D2D, 0x6D2D, 0x6D0D, 0x64AC, 0x5C8B, 0x8610, 0x7E0F, 0x7DCF, 0x3AE7, 0x4368, 0x1983, 0x10E2, 0x10C2, 0x4348, 0x4BC9, 0x3246,   // 0x4720 (18208) pixels
0x0861, 0x0881, 0x2A25, 0x29E5, 0x29E5, 0x21A4, 0x1983, 0x5C4B, 0x6D2D, 0x6D0D, 0x7DEF, 0x8610, 0x6CED, 0x4368, 0x53CA, 0x0040,   // 0x4730 (18224) pixels
0x08A1, 0x10C2, 0x6AED, 0x62EC, 0x3907, 0x2845, 0x4A29, 0x9712, 0x96D2, 0x542A, 0x0040, 0x0080, 0xA955, 0x9933, 0x9973, 0x9592,   // 0x4740 (18240) pixels
0xA594, 0x29A5, 0x0060, 0x0881, 0x08A1, 0x08A1, 0x10E2, 0x1943, 0x08E1, 0xA594, 0x9532, 0x9512, 0x32E6, 0x4348, 0x1943, 0x0861,   // 0x4750 (18256) pixels
0x1983, 0x542A, 0x4BC9, 0x64CC, 0x8E71, 0x96F2, 0x08A1, 0x1943, 0x1943, 0x4328, 0x3AE7, 0x4368, 0x43A8, 0x5B0B, 0xA134, 0xA134,   // 0x4760 (18272) pixels
0x8AD1, 0x656D, 0x758E, 0x08E2, 0x1123, 0x32E7, 0x4409, 0x4409, 0x2AE7, 0x2286, 0x2286, 0x2246, 0x2246, 0x1A05, 0x11A4, 0x11A4,   // 0x4770 (18288) pixels
0x0963, 0x1A05, 0x2A87, 0x2AA7, 0x5D6D, 0x552C, 0x650D, 0x650D, 0x5D8C, 0xA8D6, 0xB057, 0x688D, 0x00C0, 0x0881, 0x3246, 0x4BA9,   // 0x4780 (18304) pixels
0x4B89, 0x53EA, 0x53CA, 0x64CC, 0x6D0D, 0x64CC, 0x96D2, 0x9712, 0x8630, 0x64EC, 0x6D4D, 0x3286, 0x0861, 0x08C1, 0x2A05, 0x2A05,   // 0x4790 (18320) pixels
0x1102, 0x08A1, 0x10C2, 0x0881, 0x0060, 0x0881, 0x08A1, 0x00A0, 0x604C, 0xB016, 0xA034, 0x4428, 0x4BA9, 0x64CC, 0x6D0D, 0x650C,   // 0x47A0 (18336) pixels
0x754E, 0x754E, 0x6D2D, 0x6D0D, 0x64CC, 0x9712, 0x96F2, 0x8EB1, 0x4328, 0x4BC9, 0x1943, 0x0881, 0x0861, 0x4348, 0x4BA9, 0x3246,   // 0x47B0 (18352) pixels
0x0881, 0x10C2, 0x0020, 0x0040, 0x0040, 0x0881, 0x0000, 0x754E, 0x96F2, 0x8EB1, 0x96F2, 0x9712, 0x758E, 0x4348, 0x4BC9, 0x0861,   // 0x47C0 (18368) pixels
0x08A1, 0x10C2, 0x4BE9, 0x4BC9, 0x1162, 0x0060, 0x2A45, 0x96F2, 0x8ED1, 0x542A, 0x0040, 0x00C0, 0xB817, 0xA815, 0xA815, 0x8FB1,   // 0x47D0 (18384) pixels
0x9F93, 0x2204, 0x0040, 0x0881, 0x10C2, 0x10C2, 0x0881, 0x0040, 0x0000, 0xA7D4, 0x9712, 0x8ED1, 0x1943, 0x21E4, 0x1102, 0x0881,   // 0x47E0 (18400) pixels
0x1963, 0x4BA9, 0x4348, 0x64CC, 0x9712, 0xA794, 0x0000, 0x0040, 0x0060, 0x5C2B, 0x53EA, 0x4B89, 0x4388, 0x62AC, 0xB817, 0xB016,   // 0x47F0 (18416) pixels
0xA2B4, 0x8F31, 0x9F53, 0x08E2, 0x1143, 0x3B68, 0x54AB, 0x54AB, 0x3328, 0x22A6, 0x22A6, 0x1A25, 0x2246, 0x1A05, 0x11A4, 0x19C5,   // 0x4800 (18432) pixels
0x0963, 0x1A05, 0x2A87, 0x2AA7, 0x5D4D, 0x550C, 0x654D, 0x6D4E, 0x65CD, 0xA896, 0xB818, 0x602D, 0x0020, 0x0000, 0x2A25, 0x53EA,   // 0x4810 (18448) pixels
0x4BC9, 0x5C0B, 0x53EA, 0x652C, 0x658C, 0x5D4B, 0x96F2, 0x9F33, 0x8610, 0x64AC, 0x6D0D, 0x3286, 0x0881, 0x10C2, 0x21E4, 0x21E4,   // 0x4820 (18464) pixels
0x10E2, 0x10A2, 0x10C2, 0x0020, 0x0020, 0x0060, 0x10C2, 0x00C0, 0x682D, 0xB817, 0xA815, 0x4428, 0x4BA9, 0x64EC, 0x6D4D, 0x6D2D,   // 0x4830 (18480) pixels
0x7DAF, 0x7DAF, 0x756E, 0x6D0D, 0x64EC, 0xA794, 0x9F73, 0x9712, 0x3AC7, 0x4368, 0x1943, 0x08A1, 0x0861, 0x4348, 0x4BA9, 0x2A25,   // 0x4840 (18496) pixels
0x0040, 0x0881, 0x0060, 0x0060, 0x0060, 0x10C2, 0x0040, 0x756E, 0x96F2, 0x8EB1, 0x9F53, 0xA794, 0x75AE, 0x3AE7, 0x4368, 0x0861,   // 0x4850 (18512) pixels
0x08A1, 0x10C2, 0x4BC9, 0x4BA9, 0x1923, 0x0020, 0x2A25, 0x9F93, 0x9F73, 0x5C8B, 0x0040, 0x00C0, 0xC018, 0xB016, 0xB016, 0x9FF3,   // 0x4860 (18528) pixels
0xAFF5, 0x2A05, 0x0020, 0x0881, 0x10C2, 0x10C2, 0x0881, 0x0020, 0x0000, 0xAFD5, 0x9F33, 0x96F2, 0x1983, 0x2A25, 0x1102, 0x0881,   // 0x4870 (18544) pixels
0x1963, 0x4BA9, 0x4348, 0x6D0D, 0xA794, 0xAFF5, 0x0000, 0x0040, 0x0060, 0x5C6B, 0x5C0B, 0x4B89, 0x4388, 0x626C, 0xB817, 0xB016,   // 0x4880 (18560) pixels
0xA274, 0x8F31, 0x9F53, 0x08E2, 0x1143, 0x3B88, 0x54EB, 0x5CEB, 0x2B07, 0x2266, 0x2266, 0x1A25, 0x1A45, 0x1A05, 0x19A5, 0x19C5,   // 0x4890 (18576) pixels
0x11A4, 0x1A05, 0x1A25, 0x2286, 0x8F93, 0x8F73, 0x2AE7, 0x11C3, 0x11A3, 0x5BCC, 0x63ED, 0x6CCE, 0x7DEF, 0x7E0F, 0x4328, 0x10C2,   // 0x48A0 (18592) pixels
0x1102, 0x08C1, 0x00E0, 0x88D1, 0xA8D5, 0xA875, 0x53AA, 0x4BC9, 0x6D0D, 0x8EB1, 0x96F2, 0x4328, 0x0020, 0x08A1, 0x53CA, 0x53CA,   // 0x48B0 (18608) pixels
0x1122, 0x0060, 0x0040, 0x4328, 0x4B89, 0x2A25, 0x0040, 0x0040, 0x3206, 0x5B6B, 0x5B4B, 0x4388, 0x4B89, 0x3AC7, 0x3286, 0x3AA7,   // 0x48C0 (18624) pixels
0x1122, 0x10E2, 0x2A25, 0x540A, 0x540A, 0x10E2, 0x1122, 0x1983, 0x96D2, 0x96F2, 0x21C4, 0x0040, 0x0020, 0x4B69, 0x53CA, 0x4B89,   // 0x48D0 (18640) pixels
0x4328, 0x4368, 0x0861, 0x08A1, 0x08A1, 0x0881, 0x0020, 0x4348, 0x5C2B, 0x5C4B, 0x1963, 0x10E2, 0x4348, 0x8EB1, 0x96F2, 0x0000,   // 0x48E0 (18656) pixels
0x0060, 0x08A1, 0x540A, 0x53CA, 0x4348, 0x4328, 0x32A6, 0x1943, 0x1963, 0x1102, 0x0060, 0x0040, 0x638C, 0x5B4B, 0x532A, 0x1102,   // 0x48F0 (18672) pixels
0x1943, 0x10C2, 0x08A1, 0x08A1, 0x0881, 0x0060, 0x21A4, 0x4B89, 0x4348, 0x540A, 0x53EA, 0x4BC9, 0x0881, 0x10E2, 0x0881, 0x0060,   // 0x4900 (18688) pixels
0x1943, 0x53EA, 0x53CA, 0x3AA7, 0x1102, 0x1122, 0x2A05, 0x2A05, 0x29E5, 0x08C1, 0x08A1, 0x3B07, 0x4BC9, 0x5C2B, 0x95F2, 0x8DD1,   // 0x4910 (18704) pixels
0x752F, 0x542B, 0x64AC, 0x00A1, 0x00E1, 0x19C4, 0x2245, 0x2205, 0x444A, 0x552C, 0x444A, 0x2246, 0x2A87, 0x1A05, 0x0963, 0x1184,   // 0x4920 (18720) pixels
0x19A5, 0x1A05, 0x1A25, 0x2286, 0x97D4, 0x97D4, 0x2285, 0x0922, 0x0101, 0x4C4A, 0x546B, 0x6D6E, 0x96F2, 0x9732, 0x4348, 0x0861,   // 0x4930 (18736) pixels
0x08A1, 0x0020, 0x0020, 0x9012, 0xB817, 0xC018, 0x534A, 0x4368, 0x6D0D, 0x9F53, 0xA794, 0x4368, 0x0000, 0x08A1, 0x5C4B, 0x5C2B,   // 0x4940 (18752) pixels
0x1102, 0x0020, 0x0000, 0x4BA9, 0x5C2B, 0x3266, 0x0000, 0x0000, 0x2A25, 0x4BE9, 0x4BA9, 0x4B89, 0x4BA9, 0x3286, 0x2A25, 0x3266,   // 0x4950 (18768) pixels
0x0040, 0x0000, 0x19A3, 0x542A, 0x542A, 0x0000, 0x0020, 0x08A1, 0xA7B4, 0xA794, 0x21A4, 0x0000, 0x0000, 0x4B89, 0x53EA, 0x53CA,   // 0x4960 (18784) pixels
0x4BA9, 0x53EA, 0x0861, 0x10C2, 0x10C2, 0x0060, 0x0020, 0x3B07, 0x4BE9, 0x542A, 0x0060, 0x0000, 0x3AC7, 0x9F53, 0xA794, 0x0000,   // 0x4970 (18800) pixels
0x0060, 0x0881, 0x5C2B, 0x53CA, 0x4B89, 0x4BA9, 0x3AC7, 0x0861, 0x08A1, 0x0861, 0x0020, 0x0000, 0x544A, 0x4BE9, 0x4BA9, 0x0000,   // 0x4980 (18816) pixels
0x0040, 0x08A1, 0x10C2, 0x08A1, 0x0060, 0x0040, 0x21C4, 0x5C2B, 0x540A, 0x4368, 0x4368, 0x4348, 0x0861, 0x10C2, 0x0881, 0x0040,   // 0x4990 (18832) pixels
0x1943, 0x5C0B, 0x540A, 0x3266, 0x0000, 0x0000, 0x3286, 0x3266, 0x3246, 0x0000, 0x0000, 0x3AC7, 0x4BA9, 0x5C6B, 0x9732, 0x8F11,   // 0x49A0 (18848) pixels
0x75CF, 0x4BCA, 0x5C6C, 0x0040, 0x0080, 0x1163, 0x19E4, 0x1984, 0x4C8B, 0x5DAD, 0x4CAB, 0x2246, 0x2A87, 0x1A05, 0x0963, 0x0963,   // 0x49B0 (18864) pixels
0x1184, 0x1A05, 0x2246, 0x2AA7, 0x9FF5, 0x9FF5, 0x2AC6, 0x1163, 0x0942, 0x652D, 0x6D6E, 0x6D6E, 0x758E, 0x7DCF, 0x3AC7, 0x0040,   // 0x49C0 (18880) pixels
0x08A1, 0x3266, 0x2264, 0x60AC, 0x704E, 0x780F, 0x3A47, 0x3266, 0x4348, 0x64AC, 0x64CC, 0x2A45, 0x0040, 0x08A1, 0x3AC7, 0x32A6,   // 0x49D0 (18896) pixels
0x21C4, 0x21A4, 0x2184, 0x3286, 0x3286, 0x32A6, 0x3AC7, 0x3286, 0x53CA, 0x64EC, 0x64AC, 0x2A45, 0x3286, 0x21C4, 0x2184, 0x1963,   // 0x49E0 (18912) pixels
0x32A6, 0x32C6, 0x4A89, 0x724E, 0x7A8F, 0x0060, 0x0881, 0x08C1, 0x758E, 0x6D2D, 0x4348, 0x32A6, 0x3AC7, 0x3286, 0x3286, 0x3286,   // 0x49F0 (18928) pixels
0x3286, 0x32A6, 0x0861, 0x08A1, 0x08A1, 0x0881, 0x0060, 0x59EB, 0x726E, 0x724E, 0x3AA7, 0x3286, 0x5C4B, 0x96F2, 0x9F53, 0x0000,   // 0x4A00 (18944) pixels
0x0881, 0x08A1, 0x4368, 0x4308, 0x4B69, 0x4BA9, 0x3AC7, 0x0060, 0x0881, 0x1943, 0x2A45, 0x2A05, 0x53CA, 0x4BA9, 0x4B89, 0x0040,   // 0x4A10 (18960) pixels
0x0881, 0x08A1, 0x08A1, 0x08A1, 0x0881, 0x0861, 0x1963, 0x3AA7, 0x3266, 0x4BA9, 0x4BA9, 0x4B69, 0x0040, 0x08A1, 0x0881, 0x0861,   // 0x4A20 (18976) pixels
0x1923, 0x4348, 0x4348, 0x2A05, 0x0060, 0x0861, 0x21A4, 0x2184, 0x2184, 0x3AE7, 0x3286, 0x5C4B, 0x64CC, 0x64AC, 0x5C6B, 0x5C6B,   // 0x4A30 (18992) pixels
0x53EA, 0x3B28, 0x4348, 0x3B48, 0x3B68, 0x2AA6, 0x2245, 0x2225, 0x3BC9, 0x4C6B, 0x3BC9, 0x2226, 0x2266, 0x1A05, 0x1184, 0x1184,   // 0x4A40 (19008) pixels
0x0963, 0x1A05, 0x2266, 0x2AC7, 0xA7F6, 0xA7F6, 0x3B28, 0x19C4, 0x1183, 0x86D1, 0x9773, 0x6D8E, 0x4348, 0x53CA, 0x21C4, 0x0020,   // 0x4A50 (19024) pixels
0x08C1, 0x8610, 0x8610, 0x1182, 0x0040, 0x0060, 0x0881, 0x0881, 0x0040, 0x0000, 0x0000, 0x0060, 0x10C2, 0x08A1, 0x0020, 0x0000,   // 0x4A60 (19040) pixels
0x4328, 0x540A, 0x5C4B, 0x0881, 0x0000, 0x4328, 0xA7B4, 0x9F33, 0x96F2, 0x8ED1, 0x8670, 0x0000, 0x0881, 0x0060, 0x0040, 0x0000,   // 0x4A70 (19056) pixels
0x8EB1, 0x9FB3, 0xA414, 0xB016, 0xB817, 0x00C0, 0x10A2, 0x10C2, 0x21C4, 0x1122, 0x7DEF, 0x9F73, 0xAFF5, 0x08E1, 0x0000, 0x0040,   // 0x4A80 (19072) pixels
0x0881, 0x0881, 0x0060, 0x0060, 0x0060, 0x10C2, 0x00C0, 0x8811, 0xB016, 0xB016, 0x9E93, 0x9F73, 0x96F2, 0x8670, 0x9712, 0x0000,   // 0x4A90 (19088) pixels
0x10A2, 0x10C2, 0x2204, 0x21A4, 0x4348, 0x53EA, 0x3AE7, 0x0020, 0x0020, 0x3286, 0x7DEF, 0x7DCF, 0x4348, 0x4B89, 0x4368, 0x0861,   // 0x4AA0 (19104) pixels
0x10C2, 0x0881, 0x0060, 0x0881, 0x10C2, 0x10C2, 0x0881, 0x0020, 0x0000, 0x5C2B, 0x53CA, 0x4BA9, 0x0020, 0x0060, 0x08A1, 0x08A1,   // 0x4AB0 (19120) pixels
0x1102, 0x21E4, 0x21E4, 0x1963, 0x08A1, 0x10C2, 0x0040, 0x0040, 0x0881, 0xAFF5, 0x9F53, 0x8ED1, 0x96F2, 0x6D0D, 0x0000, 0x0020,   // 0x4AC0 (19136) pixels
0x10E2, 0x21E4, 0x1122, 0xB7F7, 0xAFF6, 0x5CEC, 0x2AC6, 0x3307, 0x22A6, 0x2286, 0x2266, 0x1A25, 0x1A45, 0x1A05, 0x11A4, 0x19C5,   // 0x4AD0 (19152) pixels
0x0963, 0x1A05, 0x2266, 0x2AE7, 0xAFF7, 0xAFF7, 0x3B48, 0x19C4, 0x1163, 0x86F1, 0x9793, 0x75AE, 0x4B49, 0x53CA, 0x21C4, 0x0020,   // 0x4AE0 (19168) pixels
0x08C1, 0x8610, 0x7DEF, 0x1963, 0x0020, 0x0040, 0x0881, 0x0881, 0x0060, 0x0020, 0x0020, 0x0040, 0x0861, 0x0861, 0x0040, 0x0000,   // 0x4AF0 (19184) pixels
0x3B27, 0x4C09, 0x544A, 0x0881, 0x0000, 0x4328, 0xA794, 0x9F33, 0x96F2, 0x96F2, 0x8E91, 0x0020, 0x10C2, 0x0881, 0x0060, 0x0000,   // 0x4B00 (19200) pixels
0x8E91, 0x9F93, 0x9C13, 0xA815, 0xB016, 0x0060, 0x0861, 0x0861, 0x2A05, 0x1983, 0x7DEF, 0x9F53, 0xA7D4, 0x10E2, 0x0020, 0x0861,   // 0x4B10 (19216) pixels
0x10C2, 0x10C2, 0x0020, 0x0020, 0x0040, 0x10C2, 0x00C0, 0x8831, 0xB016, 0xB016, 0x9632, 0x96F2, 0x8EB1, 0x8670, 0x9712, 0x0000,   // 0x4B20 (19232) pixels
0x10A2, 0x10C2, 0x2A25, 0x21E4, 0x4328, 0x53CA, 0x3AA7, 0x0000, 0x0000, 0x2A45, 0x7DEF, 0x7DAF, 0x3B07, 0x4348, 0x4328, 0x0040,   // 0x4B30 (19248) pixels
0x0881, 0x0861, 0x0060, 0x0881, 0x10C2, 0x10C2, 0x08A1, 0x0040, 0x0000, 0x5C2B, 0x53CA, 0x4BA9, 0x0020, 0x0060, 0x08A1, 0x08A1,   // 0x4B40 (19264) pixels
0x1102, 0x2A25, 0x2A25, 0x1963, 0x0861, 0x0881, 0x0060, 0x0060, 0x08A1, 0xA7D4, 0x9F33, 0x96F2, 0x9712, 0x6D4D, 0x0040, 0x08A1,   // 0x4B50 (19280) pixels
0x1943, 0x2A25, 0x1963, 0xA7F5, 0xA7D5, 0x54CB, 0x22C5, 0x2B05, 0x22C6, 0x2AC7, 0x22A6, 0x1A25, 0x1A45, 0x1A05, 0x11A4, 0x19C5,   // 0x4B60 (19296) pixels
0x1184, 0x1A05, 0x2246, 0x2286, 0x6DAF, 0x6DAF, 0x2266, 0x11A3, 0x1163, 0x4C2A, 0x544B, 0x5CAC, 0x6D0D, 0x756E, 0x3286, 0x0040,   // 0x4B70 (19312) pixels
0x08C1, 0x4328, 0x4308, 0x21A4, 0x1943, 0x1943, 0x2A05, 0x2A05, 0x3246, 0x3AC7, 0x3AA7, 0x4328, 0x4B89, 0x4B69, 0x21E4, 0x2204,   // 0x4B80 (19328) pixels
0x69ED, 0x79EF, 0x81F0, 0x3206, 0x21E4, 0x3AC7, 0x53CA, 0x4BC9, 0x4BA9, 0x4BC9, 0x4B89, 0x0040, 0x08A1, 0x0881, 0x0881, 0x0040,   // 0x4B90 (19344) pixels
0x4B89, 0x4BC9, 0x6B8D, 0xA334, 0xA334, 0x3B87, 0x4B89, 0x4B69, 0x29E5, 0x29E5, 0x4368, 0x4BC9, 0x53EA, 0x2A25, 0x2A05, 0x1963,   // 0x4BA0 (19360) pixels
0x0881, 0x0060, 0x3B07, 0x3AC7, 0x32A6, 0x0060, 0x00A0, 0x4869, 0x604C, 0x580B, 0x8E11, 0x8ED1, 0x8EB1, 0x8EB1, 0x9F53, 0x0000,   // 0x4BB0 (19376) pixels
0x0881, 0x08A1, 0x1963, 0x1102, 0x5C2B, 0x6D4D, 0x64AC, 0x4348, 0x4B89, 0x4348, 0x3AE7, 0x3AA7, 0x754E, 0x6D0D, 0x6CED, 0x21A4,   // 0x4BC0 (19392) pixels
0x2A25, 0x10E2, 0x0881, 0x0881, 0x08A1, 0x0881, 0x10E2, 0x1963, 0x1102, 0x53EA, 0x4BA9, 0x4B89, 0x0040, 0x0881, 0x08A1, 0x0881,   // 0x4BD0 (19408) pixels
0x08C1, 0x1963, 0x1943, 0x21A4, 0x2A05, 0x2A25, 0x0060, 0x0881, 0x08A1, 0x540A, 0x4BC9, 0x4BA9, 0x53CA, 0x3AE7, 0x0040, 0x0881,   // 0x4BE0 (19424) pixels
0x10E2, 0x1984, 0x08C2, 0x9FF4, 0x97B3, 0x7C30, 0x720F, 0x7A50, 0x3268, 0x1A85, 0x2266, 0x2246, 0x2266, 0x1A05, 0x1184, 0x11A4,   // 0x4BF0 (19440) pixels
0x19A5, 0x1A05, 0x1A45, 0x1A25, 0x2266, 0x2286, 0x1183, 0x0962, 0x0962, 0x1123, 0x08C2, 0x4389, 0x9712, 0x9712, 0x4348, 0x0861,   // 0x4C00 (19456) pixels
0x08A1, 0x0020, 0x0000, 0x21E4, 0x3266, 0x3226, 0x4B89, 0x4B89, 0x5C6B, 0x7DAF, 0x756E, 0x8650, 0x9712, 0x8ED1, 0x4BA9, 0x4C49,   // 0x4C10 (19472) pixels
0x98B3, 0xB016, 0xB016, 0x5BAB, 0x542A, 0x3246, 0x0000, 0x0000, 0x0020, 0x0861, 0x0861, 0x0060, 0x0060, 0x08A1, 0x10C2, 0x10C2,   // 0x4C20 (19488) pixels
0x0020, 0x0000, 0x3B07, 0x9FB3, 0x9732, 0x8ED1, 0x96F2, 0x8EB1, 0x21C4, 0x3266, 0x0881, 0x0000, 0x0000, 0x4B89, 0x5C2B, 0x3286,   // 0x4C30 (19504) pixels
0x0020, 0x0000, 0x8630, 0x7DAF, 0x754E, 0x0000, 0x0060, 0x00A0, 0x00C0, 0x0020, 0x7E0F, 0x8EB1, 0x8E91, 0x96D2, 0x9F73, 0x0000,   // 0x4C40 (19520) pixels
0x0060, 0x0060, 0x08A1, 0x0000, 0x6D4D, 0x96F2, 0x8ED1, 0x9F33, 0xA794, 0x5C4B, 0x0000, 0x0000, 0xA7D4, 0x9712, 0x96F2, 0x4348,   // 0x4C50 (19536) pixels
0x53EA, 0x1963, 0x08A1, 0x08A1, 0x0060, 0x0060, 0x1923, 0x3266, 0x2A25, 0x4B89, 0x4388, 0x4348, 0x0861, 0x10A2, 0x0881, 0x0060,   // 0x4C60 (19552) pixels
0x0881, 0x08A1, 0x0881, 0x21E4, 0x4BE9, 0x540A, 0x0861, 0x10C2, 0x08A1, 0x0000, 0x0000, 0x0040, 0x0861, 0x0861, 0x0060, 0x0060,   // 0x4C70 (19568) pixels
0x08A1, 0x08E2, 0x0020, 0x97D3, 0x8771, 0xB397, 0xC91A, 0xD95C, 0x420A, 0x1224, 0x1A45, 0x2A87, 0x2A87, 0x1A05, 0x0963, 0x0963,   // 0x4C80 (19584) pixels
0x11A4, 0x1A05, 0x2246, 0x1A25, 0x2AC7, 0x2AC7, 0x11A3, 0x0962, 0x0962, 0x1163, 0x1123, 0x4BA9, 0x9712, 0x9732, 0x4348, 0x0861,   // 0x4C90 (19600) pixels
0x08A1, 0x0060, 0x0040, 0x21E4, 0x3246, 0x2A05, 0x4348, 0x4348, 0x542A, 0x754E, 0x6D2D, 0x7E0F, 0x8ED1, 0x8690, 0x43A8, 0x4428,   // 0x4CA0 (19616) pixels
0x90B2, 0xA815, 0xB016, 0x5B8B, 0x540A, 0x3266, 0x0040, 0x0060, 0x08A1, 0x10C2, 0x08A1, 0x0060, 0x0060, 0x08A1, 0x10C2, 0x10C2,   // 0x4CB0 (19632) pixels
0x0881, 0x0020, 0x4328, 0x9F53, 0x96F2, 0x8E91, 0x8EB1, 0x8670, 0x29C5, 0x3266, 0x08A1, 0x0020, 0x0000, 0x4388, 0x542A, 0x2A65,   // 0x4CC0 (19648) pixels
0x0040, 0x0000, 0x8610, 0x758E, 0x6D2D, 0x0000, 0x0020, 0x0861, 0x0881, 0x0000, 0x8610, 0x8ED1, 0x8ED1, 0x96F2, 0xA794, 0x0000,   // 0x4CD0 (19664) pixels
0x0020, 0x0040, 0x0881, 0x0000, 0x6D4D, 0x96F2, 0x8ED1, 0x96F2, 0x9F33, 0x5C4B, 0x0000, 0x0000, 0xA7B4, 0x96F2, 0x8EB1, 0x3B07,   // 0x4CE0 (19680) pixels
0x4BA9, 0x1943, 0x08A1, 0x08A1, 0x0060, 0x0060, 0x1122, 0x3246, 0x2A05, 0x4B89, 0x4368, 0x4328, 0x0020, 0x0881, 0x0060, 0x0060,   // 0x4CF0 (19696) pixels
0x0080, 0x08C1, 0x00A0, 0x19E3, 0x43C8, 0x4BE9, 0x0060, 0x08A1, 0x08A1, 0x0060, 0x0060, 0x08A1, 0x10C2, 0x08A1, 0x0060, 0x0060,   // 0x4D00 (19712) pixels
0x08A1, 0x08C2, 0x0020, 0x9FF4, 0x8F92, 0xAB96, 0xC119, 0xD15B, 0x420A, 0x1224, 0x1A45, 0x2A87, 0x2A87, 0x1A05, 0x0963, 0x0963,   // 0x4D10 (19728) pixels
0x0963, 0x1A05, 0x2A87, 0x2A87, 0x3BE9, 0x3C09, 0x2265, 0x21E5, 0x19C4, 0x4C0A, 0x548B, 0x2A66, 0x0000, 0x0000, 0x0040, 0x0060,   // 0x4D20 (19744) pixels
0x0060, 0x10C2, 0x08A1, 0x21A4, 0x2204, 0x1963, 0x96D2, 0x9F33, 0x96F2, 0x8EB1, 0x9712, 0x3AE7, 0x0000, 0x0801, 0xC018, 0xB817,   // 0x4D30 (19760) pixels
0x5B2B, 0x4448, 0x4C89, 0x0060, 0x0000, 0x0060, 0x10C2, 0x10C2, 0x08A1, 0x0060, 0x0060, 0x10C2, 0x10C2, 0x0881, 0x0060, 0x0060,   // 0x4D40 (19776) pixels
0x10C2, 0x08A1, 0x21A4, 0x4348, 0x3B07, 0x4B69, 0x4B69, 0x4348, 0x0000, 0x0000, 0x7DCF, 0xA7B4, 0x9FF3, 0xB056, 0xB817, 0x700E,   // 0x4D50 (19792) pixels
0x00C0, 0x10C2, 0x0000, 0x0000, 0x0040, 0xAFF5, 0xA794, 0x9732, 0x9732, 0xA7D4, 0x10C2, 0x0000, 0x08A1, 0x1983, 0x10E2, 0xAFF5,   // 0x4D60 (19808) pixels
0xA794, 0x9F73, 0x6D4D, 0x7DEF, 0x1943, 0x0000, 0x10E2, 0x4348, 0x4348, 0x2A25, 0x0881, 0x0861, 0x4368, 0x3B07, 0x4328, 0x7DAF,   // 0x4D70 (19824) pixels
0x7DEF, 0x2184, 0x0040, 0x0881, 0x10C2, 0x08A1, 0x21E4, 0x4BC9, 0x4348, 0xA794, 0x9F33, 0x9F33, 0x9732, 0xA7B4, 0x3246, 0x0080,   // 0x4D80 (19840) pixels
0x3887, 0xC018, 0xB817, 0xB817, 0xB817, 0xC819, 0x1A43, 0x2A25, 0x2A05, 0x08A1, 0x10C2, 0x0881, 0x0060, 0x0881, 0x10C2, 0x0881,   // 0x4D90 (19856) pixels
0x3286, 0x7DCE, 0x7DEF, 0x0061, 0x00A1, 0x2B46, 0x4509, 0x4509, 0x2B47, 0x2AC7, 0x22A6, 0x1A25, 0x1A25, 0x1A05, 0x19A5, 0x19C5,   // 0x4DA0 (19872) pixels
0x0963, 0x1A05, 0x2A87, 0x2A87, 0x3388, 0x33A8, 0x2245, 0x21E5, 0x19C4, 0x4C0A, 0x4C6B, 0x32A6, 0x0881, 0x10C2, 0x0060, 0x0000,   // 0x4DB0 (19888) pixels
0x0020, 0x10C2, 0x08A1, 0x1963, 0x21A4, 0x1102, 0x96D2, 0x9F53, 0x96F2, 0x8E91, 0x96F2, 0x4328, 0x0000, 0x1062, 0xB817, 0xB016,   // 0x4DC0 (19904) pixels
0x5B0B, 0x4428, 0x546A, 0x08A1, 0x0060, 0x0060, 0x0861, 0x0861, 0x0060, 0x0080, 0x0080, 0x10C2, 0x10C2, 0x0040, 0x0000, 0x0000,   // 0x4DD0 (19920) pixels
0x08A1, 0x08A1, 0x29E5, 0x53EA, 0x4BA9, 0x540A, 0x540A, 0x53CA, 0x0020, 0x0000, 0x7DAF, 0x9F73, 0x9FF3, 0xB096, 0xB817, 0x680D,   // 0x4DE0 (19936) pixels
0x0060, 0x0861, 0x0060, 0x0060, 0x08C1, 0xAFF5, 0x9F53, 0x9712, 0x96F2, 0x9F93, 0x1943, 0x0881, 0x1102, 0x21A4, 0x1122, 0xA7D4,   // 0x4DF0 (19952) pixels
0x9F53, 0x9712, 0x64AC, 0x6D2D, 0x21A4, 0x0881, 0x2184, 0x53EA, 0x4BC9, 0x3286, 0x0881, 0x0861, 0x4B89, 0x4328, 0x4368, 0x6DCD,   // 0x4E00 (19968) pixels
0x760E, 0x1963, 0x0000, 0x0040, 0x10C2, 0x08A1, 0x21C4, 0x4BA9, 0x3B07, 0x9F33, 0x96D2, 0x96D2, 0x8ED1, 0x9F53, 0x2A25, 0x0080,   // 0x4E10 (19984) pixels
0x3867, 0xB817, 0xA815, 0xB016, 0xB016, 0xC018, 0x1A43, 0x2A05, 0x2A05, 0x08A1, 0x10C2, 0x0881, 0x0060, 0x0881, 0x10C2, 0x0881,   // 0x4E20 (20000) pixels
0x3246, 0x6D2D, 0x6D4D, 0x0903, 0x1143, 0x3327, 0x4C6A, 0x4C6A, 0x2AC6, 0x1A45, 0x1A45, 0x1A25, 0x1A45, 0x1A05, 0x19A5, 0x19C5,   // 0x4E30 (20016) pixels
0x1184, 0x1A05, 0x2246, 0x2286, 0x7690, 0x7690, 0x2286, 0x1183, 0x1183, 0x2245, 0x2A66, 0x1983, 0x0860, 0x0040, 0x3246, 0x53EA,   // 0x4E40 (20032) pixels
0x4B89, 0x0040, 0x0020, 0x5C4B, 0x756E, 0x756E, 0x3AA7, 0x2A45, 0x53CA, 0x7DCF, 0x7DCF, 0x5C8B, 0x4B89, 0x4B89, 0x726E, 0x6AAD,   // 0x4E50 (20048) pixels
0x8170, 0x8931, 0x9953, 0x10A2, 0x0080, 0x21E4, 0x53CA, 0x4BC9, 0x61CC, 0x782F, 0x704E, 0x0080, 0x0040, 0x4308, 0x53CA, 0x540A,   // 0x4E60 (20064) pixels
0x10C2, 0x0060, 0x10E2, 0x21A4, 0x21A4, 0x1983, 0x1983, 0x1983, 0x0881, 0x0861, 0x2A05, 0x3286, 0x32A6, 0x38A7, 0x4048, 0x41C8,   // 0x4E70 (20080) pixels
0x4BC9, 0x53EA, 0x0040, 0x08A1, 0x08A1, 0x32A6, 0x3266, 0x3286, 0x3286, 0x3AC7, 0x08A1, 0x0040, 0x3266, 0x758E, 0x756E, 0x2A25,   // 0x4E80 (20096) pixels
0x3266, 0x32A6, 0x8E91, 0x8EB1, 0x21C4, 0x0040, 0x10C2, 0x21A4, 0x21A4, 0x1923, 0x0861, 0x0000, 0x8650, 0x7DCF, 0x7D8F, 0x9953,   // 0x4E90 (20112) pixels
0x9993, 0x5B2B, 0x4BE9, 0x3AE7, 0x0040, 0x0060, 0x21C4, 0x53EA, 0x4348, 0x96F2, 0x8E91, 0x8E71, 0x4348, 0x53EA, 0x1943, 0x0060,   // 0x4EA0 (20128) pixels
0x2104, 0x72AE, 0x6A8D, 0x72EE, 0x8390, 0x8BB1, 0x08E1, 0x1122, 0x1122, 0x0881, 0x0881, 0x08A1, 0x08A1, 0x08A1, 0x0881, 0x0040,   // 0x4EB0 (20144) pixels
0x3AC7, 0x8ED2, 0x96F2, 0x0080, 0x00C1, 0x548B, 0x8EF2, 0x8ED1, 0x7E50, 0x7650, 0x652E, 0x1A05, 0x2266, 0x1A05, 0x1184, 0x1184,   // 0x4EC0 (20160) pixels
0x11A4, 0x1A05, 0x1A25, 0x2286, 0x97F4, 0x97F4, 0x2AA6, 0x0942, 0x0962, 0x1163, 0x1163, 0x0902, 0x0060, 0x0020, 0x4348, 0x7DCF,   // 0x4ED0 (20176) pixels
0x6D2D, 0x0000, 0x0000, 0x758E, 0x9F33, 0xA794, 0x08A1, 0x0000, 0x3246, 0x758E, 0x6D2D, 0x6D2D, 0x6D2D, 0x6D0D, 0x4BC9, 0x4448,   // 0x4EE0 (20192) pixels
0x90B2, 0xA815, 0xB817, 0x18A3, 0x0881, 0x3286, 0x756E, 0x658C, 0x9272, 0xB817, 0xA835, 0x0080, 0x0000, 0x5C6B, 0x7D8F, 0x7DEF,   // 0x4EF0 (20208) pixels
0x10C2, 0x0060, 0x0881, 0x08A1, 0x08A1, 0x0040, 0x0040, 0x0060, 0x10C2, 0x10C2, 0x0040, 0x0020, 0x0020, 0x08A1, 0x0080, 0x3286,   // 0x4F00 (20224) pixels
0x758E, 0x758E, 0x0020, 0x10C2, 0x08A1, 0x0020, 0x0020, 0x0861, 0x0881, 0x0881, 0x0060, 0x0020, 0x4308, 0x9F73, 0xA794, 0x0000,   // 0x4F10 (20240) pixels
0x0020, 0x0060, 0xA794, 0x9F73, 0x21E4, 0x0040, 0x0881, 0x08A1, 0x08A1, 0x0881, 0x0060, 0x0000, 0xA7B4, 0x96F2, 0x96B2, 0xA815,   // 0x4F20 (20256) pixels
0xA815, 0x8410, 0x75CE, 0x5C2B, 0x0000, 0x0040, 0x21C4, 0x53EA, 0x4B69, 0x8ED1, 0x8E91, 0x8650, 0x2184, 0x2A25, 0x10C2, 0x0040,   // 0x4F30 (20272) pixels
0x1963, 0x542A, 0x4BC9, 0x546A, 0x654C, 0x6DAD, 0x0020, 0x08A1, 0x08A1, 0x0060, 0x0060, 0x08A1, 0x10C2, 0x08A1, 0x0060, 0x0020,   // 0x4F40 (20288) pixels
0x3B08, 0x9F94, 0xA7D5, 0x0020, 0x0060, 0x654D, 0xAFF6, 0xA7F5, 0x9FF5, 0xA7F6, 0x8692, 0x1A05, 0x2A87, 0x1A05, 0x0963, 0x0963,   // 0x4F50 (20304) pixels
0x19A5, 0x1A05, 0x1A25, 0x2286, 0x9FF5, 0x9FF5, 0x2AA6, 0x0942, 0x0962, 0x1984, 0x1984, 0x1102, 0x0060, 0x0020, 0x4368, 0x8610,   // 0x4F60 (20320) pixels
0x754E, 0x0000, 0x0000, 0x7DEF, 0xA794, 0xAFF5, 0x10E2, 0x0000, 0x3286, 0x758E, 0x754E, 0x6D0D, 0x64CC, 0x64CC, 0x43E8, 0x3C67,   // 0x4F70 (20336) pixels
0x98D3, 0xB817, 0xC018, 0x1863, 0x0040, 0x3286, 0x75AE, 0x6DAD, 0x9232, 0xB817, 0xA815, 0x0020, 0x0000, 0x5C4B, 0x758E, 0x7DEF,   // 0x4F80 (20352) pixels
0x0861, 0x0000, 0x0020, 0x0881, 0x0881, 0x0040, 0x0040, 0x0040, 0x10C2, 0x10C2, 0x0881, 0x0060, 0x0060, 0x00C0, 0x0080, 0x2A85,   // 0x4F90 (20368) pixels
0x756E, 0x758E, 0x0000, 0x0040, 0x0040, 0x0000, 0x0000, 0x0080, 0x00C0, 0x00C0, 0x0060, 0x0020, 0x3B07, 0x9F33, 0x9F73, 0x0000,   // 0x4FA0 (20384) pixels
0x0060, 0x08A1, 0x9F73, 0x9F53, 0x21A4, 0x0000, 0x0020, 0x0861, 0x0841, 0x0040, 0x0000, 0x0000, 0xA7D4, 0x9732, 0x96D2, 0xB016,   // 0x4FB0 (20400) pixels
0xB817, 0x8450, 0x7E0F, 0x5C4B, 0x0000, 0x0040, 0x21E4, 0x5C4B, 0x53AA, 0x9F53, 0x9712, 0x8EF1, 0x29E5, 0x3286, 0x10E2, 0x0040,   // 0x4FC0 (20416) pixels
0x1943, 0x53CA, 0x4B69, 0x542A, 0x6D2D, 0x758E, 0x0020, 0x10C2, 0x10C2, 0x0060, 0x0060, 0x0881, 0x0881, 0x0861, 0x0040, 0x0000,   // 0x4FD0 (20432) pixels
0x3B07, 0x9FB4, 0xA7F5, 0x0000, 0x0000, 0x6D4E, 0xB7F7, 0xAFF6, 0xA7F6, 0xA7F6, 0x86D2, 0x1A05, 0x2A87, 0x1A05, 0x0963, 0x0963,   // 0x4FE0 (20448) pixels
0x1164, 0x1A05, 0x2266, 0x2266, 0x2B47, 0x3368, 0x1A25, 0x19C4, 0x19E4, 0x0922, 0x0902, 0x08E2, 0x08A1, 0x08A1, 0x1122, 0x1983,   // 0x4FF0 (20464) pixels
0x1963, 0x0881, 0x0881, 0x1983, 0x21C4, 0x21E4, 0x08A1, 0x0861, 0x3286, 0x6D4D, 0x64EC, 0x7DCF, 0x8E91, 0x8E11, 0x9032, 0x98D3,   // 0x5000 (20480) pixels
0x40A8, 0x2885, 0x2845, 0x3AC7, 0x3B07, 0x3266, 0x2184, 0x1963, 0x5B8B, 0x9572, 0x8D31, 0x3AE7, 0x3B07, 0x4BA9, 0x53EA, 0x4BC9,   // 0x5010 (20496) pixels
0x5C2B, 0x5C6B, 0x4BA9, 0x3AC7, 0x3B07, 0x21C4, 0x29E5, 0x21C4, 0x0060, 0x0881, 0x08A1, 0x08A1, 0x00C0, 0x782F, 0x8811, 0x71AE,   // 0x5020 (20512) pixels
0x544A, 0x540A, 0x542A, 0x542A, 0x542A, 0x7DAF, 0x75EE, 0x8150, 0x8811, 0x9012, 0x18A3, 0x0060, 0x4308, 0x96F2, 0x9732, 0x0000,   // 0x5030 (20528) pixels
0x0881, 0x10E2, 0x9732, 0x96F2, 0x53EA, 0x3AE7, 0x4348, 0x5C2B, 0x542A, 0x5C2B, 0x5C4B, 0x5C4B, 0x542A, 0x542A, 0x540A, 0x4188,   // 0x5040 (20544) pixels
0x49C9, 0x2184, 0x1963, 0x1923, 0x0881, 0x08A1, 0x10E2, 0x1122, 0x1102, 0x29E5, 0x29E5, 0x21E4, 0x08A1, 0x10C2, 0x08A1, 0x0861,   // 0x5050 (20560) pixels
0x2A05, 0x8670, 0x7E0F, 0x6D2D, 0x53EA, 0x5C6B, 0x0000, 0x0881, 0x0881, 0x08A1, 0x0881, 0x3266, 0x3B07, 0x32A6, 0x21C4, 0x21A4,   // 0x5060 (20576) pixels
0x4348, 0x75AE, 0x756E, 0x5CEC, 0x652D, 0x4389, 0x2AA6, 0x2AA6, 0x3B69, 0x3BCA, 0x3368, 0x1A25, 0x2246, 0x1A05, 0x11A4, 0x11A4,   // 0x5070 (20592) pixels
0x0963, 0x1A05, 0x2A87, 0x2266, 0x09E3, 0x11E4, 0x19E4, 0x2205, 0x2225, 0x00C1, 0x00A1, 0x00A1, 0x08A1, 0x08A1, 0x0040, 0x0000,   // 0x5080 (20608) pixels
0x0020, 0x10C2, 0x10C2, 0x0020, 0x0000, 0x0000, 0x0881, 0x0040, 0x3286, 0x756E, 0x6D0D, 0x8630, 0x9F53, 0x96B2, 0xA815, 0xB817,   // 0x5090 (20624) pixels
0x2885, 0x00C0, 0x0060, 0x4368, 0x53EA, 0x3266, 0x0861, 0x0020, 0x540A, 0x9752, 0x8ED1, 0x4B89, 0x53EA, 0x4B89, 0x4368, 0x4328,   // 0x50A0 (20640) pixels
0x756E, 0x7DAF, 0x64AC, 0x4368, 0x4BA9, 0x3226, 0x3266, 0x3246, 0x0040, 0x0060, 0x0881, 0x0881, 0x0080, 0xA014, 0xB817, 0x8971,   // 0x50B0 (20656) pixels
0x4C09, 0x4BA9, 0x756E, 0x6D2D, 0x6D4D, 0x9F73, 0x97D2, 0xA975, 0xB016, 0xC018, 0x18A3, 0x0060, 0x4328, 0x9732, 0x9F53, 0x0000,   // 0x50C0 (20672) pixels
0x08A1, 0x10E2, 0x9752, 0x8EF1, 0x5C6B, 0x4B89, 0x540A, 0x6D2D, 0x6D0D, 0x6D4D, 0x7D8F, 0x7DCF, 0x3B47, 0x4388, 0x4368, 0x2204,   // 0x50D0 (20688) pixels
0x2A45, 0x08A1, 0x0020, 0x0040, 0x10C2, 0x10C2, 0x0881, 0x0020, 0x0020, 0x0881, 0x0881, 0x0881, 0x0060, 0x0060, 0x08A1, 0x0881,   // 0x50E0 (20704) pixels
0x3246, 0x9732, 0x8ED1, 0x758E, 0x4B89, 0x5C0B, 0x0000, 0x0060, 0x0060, 0x08A1, 0x0861, 0x3AE7, 0x4BC9, 0x4348, 0x3246, 0x3226,   // 0x50F0 (20720) pixels
0x4B69, 0x6D4D, 0x6CEC, 0x7E30, 0x8671, 0x3307, 0x00C1, 0x00E1, 0x1A25, 0x22A6, 0x2286, 0x1A25, 0x1A45, 0x1A05, 0x11A4, 0x19C5,   // 0x5100 (20736) pixels
0x1184, 0x1A05, 0x2266, 0x2266, 0x2B47, 0x3348, 0x1A05, 0x19C4, 0x19A4, 0x2AC6, 0x32E7, 0x2A25, 0x1963, 0x1963, 0x29E5, 0x2A45,   // 0x5110 (20752) pixels
0x2A25, 0x0861, 0x0881, 0x21E4, 0x2A45, 0x2A45, 0x29E5, 0x21C4, 0x3AA7, 0x53EA, 0x4BA9, 0x5C6B, 0x6D2D, 0x6CAD, 0xB016, 0xB817,   // 0x5120 (20768) pixels
0x2885, 0x08A1, 0x0861, 0x3286, 0x3AE7, 0x21E4, 0x0881, 0x0861, 0x3B07, 0x6D2D, 0x64CC, 0x4B89, 0x4BA9, 0x4B89, 0x4B89, 0x4B89,   // 0x5130 (20784) pixels
0x53EA, 0x53EA, 0x53EA, 0x540A, 0x542A, 0x1963, 0x21C4, 0x21A4, 0x0060, 0x0060, 0x29E5, 0x3266, 0x2A65, 0x8130, 0x90F2, 0x69CD,   // 0x5140 (20800) pixels
0x32E6, 0x3AA7, 0x5C6B, 0x5C2B, 0x5C4B, 0x6D0D, 0x654C, 0x81F0, 0x90F2, 0x9913, 0x18A3, 0x0060, 0x3266, 0x6D2D, 0x6D4D, 0x0020,   // 0x5150 (20816) pixels
0x0881, 0x10C2, 0xA534, 0x94B2, 0x6C8D, 0x5C6B, 0x64CC, 0x758E, 0x758E, 0x64CC, 0x53CA, 0x4C09, 0x6A6D, 0x628C, 0x628C, 0x3B07,   // 0x5160 (20832) pixels
0x4328, 0x21C4, 0x1963, 0x1923, 0x0881, 0x08A1, 0x10E2, 0x1963, 0x1963, 0x1102, 0x1102, 0x1102, 0x0881, 0x0881, 0x08A1, 0x0861,   // 0x5170 (20848) pixels
0x29E5, 0x8630, 0x7DCF, 0x64EC, 0x4B89, 0x540A, 0x0020, 0x0881, 0x0881, 0x21A4, 0x1963, 0x3266, 0x3AC7, 0x3266, 0x21A4, 0x21A4,   // 0x5180 (20864) pixels
0x3286, 0x540A, 0x4B89, 0x8691, 0x8691, 0x4C2A, 0x2AA6, 0x32E6, 0x22A6, 0x2286, 0x2286, 0x2246, 0x2246, 0x1A05, 0x11A4, 0x11A4,   // 0x5190 (20880) pixels
0x19A5, 0x1A05, 0x1A25, 0x2266, 0x7670, 0x7670, 0x2265, 0x0942, 0x00C1, 0x9F94, 0xAFF6, 0x7E30, 0x4368, 0x4388, 0x7DAF, 0xA794,   // 0x51A0 (20896) pixels
0x96D2, 0x0000, 0x0000, 0x7DCF, 0xA774, 0x9F73, 0x758E, 0x758E, 0x4328, 0x0000, 0x0861, 0x0020, 0x0000, 0x0000, 0xC038, 0xC038,   // 0x51B0 (20912) pixels
0x2865, 0x0060, 0x0060, 0x0881, 0x0881, 0x0881, 0x0060, 0x0060, 0x0040, 0x0020, 0x0861, 0x4BC9, 0x4368, 0x4BA9, 0x53CA, 0x5C0B,   // 0x51C0 (20928) pixels
0x0060, 0x0000, 0x2A45, 0x7DAF, 0x7DCF, 0x0000, 0x0040, 0x0060, 0x10C2, 0x0020, 0x75AE, 0x9732, 0x9F53, 0x4C49, 0x4C29, 0x2A65,   // 0x51D0 (20944) pixels
0x0000, 0x0000, 0x3226, 0x2A05, 0x29E5, 0x0000, 0x0000, 0x3306, 0x4C29, 0x546A, 0x08C1, 0x0060, 0x0040, 0x0040, 0x0040, 0x0060,   // 0x51E0 (20960) pixels
0x0060, 0x0861, 0xC018, 0xB016, 0x9512, 0x8EF1, 0x8ED1, 0x96F2, 0x9F33, 0x5C2B, 0x0000, 0x0020, 0xC819, 0xB817, 0xB036, 0x65CC,   // 0x51F0 (20976) pixels
0x6D4D, 0x5C4B, 0x540A, 0x4308, 0x0020, 0x0040, 0x21C4, 0x5C4B, 0x5C2B, 0x21E4, 0x2A25, 0x2A05, 0x08A1, 0x10C2, 0x0881, 0x0040,   // 0x5200 (20992) pixels
0x1943, 0x53CA, 0x4B89, 0x4B89, 0x4368, 0x4BC9, 0x0861, 0x08A1, 0x10C2, 0x540A, 0x53EA, 0x1943, 0x0861, 0x0861, 0x0040, 0x0040,   // 0x5210 (21008) pixels
0x0061, 0x08A2, 0x0000, 0x9FD4, 0x8F12, 0x8EF2, 0x8EF2, 0x9753, 0x3368, 0x1204, 0x1A45, 0x2A87, 0x2A87, 0x1A05, 0x0963, 0x0963,   // 0x5220 (21024) pixels
0x11A4, 0x1A05, 0x1A25, 0x2266, 0x7630, 0x7630, 0x1A04, 0x0101, 0x0080, 0x9733, 0xA7F5, 0x7DEF, 0x4348, 0x4368, 0x756E, 0x9712,   // 0x5230 (21040) pixels
0x8650, 0x0000, 0x0000, 0x75AE, 0x9F53, 0x9F53, 0x6D0D, 0x6D0D, 0x4328, 0x0861, 0x10C2, 0x08A1, 0x0060, 0x1062, 0xC018, 0xC018,   // 0x5240 (21056) pixels
0x2024, 0x0020, 0x0020, 0x0881, 0x0881, 0x0881, 0x0060, 0x0060, 0x0881, 0x0881, 0x10A2, 0x4BA9, 0x4368, 0x53CA, 0x53EA, 0x5C4B,   // 0x5250 (21072) pixels
0x08C1, 0x0020, 0x3286, 0x7DCF, 0x7DEF, 0x0000, 0x0060, 0x0060, 0x08A1, 0x0020, 0x756E, 0x96F2, 0x9712, 0x53EA, 0x53CA, 0x3246,   // 0x5260 (21088) pixels
0x0040, 0x0040, 0x3266, 0x3246, 0x2A25, 0x0020, 0x0000, 0x3AE7, 0x53CA, 0x540A, 0x0060, 0x0000, 0x0060, 0x10C2, 0x10C2, 0x0060,   // 0x5270 (21104) pixels
0x0060, 0x0861, 0xC018, 0xB016, 0x9512, 0x8ED1, 0x8EB1, 0x96D2, 0x9712, 0x5C4B, 0x0000, 0x0080, 0xC839, 0xB817, 0xB056, 0x5DCB,   // 0x5280 (21120) pixels
0x654C, 0x542A, 0x540A, 0x4308, 0x0020, 0x0040, 0x21C4, 0x540A, 0x53EA, 0x21C4, 0x2204, 0x21E4, 0x08A1, 0x10C2, 0x0881, 0x0040,   // 0x5290 (21136) pixels
0x1943, 0x53EA, 0x4B89, 0x4B89, 0x4348, 0x4BA9, 0x0000, 0x0861, 0x0881, 0x53EA, 0x4BE9, 0x1943, 0x0881, 0x0881, 0x0060, 0x0060,   // 0x52A0 (21152) pixels
0x0881, 0x08C2, 0x0000, 0x9FF4, 0x8F52, 0x86D1, 0x8691, 0x8EF2, 0x2B47, 0x0A03, 0x1244, 0x2A87, 0x2A87, 0x1A05, 0x0963, 0x0963,   // 0x52B0 (21168) pixels
0x1184, 0x1A05, 0x2246, 0x2266, 0x5D2D, 0x550C, 0x4C2A, 0x4BEA, 0x43C9, 0x75EF, 0x7E50, 0x5C8B, 0x2A25, 0x2A05, 0x64CC, 0x96F2,   // 0x52C0 (21184) pixels
0x8670, 0x29E5, 0x2A25, 0x53CA, 0x5C4B, 0x540A, 0x758E, 0x7E0F, 0x4B89, 0x0040, 0x08A1, 0x08A1, 0x0881, 0x10A2, 0x91B2, 0x8971,   // 0x52D0 (21200) pixels
0x4AA9, 0x3B07, 0x4308, 0x21E4, 0x21E4, 0x1943, 0x0881, 0x0881, 0x1943, 0x21E4, 0x29E5, 0x5C6B, 0x5C4B, 0x3AC7, 0x3266, 0x32A6,   // 0x52E0 (21216) pixels
0x08C1, 0x0060, 0x21C4, 0x4B89, 0x4B89, 0x0040, 0x0881, 0x0881, 0x1943, 0x10E2, 0x540A, 0x64EC, 0x64CC, 0x5C4B, 0x5C6B, 0x3AA7,   // 0x52F0 (21232) pixels
0x0040, 0x0060, 0x3246, 0x2A25, 0x2A05, 0x1102, 0x10E2, 0x4B89, 0x5C4B, 0x5C4B, 0x4308, 0x4308, 0x2A05, 0x0861, 0x08A1, 0x0881,   // 0x5300 (21248) pixels
0x0881, 0x08A1, 0xB2F6, 0xA294, 0x7CCF, 0x6D6D, 0x7DAF, 0x8ED1, 0x96F2, 0x5C2B, 0x0020, 0x0080, 0x80F0, 0x78EF, 0x790F, 0x8350,   // 0x5310 (21264) pixels
0x8B31, 0x4288, 0x3266, 0x29E5, 0x0060, 0x0060, 0x21C4, 0x53CA, 0x53CA, 0x21E4, 0x2A05, 0x2A05, 0x0861, 0x08A1, 0x0881, 0x0060,   // 0x5320 (21280) pixels
0x21A4, 0x6D2D, 0x64CC, 0x64CC, 0x64CC, 0x6CED, 0x3AC7, 0x4308, 0x4308, 0x2A45, 0x3266, 0x29E5, 0x21E4, 0x1983, 0x0861, 0x0861,   // 0x5330 (21296) pixels
0x1963, 0x32A7, 0x2A46, 0x5D0D, 0x5CAC, 0x654D, 0x6DCE, 0x6E0E, 0x630D, 0x620E, 0x524C, 0x1A65, 0x2266, 0x1A05, 0x1184, 0x1184,   // 0x5340 (21312) pixels
0x0963, 0x1A05, 0x2A87, 0x2A87, 0x33A8, 0x2B27, 0x9753, 0xAFF6, 0xB7F7, 0x4C0A, 0x43C9, 0x2A65, 0x0840, 0x0020, 0x53EA, 0x8ED1,   // 0x5350 (21328) pixels
0x8670, 0x756E, 0x8610, 0x1122, 0x0000, 0x0000, 0x8650, 0x9F53, 0x542A, 0x0000, 0x0060, 0x08A1, 0x10A2, 0x10E2, 0x4408, 0x3B67,   // 0x5360 (21344) pixels
0x8670, 0x9F53, 0xA794, 0x53EA, 0x4BC9, 0x3266, 0x0881, 0x0881, 0x3266, 0x4BC9, 0x4BC9, 0x758E, 0x7DCF, 0x1943, 0x0000, 0x0020,   // 0x5370 (21360) pixels
0x08A1, 0x10C2, 0x0881, 0x0020, 0x0020, 0x10C2, 0x10A2, 0x10C2, 0x2A25, 0x2A05, 0x2A05, 0x29E5, 0x21A4, 0x64CC, 0x6D4D, 0x4348,   // 0x5380 (21376) pixels
0x0861, 0x08A1, 0x2A25, 0x21E4, 0x2A05, 0x3266, 0x2A25, 0x5C8B, 0x6D2D, 0x64EC, 0x9712, 0xA794, 0x5C6B, 0x0000, 0x0060, 0x10C2,   // 0x5390 (21392) pixels
0x08A1, 0x1102, 0x9792, 0x8F31, 0x5C4B, 0x4348, 0x5C4B, 0x8EB1, 0x8ED1, 0x542A, 0x0040, 0x08A1, 0x2244, 0x1A23, 0x2204, 0xC018,   // 0x53A0 (21408) pixels
0xC018, 0x2825, 0x0040, 0x0060, 0x10C2, 0x0881, 0x21C4, 0x4BA9, 0x4BA9, 0x2A05, 0x3246, 0x2A25, 0x0040, 0x0060, 0x08A1, 0x0881,   // 0x53B0 (21424) pixels
0x3246, 0x9732, 0x8EB1, 0x8ED1, 0x9712, 0x9712, 0x8EF1, 0x9712, 0x8EB1, 0x0000, 0x0040, 0x3AE7, 0x53EA, 0x3AE7, 0x0881, 0x0881,   // 0x53C0 (21440) pixels
0x3286, 0x758E, 0x7DAE, 0x00A1, 0x08E2, 0x3307, 0x4C8A, 0x4489, 0xB2B8, 0xDA3D, 0xA236, 0x1224, 0x1A45, 0x1A05, 0x11A4, 0x19C5,   // 0x53D0 (21456) pixels
0x0963, 0x1A05, 0x2A87, 0x2A87, 0x33A8, 0x2B27, 0x9774, 0xB7F7, 0xBFF8, 0x4C4A, 0x4409, 0x2A86, 0x0881, 0x0861, 0x540A, 0x8ED1,   // 0x53E0 (21472) pixels
0x8E71, 0x7DAF, 0x8650, 0x1963, 0x0020, 0x0000, 0x8710, 0x97F2, 0x546A, 0x0000, 0x0040, 0x0881, 0x10C2, 0x10E2, 0x4BC9, 0x4328,   // 0x53F0 (21488) pixels
0x7EAF, 0x8FB1, 0x97F2, 0x542A, 0x53EA, 0x3286, 0x0881, 0x0881, 0x2A45, 0x4B89, 0x4BA9, 0x8610, 0x8650, 0x11A2, 0x0040, 0x0080,   // 0x5400 (21504) pixels
0x08C1, 0x10C2, 0x0881, 0x0000, 0x0000, 0x00E0, 0x00C0, 0x00C0, 0x1983, 0x1963, 0x2A25, 0x3266, 0x2A25, 0x64EC, 0x756E, 0x4348,   // 0x5410 (21520) pixels
0x0861, 0x08A1, 0x21E4, 0x21C4, 0x21C4, 0x3266, 0x3226, 0x5C6B, 0x6D0D, 0x64CC, 0x8F51, 0x97F2, 0x4C49, 0x0000, 0x0000, 0x10C2,   // 0x5420 (21536) pixels
0x08A1, 0x10E2, 0x9F53, 0x96F2, 0x64AC, 0x53EA, 0x64CC, 0x8EF1, 0x96F2, 0x5C4B, 0x0841, 0x08A1, 0x21A4, 0x1983, 0x2184, 0xD01A,   // 0x5430 (21552) pixels
0xD03A, 0x2805, 0x0000, 0x0000, 0x10C2, 0x08A1, 0x21C4, 0x4368, 0x4368, 0x3246, 0x3266, 0x3266, 0x0040, 0x0060, 0x08A1, 0x0881,   // 0x5440 (21568) pixels
0x3266, 0x9F93, 0x9712, 0x8F31, 0x8F91, 0x8F91, 0x8EB1, 0x8EB1, 0x8E91, 0x0020, 0x0881, 0x3AC7, 0x4BA9, 0x32C6, 0x0080, 0x00A0,   // 0x5450 (21584) pixels
0x2244, 0x6D0D, 0x6D2D, 0x08C2, 0x08E2, 0x3327, 0x548B, 0x44A9, 0xBAD8, 0xEA3F, 0xAA37, 0x1224, 0x1A25, 0x1A05, 0x19A5, 0x19C5,   // 0x5460 (21600) pixels
0x19A5, 0x1A05, 0x1A25, 0x2266, 0x7670, 0x7670, 0x11C3, 0x0080, 0x0060, 0x544B, 0x5CCD, 0x32C7, 0x0020, 0x0000, 0x540A, 0x9F33,   // 0x5470 (21616) pixels
0x8650, 0x0000, 0x0000, 0x21E4, 0x3286, 0x2AA5, 0xA014, 0xB016, 0x788F, 0x2AA5, 0x3286, 0x1943, 0x0040, 0x08A1, 0x5C2B, 0x4C29,   // 0x5480 (21632) pixels
0x9032, 0xA815, 0xB817, 0x1042, 0x0060, 0x0861, 0x0060, 0x0020, 0x2A45, 0x540A, 0x4B89, 0x0000, 0x0000, 0x9012, 0xC839, 0xD03A,   // 0x5490 (21648) pixels
0x1062, 0x0040, 0x2A05, 0x5C6B, 0x546A, 0xC018, 0xB817, 0xB857, 0x9FF3, 0xAFF5, 0x21C4, 0x0000, 0x0000, 0x4348, 0x53CA, 0x3246,   // 0x54A0 (21664) pixels
0x0020, 0x0020, 0x5C4B, 0x540A, 0x53CA, 0x0000, 0x0000, 0x5C2B, 0x756E, 0x6DCD, 0xA014, 0xA815, 0xA294, 0x9FF3, 0xAFF5, 0x0000,   // 0x54B0 (21680) pixels
0x0060, 0x0881, 0x7D8F, 0x758E, 0x1142, 0x0000, 0x1963, 0x758E, 0x754E, 0x4328, 0x0000, 0x0000, 0x8630, 0x7DAF, 0x756E, 0x0000,   // 0x54C0 (21696) pixels
0x0000, 0x75CE, 0xAFF5, 0x7DAF, 0x0000, 0x0020, 0x3266, 0x7DCF, 0x85F0, 0x0000, 0x0040, 0x0040, 0x10C2, 0x10C2, 0x0881, 0x0060,   // 0x54D0 (21712) pixels
0x08C1, 0x29C5, 0x19C3, 0x58AB, 0xB016, 0xB016, 0x65AC, 0x6D2D, 0x6D0D, 0x0000, 0x0020, 0x3B07, 0x540A, 0x6ACD, 0xC018, 0xB817,   // 0x54E0 (21728) pixels
0xAAD5, 0x97D3, 0x9FB4, 0x43E9, 0x4C2A, 0x5CCC, 0x650D, 0x6D4D, 0x1AE5, 0x0221, 0x0A43, 0x2A87, 0x2A87, 0x1A25, 0x0963, 0x0963,   // 0x54F0 (21744) pixels
0x19A5, 0x1A05, 0x1A25, 0x2266, 0x6DEF, 0x6DEF, 0x1A04, 0x0101, 0x00E1, 0x548B, 0x650D, 0x3AE7, 0x0020, 0x0000, 0x540A, 0x9F53,   // 0x5500 (21760) pixels
0x8E91, 0x0000, 0x0040, 0x21C4, 0x2A25, 0x2264, 0xA815, 0xB817, 0x78EF, 0x2A85, 0x3266, 0x1943, 0x0040, 0x08A1, 0x5C0B, 0x4C09,   // 0x5510 (21776) pixels
0x98B3, 0xB016, 0xC018, 0x18A3, 0x08C1, 0x08A1, 0x0060, 0x0040, 0x3266, 0x5C2B, 0x53CA, 0x0020, 0x0080, 0x8811, 0xB817, 0xC018,   // 0x5520 (21792) pixels
0x0801, 0x0000, 0x1983, 0x53EA, 0x4408, 0xB817, 0xB016, 0xB036, 0x8F71, 0x9F53, 0x21C4, 0x0040, 0x0020, 0x4B89, 0x540A, 0x2A45,   // 0x5530 (21808) pixels
0x0000, 0x0000, 0x5C2B, 0x53CA, 0x4B89, 0x0020, 0x0000, 0x5C4B, 0x758E, 0x6DED, 0xA034, 0xA815, 0xA294, 0x8F51, 0x9F73, 0x0000,   // 0x5540 (21824) pixels
0x0060, 0x08A1, 0x7DEF, 0x7DCF, 0x1943, 0x0000, 0x1983, 0x7DEF, 0x7DAF, 0x4B69, 0x0020, 0x0000, 0x7DEF, 0x756E, 0x6D2D, 0x0000,   // 0x5550 (21840) pixels
0x0000, 0x758E, 0xA7B4, 0x756E, 0x0000, 0x0020, 0x3286, 0x7DEF, 0x8610, 0x0000, 0x0060, 0x0060, 0x0861, 0x0861, 0x0020, 0x0000,   // 0x5560 (21856) pixels
0x0881, 0x2A05, 0x2204, 0x612C, 0xB817, 0xB817, 0x762E, 0x7DAF, 0x756E, 0x0000, 0x0020, 0x3AE7, 0x4C09, 0x62AC, 0xB016, 0xA815,   // 0x5570 (21872) pixels
0xA294, 0x8F93, 0x9F74, 0x43C9, 0x4C0A, 0x5CAC, 0x650D, 0x654D, 0x22A6, 0x09C3, 0x1204, 0x2A87, 0x2A87, 0x1A05, 0x0963, 0x0963,   // 0x5580 (21888) pixels
0x1184, 0x1A05, 0x2246, 0x2AA7, 0x8F73, 0x8F53, 0x4C4A, 0x3B68, 0x43A9, 0x2A66, 0x2A66, 0x19A4, 0x0881, 0x0040, 0x4B69, 0x7E0F,   // 0x5590 (21904) pixels
0x756E, 0x0000, 0x0861, 0x3286, 0x4308, 0x3B47, 0x48A9, 0x504A, 0x30C6, 0x1142, 0x1923, 0x10E2, 0x0881, 0x08C1, 0x53EA, 0x4BE9,   // 0x55A0 (21920) pixels
0x4909, 0x4849, 0x506A, 0x0881, 0x0881, 0x0881, 0x08A1, 0x0881, 0x1943, 0x21E4, 0x21C4, 0x0881, 0x0060, 0x6A8D, 0x8B31, 0x8AF1,   // 0x55B0 (21936) pixels
0x5C2B, 0x5C4B, 0x5C4B, 0x5C8B, 0x5CEB, 0x4809, 0x4849, 0x48A9, 0x9752, 0x9732, 0x29E5, 0x0861, 0x0040, 0x4368, 0x4BA9, 0x4B69,   // 0x55C0 (21952) pixels
0x4348, 0x4348, 0x4BA9, 0x4BA9, 0x4B69, 0x0040, 0x0040, 0x4368, 0x5C4B, 0x544A, 0x8330, 0x82F0, 0x8C91, 0x8ED1, 0x9F33, 0x0000,   // 0x55D0 (21968) pixels
0x0881, 0x08C1, 0x648C, 0x5C4B, 0x4B89, 0x4348, 0x4348, 0x4348, 0x4368, 0x2A25, 0x0861, 0x0040, 0x64AC, 0x5C4B, 0x540A, 0x0040,   // 0x55E0 (21984) pixels
0x0861, 0x3266, 0x4328, 0x3246, 0x0861, 0x0881, 0x1943, 0x3286, 0x3286, 0x0060, 0x0881, 0x08A1, 0x4B89, 0x4328, 0x540A, 0x5C4B,   // 0x55F0 (22000) pixels
0x5C6B, 0x64CC, 0x650C, 0x5B0B, 0x4829, 0x502A, 0x2AA5, 0x3266, 0x3246, 0x0861, 0x0060, 0x3AE7, 0x4BA9, 0x5B6B, 0x8B11, 0x82F0,   // 0x5600 (22016) pixels
0x8C91, 0x8EF1, 0x9733, 0x19E4, 0x2A46, 0x43C9, 0x5CCC, 0x54AB, 0x5D0C, 0x5D6D, 0x4C8B, 0x1A05, 0x2266, 0x1A05, 0x1184, 0x11A4,   // 0x5610 (22032) pixels
0x0963, 0x1A05, 0x2266, 0x2AC7, 0xA7F6, 0x9FF6, 0x6DAF, 0x650D, 0x6D8E, 0x0902, 0x00C1, 0x08C1, 0x10A2, 0x0861, 0x4308, 0x6D2D,   // 0x5620 (22048) pixels
0x64AC, 0x0040, 0x0881, 0x3AE7, 0x4BA9, 0x4BC9, 0x08E1, 0x00C0, 0x0080, 0x0060, 0x0060, 0x0881, 0x08A1, 0x10E2, 0x4BC9, 0x4BA9,   // 0x5630 (22064) pixels
0x1142, 0x00A0, 0x08C1, 0x0080, 0x0060, 0x0881, 0x10C2, 0x10C2, 0x0881, 0x0040, 0x0040, 0x10C2, 0x0861, 0x544A, 0x656C, 0x5D0B,   // 0x5640 (22080) pixels
0x96F2, 0x9F33, 0x8630, 0x64EC, 0x756E, 0x0040, 0x00A0, 0x0901, 0x9712, 0x9712, 0x29E5, 0x0881, 0x0861, 0x4348, 0x4368, 0x5C4B,   // 0x5650 (22096) pixels
0x7DAF, 0x7DAF, 0x4348, 0x4B89, 0x4368, 0x0861, 0x0881, 0x3AC7, 0x4388, 0x4328, 0x6D4D, 0x6D6D, 0x75EE, 0x8E91, 0x9712, 0x0000,   // 0x5660 (22112) pixels
0x08A1, 0x10C2, 0x4BA9, 0x4348, 0x6CED, 0x7DAF, 0x648C, 0x1983, 0x21E4, 0x1963, 0x08A1, 0x0861, 0x4BA9, 0x4368, 0x4348, 0x0861,   // 0x5670 (22128) pixels
0x10C2, 0x0040, 0x0020, 0x0040, 0x10C2, 0x10C2, 0x0881, 0x0020, 0x0020, 0x10C2, 0x08A1, 0x10E2, 0x75AE, 0x6D0D, 0x8EB1, 0x9F33,   // 0x5680 (22144) pixels
0x96F2, 0x8EB1, 0x9712, 0x546A, 0x0040, 0x08C1, 0x0020, 0x0020, 0x0040, 0x10C2, 0x0881, 0x3AC7, 0x4B89, 0x540A, 0x75AE, 0x6D6D,   // 0x5690 (22160) pixels
0x75CE, 0x8E91, 0x9712, 0x00A2, 0x1123, 0x3B48, 0x54AB, 0x4C2A, 0x7ED1, 0x97D4, 0x7630, 0x11C4, 0x1A45, 0x1A05, 0x11A4, 0x19C5,   // 0x56A0 (22176) pixels
0x0963, 0x1A05, 0x2A67, 0x2AE7, 0xAFF7, 0xA7F6, 0x75EF, 0x652D, 0x75AF, 0x0902, 0x00A0, 0x0081, 0x0841, 0x0000, 0x4308, 0x756E,   // 0x56B0 (22192) pixels
0x64CC, 0x0040, 0x0881, 0x3AE7, 0x4B89, 0x4BC9, 0x10E2, 0x10A2, 0x08A1, 0x0060, 0x0060, 0x08A1, 0x10A2, 0x10E2, 0x540A, 0x53EA,   // 0x56C0 (22208) pixels
0x1963, 0x08A1, 0x10C2, 0x0020, 0x0000, 0x0020, 0x0040, 0x0040, 0x0020, 0x0000, 0x0020, 0x10C2, 0x0861, 0x542A, 0x6D4D, 0x64EC,   // 0x56D0 (22224) pixels
0x9712, 0x9F73, 0x8670, 0x64EC, 0x758E, 0x0000, 0x0040, 0x08C1, 0x9F93, 0x9F93, 0x2A25, 0x0881, 0x0861, 0x4348, 0x4368, 0x5C2B,   // 0x56E0 (22240) pixels
0x756E, 0x756E, 0x3B27, 0x4368, 0x4348, 0x0861, 0x0881, 0x3AE7, 0x4B89, 0x4348, 0x756E, 0x7D8F, 0x7E0F, 0x8EB1, 0x9732, 0x0000,   // 0x56F0 (22256) pixels
0x08A1, 0x10C2, 0x53EA, 0x4368, 0x6D2D, 0x7DCF, 0x648C, 0x1963, 0x21C4, 0x1122, 0x0020, 0x0000, 0x4B89, 0x4348, 0x4328, 0x0861,   // 0x5700 (22272) pixels
0x10C2, 0x0020, 0x0000, 0x0020, 0x10C2, 0x10C2, 0x0881, 0x0020, 0x0020, 0x0861, 0x0040, 0x0881, 0x758E, 0x64EC, 0x8ED1, 0x9F53,   // 0x5710 (22288) pixels
0x9732, 0x8EB1, 0x9712, 0x5C2B, 0x0000, 0x0861, 0x0000, 0x0000, 0x0000, 0x10C2, 0x0881, 0x3AC7, 0x4388, 0x540A, 0x7DCF, 0x758E,   // 0x5720 (22304) pixels
0x7DEF, 0x8EB1, 0x9F32, 0x0081, 0x08E2, 0x3307, 0x4C6A, 0x4409, 0x7E70, 0x8F73, 0x6DEF, 0x11C4, 0x1A45, 0x1A05, 0x19A5, 0x19C5,   // 0x5730 (22320) pixels
0x11A4, 0x1A05, 0x2246, 0x2266, 0x4C4B, 0x4C4B, 0x2AC6, 0x2265, 0x2265, 0x3B68, 0x4389, 0x43A9, 0x53C9, 0x4BC9, 0x53EA, 0x5C2B,   // 0x5740 (22336) pixels
0x53EA, 0x0020, 0x0040, 0x3B07, 0x4BC9, 0x540A, 0x08C1, 0x0881, 0x08A1, 0x08A1, 0x08A1, 0x08A1, 0x0881, 0x0881, 0x21A4, 0x2184,   // 0x5750 (22352) pixels
0x08C1, 0x0881, 0x0020, 0x4BA9, 0x53EA, 0x5C4B, 0x6CED, 0x64EC, 0x5C4B, 0x53EA, 0x4BA9, 0x0020, 0x0020, 0x4348, 0x5C2B, 0x5C4B,   // 0x5760 (22368) pixels
0x3266, 0x2A05, 0x3B07, 0x5C2B, 0x5C2B, 0x4BC9, 0x4BC9, 0x4BA9, 0x2A25, 0x3286, 0x10E2, 0x0881, 0x0020, 0x4B69, 0x4BA9, 0x5C2B,   // 0x5770 (22384) pixels
0x6D2D, 0x6D0D, 0x64AC, 0x64CC, 0x648C, 0x0000, 0x0040, 0x3AE7, 0x53CA, 0x53CA, 0x29E5, 0x2184, 0x4348, 0x7DCF, 0x8610, 0x0000,   // 0x5780 (22400) pixels
0x0881, 0x08A1, 0x3AC7, 0x32A6, 0x2A05, 0x21A4, 0x3286, 0x648C, 0x5C4B, 0x648C, 0x64EC, 0x64CC, 0x7DEF, 0x7DEF, 0x7DAF, 0x0000,   // 0x5790 (22416) pixels
0x0020, 0x53EA, 0x754E, 0x53CA, 0x0020, 0x0060, 0x1963, 0x3B07, 0x3AA7, 0x53EA, 0x4BC9, 0x4BC9, 0x5C2B, 0x5C2B, 0x32A6, 0x2A05,   // 0x57A0 (22432) pixels
0x3AC7, 0x64AC, 0x648C, 0x5C4B, 0x4BA9, 0x4BA9, 0x6D2D, 0x6D0D, 0x64EC, 0x0000, 0x0040, 0x3AE7, 0x53CA, 0x4328, 0x21A4, 0x21A4,   // 0x57B0 (22448) pixels
0x4348, 0x7E10, 0x7DF0, 0x4C2A, 0x4C4A, 0x654D, 0x760F, 0x6DCE, 0x8F33, 0x9FD5, 0x7E51, 0x19E5, 0x2266, 0x1A05, 0x1184, 0x1184,   // 0x57C0 (22464) pixels
0x19A5, 0x1A05, 0x1A45, 0x1A25, 0x2266, 0x2286, 0x0962, 0x0101, 0x00C1, 0x544B, 0x5CAC, 0x64ED, 0x6D4D, 0x756E, 0x5C6B, 0x53CA,   // 0x57D0 (22480) pixels
0x4B89, 0x0020, 0x0020, 0x4308, 0x53CA, 0x5C0B, 0x0881, 0x0040, 0x0861, 0x0881, 0x0881, 0x0881, 0x0060, 0x0060, 0x0881, 0x0881,   // 0x57E0 (22496) pixels
0x0040, 0x0040, 0x0000, 0x6D2D, 0x75AE, 0x7E2F, 0x9712, 0x9712, 0x8610, 0x758E, 0x752E, 0x0000, 0x0020, 0x4308, 0x53EA, 0x5C2B,   // 0x57F0 (22512) pixels
0x0881, 0x0000, 0x21A4, 0x53EA, 0x4B89, 0x6D4D, 0x6D2D, 0x64EC, 0x0000, 0x0861, 0x0040, 0x0040, 0x0000, 0x4368, 0x4BA9, 0x5C4B,   // 0x5800 (22528) pixels
0x6D2D, 0x6D0D, 0x756E, 0x756E, 0x6D2D, 0x0000, 0x0020, 0x4308, 0x53EA, 0x5C0B, 0x0060, 0x0000, 0x2A45, 0x7DAF, 0x7DCF, 0x0000,   // 0x5810 (22544) pixels
0x0060, 0x0881, 0x3246, 0x3246, 0x08A1, 0x0000, 0x1983, 0x7DCF, 0x754E, 0x7DEF, 0x9712, 0x8EF1, 0x96F2, 0x96F2, 0x8EB1, 0x0000,   // 0x5820 (22560) pixels
0x0000, 0x758E, 0xA7B4, 0x754E, 0x0000, 0x0020, 0x21C4, 0x5C2B, 0x53CA, 0x756E, 0x6D4D, 0x6D2D, 0x4BA9, 0x540A, 0x1102, 0x0000,   // 0x5830 (22576) pixels
0x1122, 0x540A, 0x4BA9, 0x5C4B, 0x6D4D, 0x64EC, 0x9F73, 0x9F53, 0x9712, 0x0000, 0x0020, 0x4308, 0x5C0B, 0x3AE7, 0x0000, 0x0000,   // 0x5840 (22592) pixels
0x2A66, 0x7DF0, 0x758F, 0x6D8E, 0x658D, 0x764F, 0x86D1, 0x7EB0, 0x97B4, 0xA7F6, 0x7E91, 0x1A05, 0x2A87, 0x1A05, 0x0963, 0x0963,   // 0x5850 (22608) pixels
0x11A4, 0x1A05, 0x2246, 0x2246, 0x3BA9, 0x3B89, 0x2AE7, 0x2AA6, 0x2A86, 0x548B, 0x5CCC, 0x5C6B, 0x540A, 0x542A, 0x4B89, 0x4308,   // 0x5860 (22624) pixels
0x3AE7, 0x0040, 0x0040, 0x4308, 0x53CA, 0x53EA, 0x2184, 0x1943, 0x21A4, 0x29E5, 0x2A05, 0x1122, 0x0060, 0x0881, 0x1963, 0x1943,   // 0x5870 (22640) pixels
0x1963, 0x1963, 0x1122, 0x73EE, 0x7C2F, 0x74AE, 0x6D6D, 0x756E, 0x6D0D, 0x6CED, 0x64AC, 0x0000, 0x0040, 0x3286, 0x4328, 0x4348,   // 0x5880 (22656) pixels
0x08C1, 0x0040, 0x29E5, 0x5C2B, 0x53EA, 0x6D2D, 0x6D0D, 0x64EC, 0x1923, 0x2184, 0x21A4, 0x21A4, 0x1963, 0x540A, 0x5C4B, 0x5C2B,   // 0x5890 (22672) pixels
0x540A, 0x540A, 0x6D0D, 0x6CED, 0x64AC, 0x0000, 0x0040, 0x3AE7, 0x53CA, 0x53EA, 0x21A4, 0x1943, 0x32A6, 0x5C6B, 0x64AC, 0x0020,   // 0x58A0 (22688) pixels
0x0881, 0x0881, 0x3AA7, 0x3286, 0x21A4, 0x1943, 0x3286, 0x7DCF, 0x758E, 0x756E, 0x6D4D, 0x6D2D, 0x96F2, 0x96D2, 0x8E91, 0x0881,   // 0x58B0 (22704) pixels
0x08C1, 0x5C6B, 0x7DCF, 0x5C6B, 0x1122, 0x1963, 0x2A05, 0x4328, 0x3AE7, 0x5C4B, 0x542A, 0x540A, 0x3AE7, 0x4348, 0x1122, 0x0040,   // 0x58C0 (22720) pixels
0x1923, 0x4348, 0x3B07, 0x4BC9, 0x64EC, 0x64AC, 0x758E, 0x758E, 0x756E, 0x0000, 0x0040, 0x3266, 0x4348, 0x3266, 0x0040, 0x0040,   // 0x58D0 (22736) pixels
0x2A05, 0x64CC, 0x544B, 0x760F, 0x6DEE, 0x7D90, 0x8D52, 0x8D52, 0x8672, 0x86F2, 0x6DAF, 0x1A05, 0x2266, 0x1A05, 0x1164, 0x1184,   // 0x58E0 (22752) pixels
0x0963, 0x1A05, 0x2A67, 0x2AC7, 0x8792, 0x7F11, 0xA7F5, 0xAFF6, 0xB7F7, 0x6DCE, 0x6DCE, 0x3B48, 0x0000, 0x0841, 0x0040, 0x0020,   // 0x58F0 (22768) pixels
0x0040, 0x10C2, 0x0881, 0x3AE7, 0x4B89, 0x4348, 0x756E, 0x7DAF, 0x8650, 0x9712, 0x9F73, 0x4B89, 0x0861, 0x10E2, 0x540A, 0x4B89,   // 0x5900 (22784) pixels
0x6D4D, 0x7DAF, 0x762E, 0xA815, 0xB016, 0x600C, 0x0040, 0x0000, 0x29E5, 0x4B89, 0x4328, 0x0861, 0x10C2, 0x0040, 0x0020, 0x0020,   // 0x5910 (22800) pixels
0x08A1, 0x0881, 0x3286, 0x756E, 0x6D0D, 0x754E, 0x754E, 0x754E, 0x6D4D, 0x6D2D, 0x96F2, 0x9F73, 0x9F53, 0x8ED1, 0x9712, 0x540A,   // 0x5920 (22816) pixels
0x0000, 0x0000, 0x4BA9, 0x4368, 0x4348, 0x0861, 0x0881, 0x3AE7, 0x4B89, 0x4348, 0x756E, 0x85F0, 0x4348, 0x0000, 0x0000, 0x10C2,   // 0x5930 (22832) pixels
0x08A1, 0x10C2, 0x53EA, 0x4368, 0x6D2D, 0x7DAF, 0x7DEF, 0x8EB1, 0x96F2, 0x540A, 0x0000, 0x0000, 0x9732, 0x8E91, 0x8670, 0x53CA,   // 0x5940 (22848) pixels
0x5C4B, 0x10E2, 0x0000, 0x1963, 0x8610, 0x7DEF, 0x4B69, 0x0000, 0x0020, 0x0861, 0x0040, 0x0040, 0x0020, 0x0020, 0x08A1, 0x10C2,   // 0x5950 (22864) pixels
0x08A1, 0x0020, 0x0000, 0x1983, 0x53EA, 0x53EA, 0x0000, 0x0000, 0x0000, 0x10C2, 0x10C2, 0x0040, 0x0020, 0x0040, 0x10C2, 0x10C2,   // 0x5960 (22880) pixels
0x0861, 0x0000, 0x0000, 0xAFF6, 0x9FF4, 0xAB36, 0xB037, 0xC058, 0x41CA, 0x1A45, 0x1A45, 0x1A25, 0x1A45, 0x1A05, 0x19A5, 0x19C5,   // 0x5970 (22896) pixels
0x0963, 0x1A05, 0x2A67, 0x2AC7, 0x8752, 0x76D0, 0x9FD4, 0xA7F5, 0xAFF6, 0x6DAE, 0x6DCE, 0x4389, 0x0861, 0x10C2, 0x08A1, 0x0060,   // 0x5980 (22912) pixels
0x0060, 0x10C2, 0x0881, 0x3AE7, 0x4B89, 0x4328, 0x6D4D, 0x6D6D, 0x7DEF, 0x8E91, 0x8EF1, 0x4348, 0x0861, 0x10E2, 0x4BC9, 0x4368,   // 0x5990 (22928) pixels
0x6CED, 0x756E, 0x6DED, 0xA855, 0xB817, 0x684D, 0x00C0, 0x0881, 0x3246, 0x4BC9, 0x4368, 0x0861, 0x10C2, 0x0881, 0x0060, 0x0060,   // 0x59A0 (22944) pixels
0x10C2, 0x0881, 0x3286, 0x756E, 0x6D2D, 0x754E, 0x754E, 0x754E, 0x6D2D, 0x6D0D, 0x8EB1, 0x9712, 0x9712, 0x8EB1, 0x96F2, 0x5C2B,   // 0x59B0 (22960) pixels
0x0040, 0x0861, 0x53EA, 0x4BA9, 0x4368, 0x0020, 0x0020, 0x32A6, 0x4368, 0x4328, 0x6D4D, 0x7DAF, 0x4368, 0x0000, 0x0060, 0x0881,   // 0x59C0 (22976) pixels
0x0861, 0x0881, 0x4BC9, 0x4368, 0x6D0D, 0x756E, 0x7DCF, 0x8ED1, 0x9712, 0x5C4B, 0x0040, 0x0000, 0x9F73, 0x8ED1, 0x8E91, 0x4348,   // 0x59D0 (22992) pixels
0x53EA, 0x1102, 0x0000, 0x2184, 0x7DCF, 0x7DAF, 0x4348, 0x0000, 0x0020, 0x08A1, 0x08A1, 0x0881, 0x0040, 0x0040, 0x08A1, 0x10C2,   // 0x59E0 (23008) pixels
0x08A1, 0x0040, 0x0000, 0x21A4, 0x53EA, 0x540A, 0x0000, 0x0060, 0x0060, 0x10C2, 0x10C2, 0x0881, 0x0060, 0x0881, 0x08A1, 0x08A1,   // 0x59F0 (23024) pixels
0x0881, 0x0060, 0x0000, 0xB7F7, 0x9FF4, 0xAB96, 0xB0B7, 0xC0D9, 0x4A4B, 0x22C6, 0x22A6, 0x1A25, 0x2246, 0x1A05, 0x11A4, 0x19C5,   // 0x5A00 (23040) pixels
0x1184, 0x1A05, 0x2266, 0x2AA7, 0x6E4F, 0x6DEF, 0x75CF, 0x75AF, 0x75CF, 0x652D, 0x656D, 0x3B48, 0x0040, 0x08A1, 0x08A1, 0x0881,   // 0x5A10 (23056) pixels
0x0881, 0x08A1, 0x0040, 0x4368, 0x542A, 0x4C29, 0x7B8F, 0x8370, 0x84D0, 0x8ED1, 0x96F2, 0x4348, 0x0040, 0x10C2, 0x4348, 0x3AE7,   // 0x5A20 (23072) pixels
0x5C4B, 0x64AC, 0x652C, 0x708E, 0x782F, 0x4869, 0x00A0, 0x0881, 0x21C4, 0x3AC7, 0x3286, 0x0861, 0x08A1, 0x0881, 0x0881, 0x0881,   // 0x5A30 (23088) pixels
0x08A1, 0x0881, 0x21E4, 0x53CA, 0x4B89, 0x64CC, 0x64AC, 0x64AC, 0x4B89, 0x4B89, 0x5C8B, 0x64CC, 0x64AC, 0x6D0D, 0x754E, 0x4B89,   // 0x5A40 (23104) pixels
0x10C2, 0x1102, 0x3AC7, 0x3286, 0x3286, 0x3286, 0x3266, 0x540A, 0x648C, 0x64AC, 0x4BC9, 0x53CA, 0x32A6, 0x10E2, 0x10C2, 0x3AC7,   // 0x5A50 (23120) pixels
0x3286, 0x3286, 0x4328, 0x3B07, 0x4B89, 0x4BA9, 0x53EA, 0x64AC, 0x64CC, 0x3B07, 0x0060, 0x0020, 0x6D2D, 0x64AC, 0x64AC, 0x64AC,   // 0x5A60 (23136) pixels
0x64CC, 0x3B07, 0x3266, 0x3AC7, 0x53CA, 0x4BC9, 0x4328, 0x3266, 0x3286, 0x1983, 0x21A4, 0x2184, 0x1983, 0x2184, 0x10E2, 0x0881,   // 0x5A70 (23152) pixels
0x1102, 0x2A25, 0x21E4, 0x3AC7, 0x5C4B, 0x648C, 0x0020, 0x0881, 0x0881, 0x08A1, 0x08A1, 0x0881, 0x0881, 0x10C2, 0x21A4, 0x21A4,   // 0x5A80 (23168) pixels
0x1943, 0x0881, 0x0000, 0x75EF, 0x6DAE, 0x7AF0, 0x8111, 0x8932, 0x3A49, 0x1AA5, 0x2286, 0x2246, 0x2246, 0x1A05, 0x1184, 0x11A4,   // 0x5A90 (23184) pixels
0x19A5, 0x1A05, 0x1A25, 0x2246, 0x4C4B, 0x4C4B, 0x11A3, 0x00E1, 0x00A0, 0x542B, 0x5CAC, 0x32A7, 0x0020, 0x0060, 0x08A1, 0x10C2,   // 0x5AA0 (23200) pixels
0x10C2, 0x0060, 0x0000, 0x5C6B, 0x758E, 0x6DED, 0xA815, 0xA815, 0x9AB3, 0x8F31, 0x9F33, 0x4328, 0x0000, 0x0881, 0x3246, 0x2A05,   // 0x5AB0 (23216) pixels
0x4308, 0x4368, 0x4BA9, 0x08E1, 0x00C0, 0x00A0, 0x0060, 0x0060, 0x0861, 0x0881, 0x0881, 0x0060, 0x0060, 0x08A1, 0x10C2, 0x10C2,   // 0x5AC0 (23232) pixels
0x0060, 0x0060, 0x0060, 0x0861, 0x0020, 0x4BA9, 0x4368, 0x4328, 0x0000, 0x0861, 0x0000, 0x0000, 0x0000, 0x21A4, 0x29E5, 0x2A05,   // 0x5AD0 (23248) pixels
0x2A05, 0x2A25, 0x0861, 0x0861, 0x10C2, 0x9F93, 0x96F2, 0x9712, 0x9712, 0xA7B4, 0x08A1, 0x0000, 0x1102, 0x3286, 0x29E5, 0x9F73,   // 0x5AE0 (23264) pixels
0x9712, 0x8ED1, 0x21A4, 0x3246, 0x0881, 0x0000, 0x0020, 0x0040, 0x0040, 0x0060, 0x0060, 0x0060, 0x0040, 0x0020, 0x0881, 0x9F53,   // 0x5AF0 (23280) pixels
0x8EB1, 0x9732, 0xA794, 0x754E, 0x0000, 0x0000, 0x3AE7, 0xA7B4, 0xA794, 0x4348, 0x4BA9, 0x4BA9, 0x540A, 0x5C4B, 0x1943, 0x0020,   // 0x5B00 (23296) pixels
0x21C4, 0x8610, 0x7DAF, 0x756E, 0x6D0D, 0x758E, 0x0020, 0x10C2, 0x10C2, 0x0060, 0x0060, 0x08A1, 0x08A1, 0x2184, 0x53EA, 0x4BC9,   // 0x5B10 (23312) pixels
0x32A7, 0x08C2, 0x1103, 0x0060, 0x0060, 0x0962, 0x1223, 0x1203, 0x1224, 0x1224, 0x1A45, 0x2A87, 0x2A87, 0x1A05, 0x0963, 0x0963,   // 0x5B20 (23328) pixels
0x19A5, 0x1A05, 0x1A25, 0x2246, 0x54AC, 0x54AC, 0x1183, 0x00A0, 0x0060, 0x4C8A, 0x552B, 0x3306, 0x0020, 0x0060, 0x0881, 0x0881,   // 0x5B30 (23344) pixels
0x0881, 0x0060, 0x0000, 0x5C6B, 0x7D8F, 0x6E0D, 0xB056, 0xB817, 0xAAF5, 0x9792, 0xA794, 0x4368, 0x0000, 0x0881, 0x2A05, 0x21C4,   // 0x5B40 (23360) pixels
0x3B67, 0x3BE7, 0x4428, 0x0060, 0x0000, 0x0040, 0x0060, 0x0060, 0x00A0, 0x00C0, 0x00C0, 0x0000, 0x0000, 0x0040, 0x0861, 0x0861,   // 0x5B50 (23376) pixels
0x0060, 0x0060, 0x0060, 0x0861, 0x0020, 0x53EA, 0x4BA9, 0x4B89, 0x0861, 0x10C2, 0x0881, 0x0060, 0x0040, 0x29E5, 0x2A25, 0x29E5,   // 0x5B60 (23392) pixels
0x21C4, 0x21E4, 0x08A1, 0x08A1, 0x10E2, 0x9712, 0x8670, 0x9712, 0x9F53, 0xAFF5, 0x10E2, 0x0000, 0x1122, 0x3286, 0x29E5, 0x96F2,   // 0x5B70 (23408) pixels
0x8E91, 0x8650, 0x1943, 0x29E5, 0x08A1, 0x0060, 0x0060, 0x08A1, 0x0881, 0x0040, 0x0000, 0x0000, 0x10C2, 0x08A1, 0x1102, 0xA7D4,   // 0x5B80 (23424) pixels
0x9732, 0x9F33, 0x9F73, 0x754E, 0x0000, 0x0020, 0x4328, 0xA794, 0xA774, 0x3AE7, 0x4348, 0x4348, 0x5C2B, 0x5C6B, 0x1943, 0x0020,   // 0x5B90 (23440) pixels
0x21A4, 0x7DCF, 0x756E, 0x6D2D, 0x64CC, 0x6D4D, 0x0000, 0x0861, 0x0861, 0x0000, 0x0000, 0x0020, 0x0020, 0x1102, 0x4B89, 0x4368,   // 0x5BA0 (23456) pixels
0x2A25, 0x0020, 0x0041, 0x00E1, 0x00C1, 0x0922, 0x1163, 0x1143, 0x11C4, 0x1204, 0x1A25, 0x2A87, 0x2A87, 0x1A05, 0x0963, 0x0963,   // 0x5BB0 (23472) pixels
0x0963, 0x1A05, 0x2A87, 0x2266, 0x1224, 0x09A3, 0x8ED2, 0xAFF6, 0xA7F5, 0xA8F6, 0xB037, 0x688D, 0x00C0, 0x08A1, 0x1963, 0x2A25,   // 0x5BC0 (23488) pixels
0x29E5, 0x08A1, 0x0861, 0x3AE7, 0x4B89, 0x4BA9, 0x08E1, 0x0080, 0x21E4, 0x4B89, 0x4B89, 0x21E4, 0x0881, 0x1102, 0x758E, 0x658C,   // 0x5BD0 (23504) pixels
0xA134, 0xB016, 0xB817, 0x8E31, 0x9732, 0x5C2B, 0x0861, 0x00C0, 0x684D, 0xB817, 0xA835, 0x4C49, 0x53EA, 0x4BA9, 0x4B89, 0x53EA,   // 0x5BE0 (23520) pixels
0x10E2, 0x0881, 0x29E5, 0x4BC9, 0x4BA9, 0x2A05, 0x2A25, 0x2A25, 0x0040, 0x0060, 0x08A1, 0x10C2, 0x0861, 0x4348, 0x4B89, 0x4BA9,   // 0x5BF0 (23536) pixels
0x53CA, 0x5C2B, 0x0000, 0x0060, 0x08A1, 0x9F73, 0x9F33, 0x3AE7, 0x21A4, 0x21C4, 0x2A25, 0x3266, 0x1983, 0x0040, 0x0000, 0xA794,   // 0x5C00 (23552) pixels
0x96D2, 0x96D2, 0x8EB1, 0x9732, 0x2A25, 0x0881, 0x1102, 0x2A25, 0x21C4, 0x540A, 0x9F53, 0xA7B4, 0x0000, 0x0060, 0x0060, 0x0881,   // 0x5C10 (23568) pixels
0x0040, 0x32A6, 0x4B89, 0x32A6, 0x0881, 0x0881, 0x21C4, 0x4B89, 0x4328, 0x758E, 0x756E, 0x6D2D, 0x0000, 0x0040, 0x08A1, 0x08A1,   // 0x5C20 (23584) pixels
0x1963, 0x4BA9, 0x4348, 0x64CC, 0x9712, 0x9F33, 0x4328, 0x4B89, 0x4BA9, 0x7DAF, 0x756E, 0x6D2D, 0x6D2D, 0x6D2D, 0x754E, 0x754E,   // 0x5C30 (23600) pixels
0x7DCF, 0x8ED1, 0x9F53, 0x08E2, 0x1103, 0x654D, 0x9FF4, 0x9FF4, 0x5D2D, 0x4C4B, 0x3BC9, 0x1A05, 0x2246, 0x1A05, 0x11A4, 0x19C5,   // 0x5C40 (23616) pixels
0x0963, 0x1A05, 0x2A87, 0x2266, 0x09E3, 0x0162, 0x8EF2, 0xAFF6, 0xAFF6, 0xA8D6, 0xB017, 0x686D, 0x00C0, 0x08A1, 0x1963, 0x21E4,   // 0x5C50 (23632) pixels
0x21C4, 0x08A1, 0x0881, 0x3306, 0x43C8, 0x43E8, 0x10E2, 0x0861, 0x21C4, 0x4B89, 0x4B89, 0x21C4, 0x0040, 0x10C2, 0x6D4D, 0x5D4B,   // 0x5C60 (23648) pixels
0xA935, 0xB817, 0xB817, 0x9672, 0x9752, 0x5C4B, 0x0841, 0x00C0, 0x684D, 0xB817, 0xA835, 0x4C49, 0x53EA, 0x4B89, 0x4368, 0x4BA9,   // 0x5C70 (23664) pixels
0x08A1, 0x0020, 0x21C4, 0x53EA, 0x4BC9, 0x2A25, 0x3266, 0x3246, 0x0000, 0x0040, 0x08A1, 0x10C2, 0x0861, 0x4348, 0x4B89, 0x4BA9,   // 0x5C80 (23680) pixels
0x53EA, 0x5C2B, 0x0000, 0x0000, 0x0861, 0xA7B4, 0x9F73, 0x3AE7, 0x21A4, 0x21C4, 0x3246, 0x3266, 0x1963, 0x0000, 0x0000, 0xAFF5,   // 0x5C90 (23696) pixels
0x9F33, 0x9732, 0x86F0, 0x9772, 0x2A25, 0x0861, 0x10E2, 0x2204, 0x21A4, 0x540A, 0xA794, 0xAFD5, 0x0000, 0x0060, 0x0060, 0x10A2,   // 0x5CA0 (23712) pixels
0x0861, 0x3AE7, 0x4BC9, 0x3AE7, 0x0881, 0x0881, 0x21C4, 0x4B89, 0x3B27, 0x7DAF, 0x758E, 0x754E, 0x0000, 0x0020, 0x0881, 0x08A1,   // 0x5CB0 (23728) pixels
0x1963, 0x4388, 0x3B07, 0x64CC, 0x9F73, 0xA794, 0x4328, 0x4B89, 0x4BA9, 0x7DCF, 0x7D8F, 0x6D6D, 0x654C, 0x6D6D, 0x758E, 0x758E,   // 0x5CC0 (23744) pixels
0x8610, 0x96F1, 0x9F73, 0x08E2, 0x1103, 0x654D, 0x9FF4, 0x9FF4, 0x5D0D, 0x442A, 0x3BA9, 0x1A05, 0x1A25, 0x1A05, 0x11A4, 0x19C5,   // 0x5CD0 (23760) pixels
0x1184, 0x1A05, 0x2246, 0x2286, 0x550C, 0x54EC, 0x548B, 0x546B, 0x54AB, 0x7AB0, 0x82B1, 0x49AA, 0x0060, 0x0861, 0x21E4, 0x4308,   // 0x5CE0 (23776) pixels
0x3AC7, 0x0060, 0x0080, 0x618C, 0x81D0, 0x89D1, 0x2164, 0x1122, 0x3AA7, 0x648C, 0x648C, 0x4328, 0x29E5, 0x3266, 0x8650, 0x8670,   // 0x5CF0 (23792) pixels
0x618C, 0x502A, 0x580B, 0x4B49, 0x4BA9, 0x3246, 0x0060, 0x00A0, 0x3066, 0x584B, 0x506A, 0x3306, 0x3AA7, 0x540A, 0x5C6B, 0x5C6B,   // 0x5D00 (23808) pixels
0x4BC9, 0x53CA, 0x3B07, 0x29E5, 0x2A25, 0x1923, 0x1943, 0x1963, 0x2A45, 0x3246, 0x10E2, 0x0881, 0x0040, 0x4368, 0x4BA9, 0x4348,   // 0x5D10 (23824) pixels
0x3AC7, 0x3AC7, 0x3AE7, 0x3AE7, 0x4308, 0x6D4D, 0x6D4D, 0x4368, 0x3AC7, 0x4308, 0x1963, 0x1122, 0x3246, 0x53EA, 0x4BC9, 0x4B69,   // 0x5D20 (23840) pixels
0x4388, 0x4B69, 0xA334, 0xAB75, 0x39C7, 0x1142, 0x21C4, 0x3B07, 0x3AE7, 0x4328, 0x4B89, 0x4BA9, 0x1122, 0x1963, 0x1963, 0x0881,   // 0x5D30 (23856) pixels
0x0861, 0x21A4, 0x2A25, 0x21A4, 0x0861, 0x0060, 0x2A25, 0x64AC, 0x5C8B, 0x4B69, 0x4B89, 0x4B89, 0x3AE7, 0x4328, 0x1122, 0x0040,   // 0x5D40 (23872) pixels
0x21C4, 0x758E, 0x6D4D, 0x5C8B, 0x4368, 0x4B89, 0x3AC7, 0x3AC7, 0x3AC7, 0x3AC7, 0x32C6, 0x7A8F, 0x9292, 0x728E, 0x32C6, 0x3AA6,   // 0x5D50 (23888) pixels
0x4369, 0x5C8C, 0x64CC, 0x00C1, 0x08C2, 0x4C4A, 0x7E70, 0x7E50, 0x5D2C, 0x54CC, 0x442A, 0x2246, 0x2A87, 0x2226, 0x1184, 0x1184,   // 0x5D60 (23904) pixels
0x11A4, 0x1A05, 0x1A25, 0x2286, 0x9FF5, 0x9FF5, 0x2265, 0x00E1, 0x00C0, 0x4C6A, 0x5D0C, 0x32E6, 0x0020, 0x0040, 0x3246, 0x540A,   // 0x5D70 (23920) pixels
0x4BA9, 0x0020, 0x0080, 0x9032, 0xB817, 0xC018, 0x31E6, 0x21E4, 0x4B69, 0x758E, 0x756E, 0x5C6B, 0x4388, 0x4BC9, 0x9F33, 0x9F73,   // 0x5D80 (23936) pixels
0x19C3, 0x0040, 0x0060, 0x0861, 0x0861, 0x0861, 0x0060, 0x0060, 0x00A0, 0x00C0, 0x08C1, 0x2A05, 0x1983, 0x648C, 0x756E, 0x6D2D,   // 0x5D90 (23952) pixels
0x8EB1, 0x9732, 0x5C4B, 0x0020, 0x0881, 0x0040, 0x0040, 0x0881, 0x5C4B, 0x5C2B, 0x1943, 0x0040, 0x0020, 0x4B89, 0x53EA, 0x3AE7,   // 0x5DA0 (23968) pixels
0x21C4, 0x1983, 0x7DEF, 0x758E, 0x756E, 0x3B07, 0x4348, 0x4BA9, 0x53CA, 0x5C2B, 0x08A1, 0x0000, 0x4328, 0xA794, 0xA7D4, 0x0000,   // 0x5DB0 (23984) pixels
0x0020, 0x0000, 0xC018, 0xB817, 0x4989, 0x2204, 0x3286, 0x540A, 0x540A, 0x3246, 0x0000, 0x0000, 0x3286, 0x3266, 0x3246, 0x0040,   // 0x5DC0 (24000) pixels
0x0060, 0x0881, 0x0881, 0x0881, 0x0060, 0x0020, 0x3266, 0x7DAF, 0x7DAF, 0x1963, 0x21C4, 0x21E4, 0x7DEF, 0x7DEF, 0x21A4, 0x0000,   // 0x5DD0 (24016) pixels
0x2A25, 0xA774, 0x9F53, 0x5C2B, 0x0000, 0x0000, 0x3266, 0x2A25, 0x2A05, 0x0000, 0x0020, 0x8811, 0xC018, 0x8010, 0x0020, 0x0000,   // 0x5DE0 (24032) pixels
0x10E2, 0x2A66, 0x2A67, 0x00C1, 0x00A1, 0x3B48, 0x650D, 0x5CCC, 0x5D2C, 0x5D6D, 0x4CAB, 0x2A87, 0x32C8, 0x2246, 0x0963, 0x0963,   // 0x5DF0 (24048) pixels
0x19A5, 0x1A05, 0x1A25, 0x2286, 0x97F4, 0x97F4, 0x22A6, 0x0942, 0x0121, 0x4C2A, 0x5C8C, 0x2A66, 0x0000, 0x0000, 0x29E5, 0x53CA,   // 0x5E00 (24064) pixels
0x4368, 0x0020, 0x0080, 0x9032, 0xB817, 0xC819, 0x31E6, 0x21E4, 0x4B69, 0x756E, 0x756E, 0x5C4B, 0x4348, 0x4BA9, 0x9F13, 0x9F53,   // 0x5E10 (24080) pixels
0x2184, 0x0000, 0x0020, 0x08A1, 0x10C2, 0x08A1, 0x0060, 0x0060, 0x0861, 0x0861, 0x0861, 0x21E4, 0x1963, 0x5CCB, 0x6DCD, 0x6D8D,   // 0x5E20 (24096) pixels
0x8EB1, 0x9712, 0x5C4B, 0x0841, 0x10C2, 0x0060, 0x0060, 0x08A1, 0x5C4B, 0x5C4B, 0x1142, 0x0060, 0x0020, 0x4BA9, 0x5C2B, 0x4328,   // 0x5E30 (24112) pixels
0x21E4, 0x21C4, 0x8610, 0x7DAF, 0x758E, 0x4388, 0x4BA9, 0x53CA, 0x53CA, 0x5C0B, 0x0881, 0x0000, 0x4308, 0xA7B4, 0xAFF5, 0x0000,   // 0x5E40 (24128) pixels
0x0060, 0x0861, 0xC839, 0xC819, 0x4989, 0x21E4, 0x3246, 0x4BA9, 0x4BA9, 0x3246, 0x0020, 0x0040, 0x2A25, 0x29E5, 0x29E5, 0x0000,   // 0x5E50 (24144) pixels
0x0020, 0x0040, 0x0040, 0x0060, 0x0060, 0x0020, 0x3286, 0x7DEF, 0x7DEF, 0x1983, 0x21E4, 0x2A25, 0x7DEF, 0x8610, 0x1963, 0x0000,   // 0x5E60 (24160) pixels
0x21C4, 0xA794, 0x9F53, 0x5C6B, 0x0000, 0x0040, 0x3266, 0x3246, 0x2A25, 0x0000, 0x0000, 0x8010, 0xB817, 0x8010, 0x0040, 0x0020,   // 0x5E70 (24176) pixels
0x1123, 0x32C7, 0x3AC8, 0x00C1, 0x00A1, 0x4389, 0x6D6E, 0x652D, 0x5D4D, 0x5D6D, 0x4CAB, 0x2A87, 0x32C8, 0x2246, 0x0963, 0x0963,   // 0x5E80 (24192) pixels
0x1184, 0x1A05, 0x2266, 0x2A87, 0x7650, 0x7650, 0x2AA6, 0x11A3, 0x1143, 0x75CF, 0x7E50, 0x6D6E, 0x5C6B, 0x5C6B, 0x6D0D, 0x75AE,   // 0x5E90 (24208) pixels
0x752E, 0x700E, 0x704E, 0x592B, 0x596B, 0x596B, 0x1923, 0x10E2, 0x3AC7, 0x754E, 0x6D2D, 0x5C4B, 0x4B89, 0x53CA, 0x96F2, 0x96F2,   // 0x5EA0 (24224) pixels
0x4368, 0x3266, 0x3AC7, 0x08A1, 0x0881, 0x0881, 0x08A1, 0x0861, 0x2A25, 0x4B89, 0x4B69, 0x542A, 0x544A, 0x8270, 0x91D2, 0x9993,   // 0x5EB0 (24240) pixels
0x648C, 0x6D0D, 0x3B07, 0x0040, 0x0881, 0x08A1, 0x08A1, 0x08A1, 0x21C4, 0x19C3, 0x60AC, 0x704E, 0x782F, 0x2985, 0x21A4, 0x1963,   // 0x5EC0 (24256) pixels
0x1122, 0x1102, 0x3246, 0x2A25, 0x2A25, 0x21A4, 0x2184, 0x4328, 0x4BA9, 0x4BA9, 0x32A6, 0x3286, 0x32A6, 0x3AC7, 0x3AE7, 0x0060,   // 0x5ED0 (24272) pixels
0x08A1, 0x08A1, 0x4869, 0x4048, 0x31C6, 0x2A05, 0x3B07, 0x7DCF, 0x7DCF, 0x4B89, 0x0040, 0x0020, 0x756E, 0x6D0D, 0x64EC, 0x3246,   // 0x5EE0 (24288) pixels
0x3266, 0x540A, 0x64AC, 0x4B69, 0x0040, 0x0881, 0x1943, 0x2A45, 0x2A25, 0x2A25, 0x2A25, 0x2A25, 0x2A25, 0x2A05, 0x53EA, 0x648C,   // 0x5EF0 (24304) pixels
0x5C8B, 0x64AC, 0x64EC, 0x4308, 0x0040, 0x0861, 0x2A45, 0x2A05, 0x2A25, 0x64CC, 0x5C8B, 0x8C51, 0x9C53, 0x7BCF, 0x2A65, 0x32A6,   // 0x5F00 (24320) pixels
0x2A05, 0x1122, 0x1123, 0x1143, 0x1123, 0x2225, 0x2AC6, 0x2A86, 0x442A, 0x54CC, 0x440A, 0x2226, 0x2266, 0x1A25, 0x1184, 0x11A4,   // 0x5F10 (24336) pixels
0x0963, 0x1A05, 0x2A87, 0x2AA7, 0x5D6D, 0x5D6D, 0x2A86, 0x19C4, 0x1163, 0x86D1, 0x8F52, 0x9732, 0x9F33, 0x9F33, 0x96F2, 0x8ED1,   // 0x5F20 (24352) pixels
0x8E51, 0xC018, 0xC819, 0x4188, 0x1A03, 0x2204, 0x08A1, 0x0861, 0x3286, 0x6D4D, 0x6D0D, 0x5C4B, 0x4BA9, 0x53EA, 0x8ED1, 0x8ED1,   // 0x5F30 (24368) pixels
0x5C6B, 0x53CA, 0x5C4B, 0x08A1, 0x0040, 0x0881, 0x10C2, 0x0861, 0x4328, 0x756E, 0x6D2D, 0x756E, 0x6DCD, 0xA0F4, 0xA815, 0xB016,   // 0x5F40 (24384) pixels
0x534A, 0x4BC9, 0x2A45, 0x0000, 0x0040, 0x10A2, 0x08A1, 0x08A1, 0x0020, 0x0020, 0x9032, 0xC038, 0xC839, 0x1042, 0x0020, 0x0040,   // 0x5F50 (24400) pixels
0x0881, 0x0881, 0x0020, 0x0040, 0x0040, 0x0881, 0x0040, 0x3AE7, 0x4BA9, 0x4B89, 0x53EA, 0x5C2B, 0x3266, 0x0000, 0x0000, 0x08C1,   // 0x5F60 (24416) pixels
0x08C1, 0x08C1, 0x0060, 0x0040, 0x21E4, 0x2A25, 0x4B69, 0x9712, 0x9712, 0x5C4B, 0x0040, 0x0020, 0x9F73, 0x8ED1, 0x8EB1, 0x4B89,   // 0x5F70 (24432) pixels
0x4BA9, 0x8610, 0x9712, 0x6D2D, 0x0040, 0x10C2, 0x0881, 0x0020, 0x0000, 0x3266, 0x3246, 0x2A25, 0x0000, 0x0000, 0x758E, 0xA794,   // 0x5F80 (24448) pixels
0x8630, 0x3AE7, 0x4368, 0x2A25, 0x0861, 0x0881, 0x2A05, 0x21E4, 0x2A05, 0xA7B4, 0x9F33, 0x8EF1, 0x8F11, 0x7E2F, 0x4BA9, 0x5C0B,   // 0x5F90 (24464) pixels
0x3286, 0x0020, 0x0040, 0x1984, 0x1163, 0x0942, 0x0922, 0x0101, 0x3B88, 0x4C6B, 0x3BA9, 0x1A05, 0x1A25, 0x1A05, 0x11A4, 0x19C5,   // 0x5FA0 (24480) pixels
0x0963, 0x1A05, 0x2266, 0x2AA7, 0x65CE, 0x65AE, 0x3307, 0x2265, 0x2205, 0x762F, 0x86B1, 0x7E50, 0x7DEF, 0x7DEF, 0x8610, 0x8650,   // 0x5FB0 (24496) pixels
0x85D0, 0x9813, 0xA014, 0x4A09, 0x32A6, 0x3AC7, 0x10E2, 0x08A1, 0x3286, 0x6D0D, 0x64EC, 0x540A, 0x4328, 0x4B69, 0x8670, 0x8670,   // 0x5FC0 (24512) pixels
0x5C4B, 0x4BA9, 0x540A, 0x10E2, 0x08A1, 0x08A1, 0x08A1, 0x0861, 0x4328, 0x756E, 0x6D2D, 0x756E, 0x6DCD, 0x91B2, 0xA074, 0xA855,   // 0x5FD0 (24528) pixels
0x536A, 0x4BE9, 0x3AA7, 0x1102, 0x1943, 0x1102, 0x1102, 0x1102, 0x1943, 0x0941, 0x786F, 0xA034, 0xA835, 0x2104, 0x1102, 0x1102,   // 0x5FE0 (24544) pixels
0x1943, 0x1943, 0x1843, 0x1863, 0x1863, 0x1122, 0x10E2, 0x32A6, 0x4328, 0x4328, 0x4348, 0x4B69, 0x3246, 0x08A1, 0x08E1, 0x2084,   // 0x5FF0 (24560) pixels
0x20A4, 0x20A4, 0x0080, 0x0060, 0x21A4, 0x29E5, 0x4328, 0x8E91, 0x8670, 0x53EA, 0x0040, 0x0020, 0x8ED1, 0x8630, 0x7E0F, 0x4B69,   // 0x6000 (24576) pixels
0x4B69, 0x7DEF, 0x8ED1, 0x6D0D, 0x0020, 0x08A1, 0x08A1, 0x0881, 0x0040, 0x3266, 0x2A25, 0x2A25, 0x1843, 0x1002, 0x64AC, 0x8650,   // 0x6010 (24592) pixels
0x756E, 0x4BC9, 0x540A, 0x3AC7, 0x10C2, 0x10E2, 0x2A45, 0x2A25, 0x2A45, 0x8650, 0x8610, 0x7DCF, 0x7DEF, 0x6D4D, 0x4348, 0x4BA9,   // 0x6020 (24608) pixels
0x3246, 0x0040, 0x0040, 0x2A66, 0x2225, 0x19E4, 0x19E4, 0x11C3, 0x3B68, 0x442A, 0x3B89, 0x1A25, 0x2246, 0x1A05, 0x11A4, 0x11A4,   // 0x6030 (24624) pixels
0x19A5, 0x1A05, 0x1A25, 0x2286, 0x97F4, 0x8F93, 0x7E90, 0x764F, 0x7EB0, 0x32E7, 0x32A7, 0x1963, 0x0000, 0x0000, 0x21E4, 0x4BA9,   // 0x6040 (24640) pixels
0x4348, 0x0020, 0x0000, 0x75CE, 0x9F73, 0xA7B4, 0x3266, 0x21E4, 0x3AC7, 0x53AA, 0x53CA, 0x21A4, 0x0000, 0x0040, 0x53CA, 0x4B69,   // 0x6050 (24656) pixels
0x4368, 0x4368, 0x4B89, 0x3266, 0x3266, 0x2184, 0x0040, 0x0000, 0x540A, 0x9F53, 0x96F2, 0x8E91, 0x8EB1, 0x75EE, 0x6DAD, 0x6DED,   // 0x6060 (24672) pixels
0x4BA9, 0x4348, 0x6D0D, 0xA794, 0xA7B4, 0x4368, 0x4BA9, 0x53EA, 0xA7B4, 0xAFF5, 0x1A03, 0x0040, 0x0000, 0x6D4D, 0x7DCF, 0x758E,   // 0x6070 (24688) pixels
0x756E, 0x6DED, 0xC819, 0xC038, 0xB877, 0x4428, 0x540A, 0x1923, 0x0861, 0x0881, 0x0020, 0x0000, 0x21C4, 0x5C4B, 0x4C69, 0xC018,   // 0x6080 (24704) pixels
0xB817, 0xB016, 0x00C0, 0x10C2, 0x0060, 0x0020, 0x1122, 0x53CA, 0x4BA9, 0x2A45, 0x0020, 0x0000, 0x53EA, 0x4B69, 0x4B69, 0x4368,   // 0x6090 (24720) pixels
0x4328, 0x85F0, 0x9F33, 0x6D0D, 0x0000, 0x0060, 0x0881, 0x10C2, 0x0881, 0x2A25, 0x2204, 0x29E5, 0xC819, 0xC839, 0x2805, 0x0000,   // 0x60A0 (24736) pixels
0x21C4, 0xA794, 0x9F33, 0x7DCF, 0x4B89, 0x4BA9, 0x53EA, 0x53EA, 0x53CA, 0x0000, 0x0000, 0x0000, 0x0020, 0x0881, 0x21E4, 0x21C4,   // 0x60B0 (24752) pixels
0x1983, 0x08E3, 0x0041, 0xA7F5, 0x97B3, 0x7E30, 0x654D, 0x6D8E, 0x2AE6, 0x09E4, 0x1A25, 0x2A87, 0x2A87, 0x1A05, 0x0963, 0x0963,   // 0x60C0 (24768) pixels
0x11A4, 0x1A05, 0x1A25, 0x2286, 0x97F4, 0x8F73, 0x762F, 0x6DEE, 0x764F, 0x3B08, 0x32E7, 0x21C4, 0x0020, 0x0020, 0x2A25, 0x53EA,   // 0x60D0 (24784) pixels
0x4B69, 0x0020, 0x0000, 0x75AE, 0x9F33, 0x9F73, 0x2A45, 0x21C4, 0x3AA7, 0x53CA, 0x53EA, 0x21C4, 0x0000, 0x0881, 0x5C2B, 0x53CA,   // 0x60E0 (24800) pixels
0x4BA9, 0x4B89, 0x4BA9, 0x3266, 0x3266, 0x2184, 0x0040, 0x0000, 0x53EA, 0x9F13, 0x96D2, 0x8EB1, 0x8ED1, 0x758E, 0x6D2D, 0x756E,   // 0x60F0 (24816) pixels
0x4BA9, 0x4368, 0x6CED, 0x9712, 0x9F33, 0x3B07, 0x4368, 0x4BA9, 0x9F53, 0xA794, 0x21E4, 0x0040, 0x0000, 0x64CC, 0x754E, 0x6D0D,   // 0x6100 (24832) pixels
0x64EC, 0x5D6B, 0xB817, 0xB016, 0xA835, 0x3BC7, 0x4BA9, 0x1923, 0x0861, 0x0881, 0x0040, 0x0020, 0x21A4, 0x53EA, 0x4408, 0xB817,   // 0x6110 (24848) pixels
0xA815, 0xA014, 0x0080, 0x0881, 0x0060, 0x0040, 0x1943, 0x53EA, 0x53EA, 0x3246, 0x0000, 0x0000, 0x5C4B, 0x53CA, 0x53CA, 0x4368,   // 0x6120 (24864) pixels
0x4328, 0x8610, 0x9F33, 0x6D2D, 0x0000, 0x0060, 0x0881, 0x08A1, 0x0861, 0x2A05, 0x21E4, 0x29C5, 0xC018, 0xC018, 0x2825, 0x0000,   // 0x6130 (24880) pixels
0x21E4, 0x9F73, 0x9712, 0x758E, 0x4348, 0x4B89, 0x53AA, 0x53CA, 0x4BA9, 0x0000, 0x0040, 0x0881, 0x0881, 0x10E2, 0x2A05, 0x21E4,   // 0x6140 (24896) pixels
0x1983, 0x08C2, 0x0020, 0x9FF4, 0x8F52, 0x75CF, 0x5CEC, 0x654D, 0x22C6, 0x1204, 0x1A25, 0x2A87, 0x2A87, 0x1A05, 0x0963, 0x0963,   // 0x6150 (24912) pixels
0x11A4, 0x1A05, 0x2246, 0x2286, 0x7ED1, 0x7670, 0x7E70, 0x7E70, 0x86B1, 0x4C0A, 0x4C0A, 0x32C7, 0x1102, 0x1102, 0x3B07, 0x64AC,   // 0x6160 (24928) pixels
0x5C2B, 0x0020, 0x0020, 0x5C4B, 0x756E, 0x758E, 0x2A45, 0x21E4, 0x3AE7, 0x5C2B, 0x5C2B, 0x3AA7, 0x1963, 0x21C4, 0x4B69, 0x4368,   // 0x6170 (24944) pixels
0x3AE7, 0x3AC7, 0x3AE7, 0x29E5, 0x21E4, 0x1943, 0x0861, 0x0020, 0x53EA, 0x9712, 0x8EB1, 0x6D4D, 0x756E, 0x758E, 0x758E, 0x7DCF,   // 0x6180 (24960) pixels
0x3B07, 0x3286, 0x542A, 0x8630, 0x8630, 0x4348, 0x4B89, 0x4BA9, 0x756E, 0x7DAF, 0x2184, 0x0060, 0x0000, 0x6D2D, 0x7DAF, 0x758E,   // 0x6190 (24976) pixels
0x756E, 0x6DCD, 0xA0F4, 0xA154, 0x9993, 0x43C8, 0x4BA9, 0x3266, 0x2A05, 0x2A25, 0x1943, 0x1102, 0x3286, 0x64AC, 0x5CCB, 0x8010,   // 0x61A0 (24992) pixels
0x8030, 0x782F, 0x2244, 0x2A25, 0x1122, 0x08A1, 0x21A4, 0x5C4B, 0x542A, 0x4328, 0x21C4, 0x21E4, 0x4308, 0x3AE7, 0x3AE7, 0x4BA9,   // 0x61B0 (25008) pixels
0x4348, 0x7DAF, 0x8EB1, 0x64CC, 0x0000, 0x0881, 0x10E2, 0x1963, 0x1943, 0x3286, 0x2A65, 0x3246, 0xB1B6, 0xB1B6, 0x41E8, 0x21E4,   // 0x61C0 (25024) pixels
0x3AE7, 0x7DEF, 0x7DCF, 0x5C8B, 0x32A6, 0x32A6, 0x5C2B, 0x540A, 0x53EA, 0x10E2, 0x1943, 0x1963, 0x1943, 0x21A4, 0x3286, 0x3266,   // 0x61D0 (25040) pixels
0x2A05, 0x1984, 0x1123, 0x762F, 0x6DAE, 0x652D, 0x5CCC, 0x650C, 0x3388, 0x2B07, 0x2AE7, 0x2246, 0x2266, 0x1A05, 0x1164, 0x1184,   // 0x61E0 (25056) pixels
0x0963, 0x1A05, 0x2A87, 0x2A87, 0x3388, 0x2307, 0x8EF2, 0xA7F5, 0xA7F5, 0x9773, 0x9793, 0x75EF, 0x53CA, 0x53CA, 0x758E, 0x96F2,   // 0x61F0 (25072) pixels
0x8670, 0x0020, 0x10C2, 0x0020, 0x0000, 0x0000, 0x2A05, 0x2A25, 0x4B69, 0x6D4D, 0x6D0D, 0x756E, 0x7DAF, 0x756E, 0x1963, 0x21E4,   // 0x6200 (25088) pixels
0x08C1, 0x0861, 0x0881, 0x0040, 0x0040, 0x0881, 0x10C2, 0x0861, 0x53EA, 0x8EF1, 0x8630, 0x1963, 0x2164, 0x758E, 0x8ED1, 0x9732,   // 0x6210 (25104) pixels
0x1102, 0x0020, 0x21A4, 0x4368, 0x4328, 0x53CA, 0x53CA, 0x4B89, 0x0000, 0x0000, 0x0881, 0x10C2, 0x0020, 0x7E2F, 0x8EB1, 0x8EB1,   // 0x6220 (25120) pixels
0x96F2, 0x9712, 0x5D2B, 0x656C, 0x654C, 0x4BA9, 0x4B89, 0x8650, 0x9712, 0x9F53, 0x5C4B, 0x53CA, 0x6D0D, 0x96F2, 0x9F53, 0x0000,   // 0x6230 (25136) pixels
0x00A0, 0x0901, 0x9FB3, 0x9F73, 0x4B69, 0x2A25, 0x4308, 0x6D4D, 0x6D0D, 0x7E0F, 0x9F73, 0xAFF5, 0x0000, 0x0020, 0x0040, 0x5C2B,   // 0x6240 (25152) pixels
0x4BA9, 0x5C8B, 0x6D0D, 0x4BC9, 0x0861, 0x08A1, 0x29E5, 0x53EA, 0x4BA9, 0x53EA, 0x53CA, 0x540A, 0x8F51, 0x8710, 0x9752, 0xA774,   // 0x6250 (25168) pixels
0x7DCF, 0x1122, 0x21A4, 0x1122, 0x0861, 0x0000, 0x75AE, 0x6D2D, 0x6D0D, 0x53EA, 0x540A, 0x4BC9, 0x4BA9, 0x4BC9, 0x53EA, 0x53EA,   // 0x6260 (25184) pixels
0x53CA, 0x4BA9, 0x53EA, 0x08C2, 0x08C2, 0x3327, 0x548B, 0x4C4A, 0x65AE, 0x7630, 0x5D0D, 0x19E5, 0x1A45, 0x1A05, 0x19A5, 0x19C5,   // 0x6270 (25200) pixels
0x0963, 0x1A05, 0x2A87, 0x2A87, 0x3BC9, 0x2B47, 0x9773, 0xB7F7, 0xB7F7, 0x8F12, 0x8F12, 0x6D6E, 0x4328, 0x4348, 0x756E, 0x9732,   // 0x6280 (25216) pixels
0x8E91, 0x0020, 0x10C2, 0x0040, 0x0020, 0x0000, 0x3226, 0x3246, 0x4B69, 0x650C, 0x64CC, 0x754E, 0x7DCF, 0x758E, 0x21C4, 0x2A25,   // 0x6290 (25232) pixels
0x10E2, 0x0881, 0x08A1, 0x0000, 0x0000, 0x0020, 0x0861, 0x0000, 0x4BC9, 0x8EF1, 0x8630, 0x21A4, 0x21A4, 0x75AE, 0x8ED1, 0x9732,   // 0x62A0 (25248) pixels
0x08A1, 0x0000, 0x21A4, 0x53EA, 0x4BC9, 0x53CA, 0x53CA, 0x4B89, 0x0000, 0x0000, 0x0881, 0x10C2, 0x0020, 0x8650, 0x96F2, 0x96F2,   // 0x62B0 (25264) pixels
0x9F33, 0x9F53, 0x5C8B, 0x64CC, 0x64CC, 0x4348, 0x4328, 0x8630, 0x9712, 0x9732, 0x5C4B, 0x53EA, 0x6D0D, 0x8ED1, 0x9732, 0x0000,   // 0x62C0 (25280) pixels
0x0841, 0x08A1, 0x9F73, 0x9732, 0x4328, 0x29C5, 0x3AC7, 0x6D0D, 0x64AC, 0x7DEF, 0xA794, 0xAFF5, 0x0000, 0x0060, 0x00A0, 0x4C89,   // 0x62D0 (25296) pixels
0x4408, 0x652C, 0x75AE, 0x5C2B, 0x0861, 0x08A1, 0x29E5, 0x53EA, 0x4BC9, 0x4428, 0x4408, 0x4C29, 0x9712, 0x8ED1, 0x9F53, 0xA794,   // 0x62E0 (25312) pixels
0x7E0F, 0x11C2, 0x1A43, 0x09A1, 0x00A0, 0x0040, 0x6D4D, 0x64CC, 0x64CC, 0x53EA, 0x5C2B, 0x4368, 0x3B27, 0x4368, 0x4428, 0x4428,   // 0x62F0 (25328) pixels
0x4C09, 0x4BC9, 0x540A, 0x1143, 0x1143, 0x3327, 0x4C6A, 0x4C29, 0x5DAD, 0x664E, 0x552C, 0x19E5, 0x1A45, 0x1A05, 0x19A5, 0x19C5,   // 0x6300 (25344) pixels
0x11A4, 0x1A05, 0x2246, 0x2246, 0x4C6B, 0x4C6B, 0x2245, 0x11A3, 0x0922, 0x8F12, 0x9FB4, 0x9712, 0x8650, 0x8EB1, 0x542A, 0x3246,   // 0x6310 (25360) pixels
0x3246, 0x0040, 0x0040, 0x3AE7, 0x4BA9, 0x53EA, 0x08C1, 0x0020, 0x4328, 0x9712, 0x9712, 0x4348, 0x0040, 0x08A1, 0x10C2, 0x08A1,   // 0x6320 (25376) pixels
0x21A4, 0x21E4, 0x21A4, 0x64CC, 0x6D2D, 0x5C6B, 0x4348, 0x4328, 0x6D4D, 0x9712, 0x8E91, 0x3B07, 0x4348, 0x6CED, 0x754E, 0x754E,   // 0x6330 (25392) pixels
0x8630, 0x8E91, 0x540A, 0x0881, 0x0881, 0x4BC9, 0x4368, 0x4B89, 0x6D2D, 0x756E, 0x1983, 0x0040, 0x0020, 0x4B89, 0x53EA, 0x4BC9,   // 0x6340 (25408) pixels
0x4B89, 0x4348, 0x9712, 0x8EB1, 0x8EB1, 0x8650, 0x8EB1, 0x4348, 0x3246, 0x3286, 0x08A1, 0x0040, 0x3286, 0x7D8F, 0x758E, 0x3B07,   // 0x6350 (25424) pixels
0x4368, 0x4348, 0x53EA, 0x53EA, 0x4B89, 0x4348, 0x5C4B, 0x96F2, 0x96F2, 0x5C4B, 0x0040, 0x00C0, 0xB837, 0xA855, 0xA835, 0xA034,   // 0x6360 (25440) pixels
0xB016, 0x30A6, 0x08E1, 0x10C2, 0x0060, 0x0060, 0x08A1, 0x10E2, 0x00E0, 0xB016, 0xA014, 0xA034, 0x4C29, 0x540A, 0x1963, 0x00A0,   // 0x6370 (25456) pixels
0x30A6, 0xB036, 0xA855, 0xA835, 0xA014, 0xA014, 0x8F71, 0x96D2, 0x8E91, 0x0000, 0x0020, 0x6D2D, 0x9712, 0x94F2, 0xA014, 0xA815,   // 0x6380 (25472) pixels
0x688D, 0x0922, 0x1103, 0x00E1, 0x00A1, 0x544B, 0x86B1, 0x7ED0, 0xAB16, 0xB9B9, 0x9214, 0x1A85, 0x2A87, 0x1A05, 0x0963, 0x1184,   // 0x6390 (25488) pixels
0x19A5, 0x1A05, 0x1A25, 0x2246, 0x4C6B, 0x4C6B, 0x19E4, 0x0942, 0x00A0, 0x9753, 0xA7D5, 0x9752, 0x86D0, 0x8F31, 0x542A, 0x29E5,   // 0x63A0 (25504) pixels
0x2A05, 0x0040, 0x0020, 0x4308, 0x53CA, 0x540A, 0x0060, 0x0000, 0x4308, 0x9F73, 0x9F73, 0x4348, 0x0000, 0x0060, 0x0881, 0x0861,   // 0x63B0 (25520) pixels
0x1983, 0x21E4, 0x1963, 0x754E, 0x7DCF, 0x64CC, 0x4B89, 0x4368, 0x758E, 0x9F53, 0x96F2, 0x4348, 0x4388, 0x6D0D, 0x758E, 0x754E,   // 0x63C0 (25536) pixels
0x8E91, 0x96F2, 0x540A, 0x0000, 0x0020, 0x4BA9, 0x4348, 0x4368, 0x758E, 0x7DCF, 0x1983, 0x0040, 0x0020, 0x4B69, 0x53CA, 0x4BA9,   // 0x63D0 (25552) pixels
0x4B89, 0x4348, 0x9F53, 0x96F2, 0x96D2, 0x8690, 0x96F2, 0x3AE7, 0x21C4, 0x2A25, 0x0881, 0x0020, 0x3266, 0x758E, 0x756E, 0x3B27,   // 0x63E0 (25568) pixels
0x4348, 0x4368, 0x53EA, 0x53EA, 0x4BA9, 0x4B89, 0x5C8B, 0x9F33, 0x9F33, 0x5C4B, 0x0000, 0x0060, 0xD03A, 0xB837, 0xB837, 0xB016,   // 0x63F0 (25584) pixels
0xB817, 0x3046, 0x0060, 0x0861, 0x0020, 0x0020, 0x0060, 0x08A1, 0x00C0, 0xB817, 0xA815, 0xA014, 0x4428, 0x540A, 0x1122, 0x0040,   // 0x6400 (25600) pixels
0x3046, 0xC018, 0xB016, 0xB016, 0xB016, 0xB016, 0x8FB1, 0x96F2, 0x8EB1, 0x0000, 0x0000, 0x754E, 0x9772, 0x9D13, 0xB016, 0xB816,   // 0x6410 (25616) pixels
0x704E, 0x0101, 0x10E3, 0x00E1, 0x0080, 0x546B, 0x8EF2, 0x7F10, 0xB2D7, 0xC15A, 0x99D5, 0x1A85, 0x2A87, 0x1A05, 0x0963, 0x0963,   // 0x6420 (25632) pixels
0x1184, 0x1A05, 0x2246, 0x2266, 0x54EC, 0x54EC, 0x2245, 0x1183, 0x0942, 0x6DAE, 0x762F, 0x8511, 0x9B93, 0xA3D4, 0x632C, 0x32C6,   // 0x6430 (25648) pixels
0x32A6, 0x0040, 0x0040, 0x4B89, 0x5C6B, 0x5C6B, 0x3AA7, 0x3266, 0x4BA9, 0x758E, 0x75AE, 0x32A6, 0x0040, 0x08A1, 0x2A05, 0x21C4,   // 0x6440 (25664) pixels
0x4308, 0x4B69, 0x4B69, 0x4328, 0x4328, 0x3AC7, 0x2A25, 0x2A25, 0x4348, 0x540A, 0x53EA, 0x2A05, 0x2A25, 0x3AE7, 0x4328, 0x3AC7,   // 0x6450 (25680) pixels
0x7DCF, 0x8630, 0x648C, 0x3266, 0x3266, 0x5C6B, 0x5C4B, 0x5C4B, 0x6D2D, 0x758E, 0x2184, 0x0861, 0x0040, 0x4368, 0x4BC9, 0x4308,   // 0x6460 (25696) pixels
0x2A25, 0x21E4, 0x8E71, 0x7DEF, 0x7DEF, 0x8EB1, 0x96D2, 0x64AC, 0x540A, 0x5C6B, 0x10E2, 0x0040, 0x3266, 0x756E, 0x6D2D, 0x64EC,   // 0x6470 (25712) pixels
0x6CED, 0x64CC, 0x2A05, 0x3246, 0x2A45, 0x2A25, 0x4348, 0x8650, 0x8650, 0x53CA, 0x0020, 0x00A0, 0x704E, 0x604C, 0x604C, 0x604C,   // 0x6480 (25728) pixels
0x680D, 0x4208, 0x32A6, 0x3286, 0x3286, 0x32A6, 0x21C4, 0x0861, 0x0040, 0xAB55, 0x9AF3, 0x9AF3, 0x43A8, 0x53EA, 0x1943, 0x0060,   // 0x6490 (25744) pixels
0x3126, 0xAB35, 0xA314, 0x8A31, 0x68CD, 0x704E, 0x8F51, 0x8EB1, 0x8E91, 0x0000, 0x0020, 0x64AC, 0x8650, 0x7CAF, 0x708E, 0x790F,   // 0x64A0 (25760) pixels
0x48E9, 0x00C1, 0x08A2, 0x0942, 0x08E2, 0x43E9, 0x6DCE, 0x6DCD, 0x8391, 0x8AD3, 0x6AAF, 0x1A45, 0x2266, 0x1A05, 0x1184, 0x1184,   // 0x64B0 (25776) pixels
0x0963, 0x1A05, 0x2A87, 0x2AA7, 0x5D8D, 0x5D8D, 0x2AA6, 0x19E4, 0x19C4, 0x43A9, 0x3C08, 0x720E, 0xB817, 0xB817, 0x71EE, 0x43C8,   // 0x64C0 (25792) pixels
0x4368, 0x0861, 0x0861, 0x542A, 0x6D2D, 0x6D0D, 0x758E, 0x7DAF, 0x648C, 0x4328, 0x4368, 0x21E4, 0x0881, 0x10E2, 0x53EA, 0x4B89,   // 0x64D0 (25808) pixels
0x6D0D, 0x758E, 0x7DEF, 0x0881, 0x0000, 0x0040, 0x0881, 0x0881, 0x0040, 0x0000, 0x0000, 0x0881, 0x0881, 0x0040, 0x0020, 0x0000,   // 0x64E0 (25824) pixels
0x64CC, 0x754E, 0x6D2D, 0x6D4D, 0x6D4D, 0x756E, 0x754E, 0x754E, 0x64EC, 0x6D4D, 0x21A4, 0x0881, 0x0861, 0x4348, 0x4BA9, 0x2A45,   // 0x64F0 (25840) pixels
0x0040, 0x0020, 0x756E, 0x64CC, 0x64EC, 0x96F2, 0x96D2, 0x8ED1, 0x8ED1, 0x9F73, 0x1943, 0x0861, 0x3266, 0x6D4D, 0x64CC, 0x9F33,   // 0x6500 (25856) pixels
0x9712, 0x8EB1, 0x0000, 0x0040, 0x0881, 0x0861, 0x21A4, 0x6D2D, 0x6D0D, 0x4328, 0x0861, 0x10C2, 0x0060, 0x0080, 0x0080, 0x00C0,   // 0x6510 (25872) pixels
0x0060, 0x542A, 0x756E, 0x6D4D, 0x758E, 0x7DCF, 0x4B89, 0x0020, 0x0000, 0x9FF3, 0x8F51, 0x8F11, 0x3B27, 0x4BA9, 0x1963, 0x0861,   // 0x6520 (25888) pixels
0x2A45, 0x8F71, 0x8F31, 0x5D2B, 0x2204, 0x19E3, 0x9712, 0x8E91, 0x8650, 0x0020, 0x0861, 0x53EA, 0x6D2D, 0x544A, 0x2224, 0x2A65,   // 0x6530 (25904) pixels
0x19A3, 0x0040, 0x0040, 0x19A4, 0x1143, 0x3B48, 0x4C8A, 0x4C6A, 0x446A, 0x446A, 0x3BC9, 0x1A05, 0x1A45, 0x1A05, 0x11A4, 0x19C5,   // 0x6540 (25920) pixels
0x0963, 0x1A05, 0x2A87, 0x2AA7, 0x65AE, 0x65AE, 0x2AA6, 0x19E4, 0x19C4, 0x3C08, 0x3C68, 0x724E, 0xB817, 0xB817, 0x7A0F, 0x43E8,   // 0x6550 (25936) pixels
0x4368, 0x0020, 0x0000, 0x544A, 0x656C, 0x654C, 0x758E, 0x7DAF, 0x648C, 0x4328, 0x4368, 0x21E4, 0x0881, 0x10E2, 0x4BC9, 0x4348,   // 0x6560 (25952) pixels
0x6D0D, 0x7DAF, 0x8610, 0x08E1, 0x0060, 0x0881, 0x10C2, 0x10C2, 0x0060, 0x0000, 0x0020, 0x00C0, 0x00C0, 0x0060, 0x0040, 0x0000,   // 0x6570 (25968) pixels
0x6D2D, 0x7DAF, 0x756E, 0x6D2D, 0x6D2D, 0x6DAD, 0x6D8D, 0x6D8D, 0x6D4D, 0x75AE, 0x21C4, 0x0881, 0x0861, 0x4328, 0x4B89, 0x2A45,   // 0x6580 (25984) pixels
0x0080, 0x0060, 0x756E, 0x64CC, 0x6D0D, 0x9F53, 0x9F33, 0x8EB1, 0x8670, 0x9712, 0x1142, 0x0060, 0x2A85, 0x6D4D, 0x64CC, 0x9F73,   // 0x6590 (26000) pixels
0x9F53, 0x96F2, 0x0000, 0x0040, 0x08A1, 0x0881, 0x21C4, 0x6D4D, 0x6D2D, 0x4348, 0x0861, 0x10C2, 0x0020, 0x0040, 0x0040, 0x0861,   // 0x65A0 (26016) pixels
0x0000, 0x540A, 0x756E, 0x6D4D, 0x758E, 0x7DCF, 0x4B69, 0x0000, 0x0000, 0xAFF5, 0x9F33, 0x96F2, 0x3AE7, 0x4B89, 0x1943, 0x0861,   // 0x65B0 (26032) pixels
0x3246, 0x9F73, 0x9712, 0x64EC, 0x21A4, 0x2164, 0x9732, 0x8ED1, 0x8E91, 0x0020, 0x0861, 0x540A, 0x6D4D, 0x5C4B, 0x29E5, 0x3246,   // 0x65C0 (26048) pixels
0x1943, 0x0000, 0x0000, 0x19A4, 0x1143, 0x3B48, 0x548B, 0x4C6A, 0x4C2A, 0x4C2B, 0x3BA9, 0x1A05, 0x1A45, 0x1A05, 0x11A4, 0x19C5,   // 0x65D0 (26064) pixels
0x1184, 0x1A05, 0x2246, 0x2266, 0x3C09, 0x440A, 0x1A25, 0x11A3, 0x09A2, 0x7A50, 0x8A52, 0x8291, 0x82F0, 0x8AF1, 0x524A, 0x21E4,   // 0x65E0 (26080) pixels
0x2A05, 0x4328, 0x3B27, 0x8290, 0x9252, 0x9A53, 0x3A87, 0x3266, 0x4BA9, 0x758E, 0x75AE, 0x32A6, 0x0040, 0x08C1, 0x53EA, 0x4BA9,   // 0x65F0 (26096) pixels
0x3AC7, 0x3286, 0x3AC7, 0x08C1, 0x0881, 0x08A1, 0x0881, 0x0060, 0x3286, 0x5C4B, 0x53CA, 0x600C, 0x682D, 0x39E7, 0x2A65, 0x2A45,   // 0x6600 (26112) pixels
0x3286, 0x3286, 0x3AE7, 0x4B89, 0x4388, 0x9232, 0x9252, 0x8A51, 0x2AA5, 0x3AC7, 0x1102, 0x0881, 0x0020, 0x542A, 0x5CCB, 0x62CC,   // 0x6610 (26128) pixels
0x600C, 0x600C, 0x86B0, 0x7E0F, 0x7DCF, 0x3AE7, 0x3AE7, 0x7DCF, 0x8ED1, 0x9752, 0x68CD, 0x600C, 0x624C, 0x6D6D, 0x754E, 0x3B07,   // 0x6620 (26144) pixels
0x4348, 0x4328, 0x2A25, 0x3266, 0x10E2, 0x0060, 0x21C4, 0x758E, 0x756E, 0x4348, 0x0040, 0x0060, 0x3286, 0x2A45, 0x3266, 0x542A,   // 0x6630 (26160) pixels
0x540A, 0x3AE7, 0x3286, 0x3286, 0x3286, 0x3286, 0x3266, 0x2A45, 0x2A25, 0x4348, 0x4328, 0x4348, 0x758E, 0x7DAF, 0x21A4, 0x0040,   // 0x6640 (26176) pixels
0x1943, 0x4B89, 0x4328, 0x4BC9, 0x64AC, 0x648C, 0x6D0D, 0x6D0D, 0x64CC, 0x0020, 0x0040, 0x4368, 0x5C6B, 0x53EA, 0x3AC7, 0x3AE7,   // 0x6650 (26192) pixels
0x4369, 0x542B, 0x5C6C, 0x00C1, 0x08E2, 0x3B68, 0x5CEC, 0x5CCC, 0x54CC, 0x54EC, 0x442A, 0x2226, 0x2266, 0x1A05, 0x1184, 0x1184,   // 0x6660 (26208) pixels
0x19A5, 0x1A05, 0x1A45, 0x1A25, 0x22A6, 0x22A7, 0x11A3, 0x0962, 0x0180, 0xB0D7, 0xC89A, 0x9AB3, 0x5D8B, 0x6D8D, 0x32A6, 0x0040,   // 0x6670 (26224) pixels
0x10E2, 0x75CE, 0x65AC, 0xA114, 0xB817, 0xC018, 0x0821, 0x0000, 0x3B07, 0x9F73, 0x9F73, 0x4348, 0x0000, 0x08A1, 0x540A, 0x540A,   // 0x6680 (26240) pixels
0x10E2, 0x0000, 0x0020, 0x08A1, 0x08A1, 0x0881, 0x0060, 0x0000, 0x542A, 0x9F93, 0x9EB3, 0xB016, 0xB817, 0x6B0D, 0x540A, 0x5C4B,   // 0x6690 (26256) pixels
0x0881, 0x0000, 0x10E2, 0x2A25, 0x2224, 0xB817, 0xA815, 0xA014, 0x0080, 0x0881, 0x0060, 0x0060, 0x0000, 0x6D0D, 0x75CE, 0x8B31,   // 0x66A0 (26272) pixels
0xB016, 0xB016, 0x97D2, 0x9712, 0x8EB1, 0x0000, 0x0000, 0x754E, 0x9712, 0x8F91, 0xA895, 0xB016, 0x9A13, 0x6DAD, 0x7DCF, 0x0000,   // 0x66B0 (26288) pixels
0x0000, 0x0020, 0x5C2B, 0x5C2B, 0x1943, 0x0020, 0x21C4, 0x7DAF, 0x758E, 0x4348, 0x0000, 0x0000, 0x5C4B, 0x53CA, 0x540A, 0x9732,   // 0x66C0 (26304) pixels
0x9F73, 0x2A05, 0x0040, 0x0861, 0x0020, 0x0000, 0x21A4, 0x5C2B, 0x5C4B, 0x0000, 0x0000, 0x0040, 0xA794, 0xA774, 0x2A05, 0x0020,   // 0x66D0 (26320) pixels
0x0060, 0x0861, 0x0020, 0x3AE7, 0x9732, 0x9712, 0x4348, 0x4BA9, 0x4B89, 0x0000, 0x0020, 0x3AE7, 0x53CA, 0x4BA9, 0x4B89, 0x4368,   // 0x66E0 (26336) pixels
0x6D0D, 0x9FB5, 0xAFF6, 0x0020, 0x00A1, 0x3B68, 0x652D, 0x64ED, 0x5D2D, 0x5D6D, 0x4C8B, 0x2246, 0x2A87, 0x1A05, 0x0963, 0x0963,   // 0x66F0 (26352) pixels
0x11A4, 0x1A05, 0x2246, 0x2246, 0x22C6, 0x2AC7, 0x11C3, 0x0962, 0x0181, 0xA115, 0xB8D8, 0x92B2, 0x652C, 0x6D2D, 0x3286, 0x0881,   // 0x6700 (26368) pixels
0x1102, 0x6D2D, 0x5D2B, 0x9953, 0xA835, 0xB857, 0x18A3, 0x0060, 0x4328, 0x96F2, 0x9712, 0x4328, 0x0000, 0x08A1, 0x5C2B, 0x540A,   // 0x6710 (26384) pixels
0x1943, 0x0881, 0x0881, 0x10E2, 0x1102, 0x10C2, 0x0060, 0x0000, 0x53EA, 0x9732, 0x9672, 0xA014, 0xA815, 0x62CC, 0x4BA9, 0x53EA,   // 0x6720 (26400) pixels
0x08C1, 0x0040, 0x1943, 0x3286, 0x2A85, 0xB016, 0xA034, 0x9833, 0x00C0, 0x10C2, 0x0881, 0x0881, 0x0000, 0x64AC, 0x6D6D, 0x8310,   // 0x6730 (26416) pixels
0xA815, 0xA815, 0x8730, 0x8E91, 0x8630, 0x0000, 0x0020, 0x6D2D, 0x96D2, 0x8F31, 0xA094, 0xA014, 0x8A11, 0x6D6D, 0x756E, 0x0040,   // 0x6740 (26432) pixels
0x08A1, 0x08C1, 0x5C2B, 0x5C2B, 0x1923, 0x0020, 0x21A4, 0x758E, 0x754E, 0x4348, 0x0040, 0x0040, 0x5C2B, 0x53CA, 0x540A, 0x8670,   // 0x6750 (26448) pixels
0x8EB1, 0x2A05, 0x0881, 0x08A1, 0x0060, 0x0040, 0x21C4, 0x540A, 0x5C2B, 0x0060, 0x08A1, 0x10E2, 0x9F53, 0x9F53, 0x29E5, 0x0040,   // 0x6760 (26464) pixels
0x0881, 0x10C2, 0x0861, 0x3AE7, 0x8ED1, 0x8EB1, 0x4B69, 0x53CA, 0x4BA9, 0x0020, 0x0040, 0x3AE7, 0x4BA9, 0x4B89, 0x4368, 0x4328,   // 0x6770 (26480) pixels
0x64AC, 0x8EF2, 0x9F54, 0x0060, 0x00A1, 0x3B88, 0x654D, 0x650D, 0x5D2D, 0x5D4D, 0x4C8B, 0x2226, 0x2A87, 0x1A05, 0x0963, 0x1184,   // 0x6780 (26496) pixels
0x0963, 0x1A05, 0x2A87, 0x2A87, 0x1224, 0x1224, 0x1A05, 0x2205, 0x21E5, 0x1AA4, 0x1283, 0x2B06, 0x53A9, 0x53AA, 0x3AC7, 0x2A05,   // 0x6790 (26512) pixels
0x29E5, 0x0020, 0x0000, 0x3306, 0x3BE7, 0x3386, 0x9732, 0xA7B4, 0x758E, 0x3AE7, 0x4348, 0x21C4, 0x0881, 0x1102, 0x758E, 0x6D2D,   // 0x67A0 (26528) pixels
0x5C4B, 0x540A, 0x53CA, 0x8EF1, 0x9F73, 0x5C6B, 0x0841, 0x0861, 0x53EA, 0x8ED1, 0x8690, 0x65AC, 0x764E, 0x1162, 0x0000, 0x0000,   // 0x67B0 (26544) pixels
0x08A1, 0x0861, 0x4348, 0x9F73, 0x9732, 0x3BC7, 0x4428, 0x43E8, 0x0000, 0x0060, 0x08A1, 0x10C2, 0x10C2, 0x0000, 0x0000, 0x19A3,   // 0x67C0 (26560) pixels
0x4C69, 0x4C69, 0x0000, 0x0000, 0x0000, 0x5C6B, 0x5C4B, 0x2A25, 0x1963, 0x1983, 0x00C0, 0x00C0, 0x0060, 0x0000, 0x0000, 0xAFF5,   // 0x67D0 (26576) pixels
0x9F73, 0x9F53, 0x8ED1, 0x9F53, 0x2A25, 0x0881, 0x10E2, 0x21C4, 0x1983, 0x32A6, 0x5C2B, 0x53CA, 0x9732, 0x8EF1, 0x8690, 0x0000,   // 0x67E0 (26592) pixels
0x0020, 0x0040, 0x0060, 0x0881, 0x10C2, 0x0861, 0x4328, 0x9732, 0x8ED1, 0x9F73, 0x9F73, 0x9F53, 0x8670, 0x96F2, 0x2A05, 0x0881,   // 0x67F0 (26608) pixels
0x08A1, 0x0060, 0x0020, 0x2A45, 0x756E, 0x754E, 0x4348, 0x4B89, 0x4368, 0x0861, 0x10C2, 0x0040, 0x0020, 0x0020, 0x0861, 0x0861,   // 0x6800 (26624) pixels
0x0020, 0x0000, 0x0000, 0x19A4, 0x1103, 0x656D, 0x9FF4, 0x9FF4, 0x7650, 0x6DCF, 0x54EC, 0x19E5, 0x1A45, 0x1A05, 0x19A5, 0x19C5,   // 0x6810 (26640) pixels
0x0963, 0x1A05, 0x2A87, 0x2286, 0x1224, 0x1224, 0x1A05, 0x2205, 0x21E5, 0x2A86, 0x2285, 0x3B28, 0x5C0B, 0x5C2B, 0x3AE7, 0x2A05,   // 0x6820 (26656) pixels
0x21E4, 0x0000, 0x0000, 0x32A6, 0x4368, 0x3B07, 0x96F2, 0xA794, 0x7DAF, 0x4368, 0x4BC9, 0x21A4, 0x0000, 0x0881, 0x75AE, 0x6D4D,   // 0x6830 (26672) pixels
0x5C4B, 0x53EA, 0x53AA, 0x8ED1, 0x9F73, 0x5C6B, 0x0841, 0x0861, 0x53EA, 0x8ED1, 0x8670, 0x6D0D, 0x758E, 0x1963, 0x0040, 0x0060,   // 0x6840 (26688) pixels
0x10C2, 0x0861, 0x4308, 0x8EF1, 0x8EB1, 0x4348, 0x4BA9, 0x4B69, 0x0000, 0x0020, 0x0861, 0x0881, 0x0881, 0x0060, 0x0040, 0x21E4,   // 0x6850 (26704) pixels
0x5C2B, 0x5C2B, 0x0000, 0x0000, 0x0040, 0x5C0B, 0x53EA, 0x2A05, 0x1983, 0x21A4, 0x10C2, 0x10C2, 0x0861, 0x0000, 0x0000, 0xAFF5,   // 0x6860 (26720) pixels
0x9F53, 0x9F53, 0x96F2, 0x9F93, 0x2A25, 0x0861, 0x1102, 0x2A25, 0x2A05, 0x3AE7, 0x5C2B, 0x53AA, 0x8ED1, 0x8E91, 0x8650, 0x0020,   // 0x6870 (26736) pixels
0x00C0, 0x0080, 0x0080, 0x0060, 0x0881, 0x0020, 0x3B07, 0x9732, 0x8EB1, 0x9F53, 0x9F53, 0x9F53, 0x8EB1, 0x9752, 0x29E5, 0x0040,   // 0x6880 (26752) pixels
0x0881, 0x0060, 0x0020, 0x3266, 0x7DCF, 0x7DAF, 0x4388, 0x4BC9, 0x4BA9, 0x0861, 0x10C2, 0x0881, 0x0060, 0x0881, 0x10C2, 0x10C2,   // 0x6890 (26768) pixels
0x0881, 0x0020, 0x0000, 0x19A4, 0x1103, 0x652D, 0x97D3, 0x97B3, 0x762F, 0x6DCF, 0x54EC, 0x19E5, 0x1A45, 0x1A05, 0x19A5, 0x19C5,   // 0x68A0 (26784) pixels
0x11A4, 0x1A05, 0x2246, 0x2246, 0x22A6, 0x22A6, 0x11C4, 0x1183, 0x1183, 0x19A4, 0x19C4, 0x1983, 0x1923, 0x1943, 0x1122, 0x10E2,   // 0x68B0 (26800) pixels
0x1943, 0x758E, 0x6D2D, 0x64EC, 0x64CC, 0x6D0D, 0x2A25, 0x21E4, 0x2A25, 0x3286, 0x3266, 0x540A, 0x6D4D, 0x6CED, 0x3AA7, 0x4308,   // 0x68C0 (26816) pixels
0x2184, 0x1122, 0x1122, 0x2A05, 0x2A25, 0x1963, 0x0060, 0x0020, 0x53EA, 0x9712, 0x8EB1, 0x8630, 0x8EB1, 0x21C4, 0x0881, 0x08A1,   // 0x68D0 (26832) pixels
0x0881, 0x0020, 0x4308, 0x9732, 0x96F2, 0x5C6B, 0x64AC, 0x64AC, 0x3AC7, 0x3AE7, 0x3AC7, 0x3AC7, 0x3B07, 0x10C2, 0x0881, 0x1963,   // 0x68E0 (26848) pixels
0x3286, 0x2A45, 0x5C4B, 0x540A, 0x540A, 0x4B89, 0x4368, 0x6D2D, 0x7DAF, 0x8610, 0x10E2, 0x0020, 0x3266, 0x758E, 0x758E, 0x21A4,   // 0x68F0 (26864) pixels
0x29E5, 0x29E5, 0x2A25, 0x2A25, 0x21C4, 0x21A4, 0x1983, 0x1102, 0x1102, 0x1122, 0x1943, 0x08A1, 0x9F53, 0x8ED1, 0x8E71, 0x8010,   // 0x6900 (26880) pixels
0x8030, 0x8050, 0x8831, 0x70EE, 0x3306, 0x3AC7, 0x4368, 0x648C, 0x64AC, 0x21A4, 0x21E4, 0x2A05, 0x64AC, 0x648C, 0x4328, 0x3AC7,   // 0x6910 (26896) pixels
0x2A45, 0x0881, 0x0881, 0x29E5, 0x542A, 0x542A, 0x1102, 0x1963, 0x1963, 0x0060, 0x0881, 0x08A1, 0x08A1, 0x08A1, 0x0881, 0x0060,   // 0x6920 (26912) pixels
0x1984, 0x4349, 0x4369, 0x00E1, 0x00A1, 0x652D, 0xA7F5, 0xA7F5, 0x6DEF, 0x5D6D, 0x4CAB, 0x2226, 0x2266, 0x1A05, 0x1164, 0x1184,   // 0x6930 (26928) pixels
0x11A4, 0x1A05, 0x2246, 0x2246, 0x2AC7, 0x2AE7, 0x11A3, 0x0962, 0x0962, 0x1163, 0x1984, 0x0902, 0x0040, 0x0040, 0x0881, 0x0881,   // 0x6940 (26944) pixels
0x1102, 0x9F53, 0x8ED1, 0x75AE, 0x754E, 0x7DCF, 0x0881, 0x0000, 0x1102, 0x3246, 0x29E5, 0x64AC, 0x9712, 0x8670, 0x21A4, 0x3246,   // 0x6950 (26960) pixels
0x08C1, 0x0040, 0x0040, 0x0881, 0x0881, 0x0881, 0x0060, 0x0000, 0x53EA, 0x9F13, 0x96D2, 0x8690, 0x9712, 0x2A05, 0x0881, 0x10C2,   // 0x6960 (26976) pixels
0x0881, 0x0020, 0x4308, 0x9F33, 0x96F2, 0x64CC, 0x6D0D, 0x6D0D, 0x4BA9, 0x53EA, 0x4BA9, 0x4B89, 0x4BE9, 0x10E2, 0x08A1, 0x1923,   // 0x6970 (26992) pixels
0x2A05, 0x1983, 0x7DCF, 0x756E, 0x754E, 0x4348, 0x4328, 0x8630, 0x9712, 0xA794, 0x1102, 0x0000, 0x4328, 0x9F73, 0xA7B4, 0x0000,   // 0x6980 (27008) pixels
0x0040, 0x0040, 0x0881, 0x0861, 0x21A4, 0x2A25, 0x21A4, 0x0881, 0x08A1, 0x0881, 0x0040, 0x0000, 0xA794, 0x8ED1, 0x9692, 0xB016,   // 0x6990 (27024) pixels
0xA815, 0xB036, 0xB817, 0x9913, 0x43E8, 0x4B89, 0x4B89, 0x4BA9, 0x540A, 0x0000, 0x0020, 0x0060, 0x540A, 0x4BA9, 0x4B89, 0x4BA9,   // 0x69A0 (27040) pixels
0x3AC7, 0x0881, 0x0881, 0x21C4, 0x4BA9, 0x4BA9, 0x0040, 0x08A1, 0x08A1, 0x0060, 0x0060, 0x08A1, 0x10C2, 0x08A1, 0x0060, 0x0040,   // 0x69B0 (27056) pixels
0x21E5, 0x546C, 0x5C8C, 0x0080, 0x0060, 0x652D, 0xAFF6, 0xA7F5, 0x6DCE, 0x552C, 0x4C8B, 0x2246, 0x2A87, 0x1A05, 0x0963, 0x0963,   // 0x69C0 (27072) pixels
0x19A5, 0x1A05, 0x1A25, 0x1A25, 0x2286, 0x2286, 0x11A3, 0x0962, 0x0962, 0x1123, 0x1123, 0x08C1, 0x0040, 0x0040, 0x0881, 0x08A1,   // 0x69D0 (27088) pixels
0x1102, 0x9732, 0x8EB1, 0x758E, 0x752E, 0x7DCF, 0x08C1, 0x0040, 0x1122, 0x3226, 0x21C4, 0x64AC, 0x96F2, 0x8650, 0x2184, 0x2A25,   // 0x69E0 (27104) pixels
0x0040, 0x0000, 0x0000, 0x0881, 0x08A1, 0x0881, 0x0060, 0x0000, 0x542A, 0x9F73, 0x9712, 0x9712, 0x9F93, 0x21C4, 0x0020, 0x0841,   // 0x69F0 (27120) pixels
0x0060, 0x0020, 0x4348, 0xA7D4, 0xA794, 0x5D4B, 0x656C, 0x654C, 0x4348, 0x4B69, 0x4BA9, 0x4BC9, 0x540A, 0x10E2, 0x0881, 0x1142,   // 0x6A00 (27136) pixels
0x1A43, 0x11C2, 0x7DCF, 0x756E, 0x756E, 0x3BA7, 0x3386, 0x8670, 0x9F53, 0xAFF5, 0x08C1, 0x0000, 0x3AE7, 0xA794, 0xA7B4, 0x0000,   // 0x6A10 (27152) pixels
0x0060, 0x0060, 0x10C2, 0x08A1, 0x19C3, 0x1A43, 0x19C3, 0x08A1, 0x10C2, 0x0861, 0x0000, 0x0000, 0xAFD5, 0x9732, 0x9ED3, 0xB817,   // 0x6A20 (27168) pixels
0xB016, 0xB837, 0xC018, 0x9913, 0x3B87, 0x4348, 0x4B89, 0x5C0B, 0x5C6B, 0x0000, 0x0000, 0x0000, 0x5C4B, 0x53EA, 0x4BC9, 0x4BC9,   // 0x6A30 (27184) pixels
0x3AC7, 0x0000, 0x0020, 0x21A4, 0x53EA, 0x540A, 0x0000, 0x0020, 0x0020, 0x0060, 0x0060, 0x08A1, 0x10C2, 0x08A1, 0x0080, 0x0040,   // 0x6A40 (27200) pixels
0x19C3, 0x4C0B, 0x542B, 0x0080, 0x0060, 0x6D4E, 0xAFF6, 0xAFF6, 0x6E0F, 0x5D4D, 0x4CAB, 0x2246, 0x2A87, 0x1A05, 0x0963, 0x0963,   // 0x6A50 (27216) pixels
0x0963, 0x1A05, 0x2266, 0x2AA7, 0x552C, 0x552C, 0x2A86, 0x19C4, 0x11A3, 0x5CCC, 0x652D, 0x4BC9, 0x21C4, 0x2A25, 0x1122, 0x0040,   // 0x6A60 (27232) pixels
0x08C1, 0x7DEF, 0x756E, 0x6D0D, 0x6D0D, 0x756E, 0x1102, 0x0861, 0x21C4, 0x4B89, 0x4328, 0x5C8B, 0x758E, 0x756E, 0x5C8B, 0x5C8B,   // 0x6A70 (27248) pixels
0x7DAF, 0x8610, 0x8E71, 0x2A25, 0x21C4, 0x1963, 0x08A1, 0x0861, 0x3266, 0x540A, 0x4BC9, 0x1923, 0x1923, 0x4BC9, 0x5C8B, 0x64CC,   // 0x6A80 (27264) pixels
0x1102, 0x0881, 0x10E2, 0x1943, 0x0941, 0xB0B6, 0xA8B5, 0xA114, 0x7EAF, 0x8E91, 0x2A25, 0x10E2, 0x1102, 0x21A4, 0x19E3, 0x514A,   // 0x6A90 (27280) pixels
0xA855, 0xA034, 0x4408, 0x4BC9, 0x538A, 0xA855, 0xA875, 0x4A09, 0x32A6, 0x3286, 0x4348, 0x4348, 0x4B89, 0x53EA, 0x544A, 0x0040,   // 0x6AA0 (27296) pixels
0x08A1, 0x08A1, 0x0881, 0x0080, 0x786F, 0xA875, 0x786F, 0x0080, 0x0040, 0x2A25, 0x6CED, 0x64AC, 0x4BC9, 0x53EA, 0x4BC9, 0x1843,   // 0x6AB0 (27312) pixels
0x20A4, 0x1883, 0x1843, 0x31A6, 0x756E, 0x6D2D, 0x4348, 0x0881, 0x0060, 0x8E91, 0x8610, 0x7DEF, 0x21C4, 0x2A45, 0x1943, 0x10E2,   // 0x6AC0 (27328) pixels
0x29E5, 0x64CC, 0x64AC, 0x4328, 0x10C2, 0x0881, 0x8650, 0x7DEF, 0x75AE, 0x0020, 0x08A1, 0x0881, 0x0080, 0x2865, 0xA855, 0x9813,   // 0x6AD0 (27344) pixels
0x9292, 0x86B0, 0x8ED1, 0x08C2, 0x1123, 0x3B88, 0x5D0C, 0x5CEC, 0x4C6B, 0x4C6B, 0x3BC9, 0x1A05, 0x2246, 0x1A05, 0x11A4, 0x11A4,   // 0x6AE0 (27360) pixels
0x0963, 0x1A05, 0x2A87, 0x2AA7, 0x5D8D, 0x5D8D, 0x2AA6, 0x19E4, 0x19A4, 0x656D, 0x75EF, 0x4C4A, 0x2224, 0x2A85, 0x1122, 0x0020,   // 0x6AF0 (27376) pixels
0x08A1, 0x7DEF, 0x756E, 0x6D2D, 0x6D2D, 0x75AE, 0x1102, 0x0080, 0x21E4, 0x4BA9, 0x4348, 0x648C, 0x758E, 0x756E, 0x654C, 0x652C,   // 0x6B00 (27392) pixels
0x8ED1, 0x9F53, 0xA7B4, 0x2A45, 0x21C4, 0x1943, 0x0861, 0x0841, 0x2A05, 0x4B89, 0x4328, 0x0000, 0x0000, 0x542A, 0x756E, 0x75CE,   // 0x6B10 (27408) pixels
0x1923, 0x08A1, 0x0861, 0x0000, 0x0000, 0xC819, 0xB817, 0xB877, 0x8F71, 0x9F53, 0x29E5, 0x0040, 0x0861, 0x21A4, 0x19E3, 0x590B,   // 0x6B20 (27424) pixels
0xC018, 0xC018, 0x3BE7, 0x4388, 0x4B49, 0xC018, 0xC018, 0x4989, 0x2204, 0x21C4, 0x53CA, 0x540A, 0x4BA9, 0x4348, 0x4BA9, 0x0020,   // 0x6B30 (27440) pixels
0x0881, 0x0881, 0x0020, 0x0020, 0x9032, 0xC038, 0x8831, 0x0040, 0x0000, 0x3266, 0x7DEF, 0x7DCF, 0x3B07, 0x4348, 0x4328, 0x0060,   // 0x6B40 (27456) pixels
0x08C1, 0x0080, 0x0040, 0x21C4, 0x7DEF, 0x7DCF, 0x4B69, 0x0000, 0x0000, 0xAFF5, 0x9F53, 0x9712, 0x1122, 0x21C4, 0x10E2, 0x0861,   // 0x6B50 (27472) pixels
0x21C4, 0x758E, 0x6D6D, 0x4368, 0x0861, 0x0000, 0x9F73, 0x8ED1, 0x8E91, 0x0020, 0x10C2, 0x0881, 0x0060, 0x3066, 0xC839, 0xB817,   // 0x6B60 (27488) pixels
0xAAB5, 0x8710, 0x9F32, 0x08E2, 0x1143, 0x3B48, 0x548B, 0x4C6A, 0x444A, 0x446A, 0x3BC9, 0x1A05, 0x1A45, 0x1A05, 0x11A4, 0x19C5,   // 0x6B70 (27504) pixels
0x1184, 0x1A05, 0x2266, 0x2A87, 0x7650, 0x7650, 0x2AA6, 0x11A3, 0x1183, 0x546B, 0x54CB, 0x5B4B, 0x592B, 0x596B, 0x3987, 0x19A3,   // 0x6B80 (27520) pixels
0x21C4, 0x4BA9, 0x4B89, 0x4B69, 0x4B69, 0x43C8, 0x40A8, 0x4028, 0x4A09, 0x546A, 0x542A, 0x4BC9, 0x4B89, 0x4B89, 0x8B51, 0x8330,   // 0x6B90 (27536) pixels
0x644C, 0x5C8B, 0x648C, 0x4348, 0x4328, 0x3AC7, 0x2A25, 0x2A25, 0x4348, 0x5C4B, 0x540A, 0x3AA7, 0x3AC7, 0x4348, 0x4B69, 0x4BC9,   // 0x6BA0 (27552) pixels
0x10E2, 0x0861, 0x1983, 0x3AE7, 0x32E6, 0x780F, 0x704E, 0x708E, 0x656C, 0x6D4D, 0x3266, 0x21A4, 0x1983, 0x4B89, 0x4BC9, 0x6AED,   // 0x6BB0 (27568) pixels
0x99D3, 0x99D3, 0x3326, 0x3B07, 0x42E8, 0x780F, 0x782F, 0x3146, 0x1983, 0x1963, 0x3266, 0x3286, 0x4328, 0x5C4B, 0x5C4B, 0x2A05,   // 0x6BC0 (27584) pixels
0x2A45, 0x2A45, 0x3AC7, 0x32E6, 0x60CC, 0x782F, 0x58AB, 0x19C3, 0x1983, 0x3266, 0x4BA9, 0x4368, 0x64CC, 0x64AC, 0x5C8B, 0x0020,   // 0x6BD0 (27600) pixels
0x08A1, 0x0881, 0x0861, 0x1963, 0x4BC9, 0x4BA9, 0x3286, 0x10E2, 0x08C1, 0x64EC, 0x5C8B, 0x5C6B, 0x4BA9, 0x53EA, 0x1963, 0x0060,   // 0x6BE0 (27616) pixels
0x21A4, 0x64EC, 0x64CC, 0x3B07, 0x0040, 0x0000, 0x8EB1, 0x8630, 0x7DEF, 0x0000, 0x08A1, 0x0881, 0x0080, 0x2084, 0x784F, 0x700E,   // 0x6BF0 (27632) pixels
0x7A8F, 0x8690, 0x8EB1, 0x00A1, 0x0902, 0x3B68, 0x5CCC, 0x54CB, 0x6BAF, 0x7350, 0x5B0D, 0x1A45, 0x2266, 0x1A05, 0x1184, 0x11A4,   // 0x6C00 (27648) pixels
0x19A5, 0x1A05, 0x1A25, 0x2286, 0x97F4, 0x97F4, 0x22A6, 0x0942, 0x0942, 0x32A7, 0x2AE6, 0x698D, 0xB817, 0xB016, 0x7A2F, 0x544A,   // 0x6C10 (27664) pixels
0x53AA, 0x0000, 0x0000, 0x0040, 0x0861, 0x0080, 0xA014, 0xB817, 0x9252, 0x6DCD, 0x7DAF, 0x3266, 0x0000, 0x0821, 0xC018, 0xC018,   // 0x6C20 (27680) pixels
0x2004, 0x0000, 0x0000, 0x6D0D, 0x758E, 0x756E, 0x6D4D, 0x6D4D, 0x754E, 0x756E, 0x756E, 0x9712, 0x9F73, 0x21C4, 0x0020, 0x0861,   // 0x6C30 (27696) pixels
0x0060, 0x0020, 0x4348, 0xA7B4, 0xA7D4, 0x0000, 0x0060, 0x0080, 0x2A05, 0x21C4, 0x4348, 0x4BC9, 0x4348, 0x96D2, 0x9F53, 0x8670,   // 0x6C40 (27712) pixels
0x5D2B, 0x6D8D, 0x21C4, 0x2A25, 0x2A05, 0x0040, 0x0060, 0x08A1, 0x08A1, 0x08A1, 0x0040, 0x0000, 0x3246, 0x7DAF, 0x756E, 0x6D4D,   // 0x6C50 (27728) pixels
0x6D4D, 0x756E, 0x9F73, 0xA7D4, 0x2204, 0x0020, 0x1162, 0x5C4B, 0x5C2B, 0x3266, 0x0000, 0x0000, 0xA7D4, 0x9712, 0x96D2, 0x0000,   // 0x6C60 (27744) pixels
0x0060, 0x08A1, 0x10C2, 0x0881, 0x0000, 0x0000, 0x1102, 0x3286, 0x3286, 0x0000, 0x0000, 0x0040, 0xA7D4, 0xA7B4, 0x2A05, 0x0020,   // 0x6C70 (27760) pixels
0x1943, 0x53EA, 0x53CA, 0x3266, 0x0020, 0x0000, 0x7DAF, 0x6D2D, 0x6D0D, 0x0000, 0x0060, 0x08A1, 0x10C2, 0x08A1, 0x0060, 0x0040,   // 0x6C80 (27776) pixels
0x2A65, 0x75CF, 0x7DF0, 0x0060, 0x00A1, 0x3B68, 0x652D, 0x5D4C, 0xAA76, 0xC97B, 0x99D5, 0x1A85, 0x2A87, 0x1A05, 0x0963, 0x0963,   // 0x6C90 (27792) pixels
0x11A4, 0x1A05, 0x1A25, 0x2286, 0x97D4, 0x97D4, 0x22A6, 0x0942, 0x0942, 0x32C7, 0x3327, 0x69AE, 0xB817, 0xB016, 0x7A2F, 0x4C29,   // 0x6CA0 (27808) pixels
0x4BA9, 0x0020, 0x0060, 0x0881, 0x0881, 0x00A0, 0x9813, 0xA815, 0x8A31, 0x6D8D, 0x756E, 0x3286, 0x0020, 0x1062, 0xC018, 0xC018,   // 0x6CB0 (27824) pixels
0x2044, 0x0080, 0x0000, 0x6D2D, 0x7DAF, 0x754E, 0x64EC, 0x64EC, 0x6D0D, 0x6D2D, 0x754E, 0x96F2, 0x9F53, 0x29E5, 0x0040, 0x0881,   // 0x6CC0 (27840) pixels
0x0020, 0x0000, 0x3AE7, 0x9F73, 0xA794, 0x0000, 0x0060, 0x0080, 0x3266, 0x2A25, 0x4348, 0x4BA9, 0x4348, 0x8EB1, 0x9712, 0x8650,   // 0x6CD0 (27856) pixels
0x652C, 0x6D8D, 0x21A4, 0x2A05, 0x29E5, 0x0040, 0x0060, 0x08A1, 0x08A1, 0x08A1, 0x0040, 0x0000, 0x3266, 0x7DEF, 0x758E, 0x6D2D,   // 0x6CE0 (27872) pixels
0x6D2D, 0x6D4D, 0x9712, 0x9F73, 0x21A4, 0x0000, 0x1122, 0x540A, 0x53EA, 0x3266, 0x0020, 0x0000, 0x9FF3, 0x9752, 0x8EF1, 0x0000,   // 0x6CF0 (27888) pixels
0x0020, 0x0040, 0x0861, 0x0861, 0x0060, 0x0060, 0x1923, 0x3266, 0x3286, 0x0000, 0x0000, 0x0060, 0x9F73, 0x9F53, 0x21E4, 0x0020,   // 0x6D00 (27904) pixels
0x1943, 0x53CA, 0x53CA, 0x2A45, 0x0000, 0x0000, 0x8630, 0x758E, 0x756E, 0x0000, 0x0060, 0x0881, 0x0881, 0x0861, 0x0020, 0x0000,   // 0x6D10 (27920) pixels
0x2A66, 0x7E30, 0x8651, 0x0060, 0x00A1, 0x4389, 0x6D6E, 0x5D6C, 0xA276, 0xC15A, 0x91D4, 0x1A85, 0x2A87, 0x1A05, 0x0963, 0x0963,   // 0x6D20 (27936) pixels
0x1184, 0x1A05, 0x2246, 0x2AA7, 0x9FF5, 0x9FF5, 0x2AE7, 0x1183, 0x1183, 0x3B48, 0x3BA8, 0x4A2A, 0x602C, 0x602C, 0x49C9, 0x3B07,   // 0x6D30 (27952) pixels
0x3AC7, 0x0060, 0x0861, 0x21C4, 0x2A05, 0x1A43, 0xA054, 0xB016, 0x9292, 0x7E4F, 0x8630, 0x3AE7, 0x0040, 0x10C2, 0xAB95, 0xA394,   // 0x6D40 (27968) pixels
0x60EC, 0x504A, 0x580B, 0x3AC7, 0x3AE7, 0x53EA, 0x6D4D, 0x6D0D, 0x758E, 0x7DEF, 0x7DAF, 0x4B89, 0x53CA, 0x3AE7, 0x3AC7, 0x3AC7,   // 0x6D50 (27984) pixels
0x3AC7, 0x32A6, 0x4BC9, 0x754E, 0x6DAD, 0x500A, 0x584B, 0x506A, 0x2244, 0x2A25, 0x2A25, 0x2A25, 0x21C4, 0x6CED, 0x6D6D, 0x7C2F,   // 0x6D60 (28000) pixels
0x8A91, 0x8A91, 0x546A, 0x5C4B, 0x542A, 0x0020, 0x0881, 0x1122, 0x1943, 0x1923, 0x32A6, 0x3AC7, 0x3AC7, 0x3AE7, 0x3AE7, 0x3AE7,   // 0x6D70 (28016) pixels
0x3AE7, 0x3B07, 0x8630, 0x8630, 0x4B69, 0x32A6, 0x3B07, 0x4BA9, 0x4BC9, 0x3266, 0x0060, 0x0040, 0xABD5, 0x9B93, 0x9B73, 0x2AA5,   // 0x6D80 (28032) pixels
0x3AA7, 0x4348, 0x4BA9, 0x3AC7, 0x0040, 0x0881, 0x10E2, 0x1963, 0x1943, 0x3AE7, 0x3AA7, 0x3AE7, 0x9712, 0x9732, 0x2A05, 0x0020,   // 0x6D90 (28048) pixels
0x21C4, 0x756E, 0x6D2D, 0x542A, 0x3286, 0x3AC7, 0x3AE7, 0x3B07, 0x3AE7, 0x0040, 0x0060, 0x2A45, 0x3AC7, 0x3AC7, 0x3AC7, 0x3AC7,   // 0x6DA0 (28064) pixels
0x3AE7, 0x3B08, 0x4348, 0x0902, 0x0902, 0x2A86, 0x3B68, 0x3347, 0x7B91, 0x9BB5, 0x7350, 0x1A45, 0x2266, 0x1A05, 0x1184, 0x1184,   // 0x6DB0 (28080) pixels
0x0963, 0x1A05, 0x2266, 0x2AC7, 0xA7F6, 0xA7F6, 0x3B28, 0x19C4, 0x19C4, 0x43E9, 0x4C4A, 0x2AA6, 0x0080, 0x00A0, 0x1162, 0x21E4,   // 0x6DC0 (28096) pixels
0x21C4, 0x0881, 0x0861, 0x3B07, 0x4BC9, 0x4408, 0xA895, 0xB016, 0xA2F4, 0x8710, 0x9712, 0x4348, 0x0040, 0x1102, 0x9792, 0x8770,   // 0x6DD0 (28112) pixels
0xA9B5, 0xB817, 0xC839, 0x0821, 0x0000, 0x2A45, 0x7DAF, 0x6D2D, 0x7E0F, 0x8ED1, 0x8650, 0x0000, 0x0000, 0x542A, 0x756E, 0x6D2D,   // 0x6DE0 (28128) pixels
0x758E, 0x7DAF, 0x64AC, 0x3B27, 0x3BA7, 0xC819, 0xB837, 0xB056, 0x1A23, 0x2A05, 0x10C2, 0x0861, 0x0020, 0x3B07, 0x3B87, 0x71EE,   // 0x6DF0 (28144) pixels
0xB817, 0xB817, 0x8F91, 0x96F2, 0x8E91, 0x0020, 0x08A1, 0x21C4, 0x2A05, 0x21A4, 0x754E, 0x7DEF, 0x4348, 0x0000, 0x0020, 0x0861,   // 0x6E00 (28160) pixels
0x0040, 0x0881, 0x6D6D, 0x64EC, 0x756E, 0x7DAF, 0x6D0D, 0x4348, 0x4BA9, 0x3266, 0x0881, 0x00C0, 0xB817, 0xA815, 0xA815, 0x762E,   // 0x6E10 (28176) pixels
0x756E, 0x8E91, 0x9732, 0x6D4D, 0x0020, 0x08A1, 0x0881, 0x0040, 0x0000, 0x8630, 0x758E, 0x758E, 0x8EB1, 0x9712, 0x2A05, 0x0040,   // 0x6E20 (28192) pixels
0x3246, 0x9732, 0x8ED1, 0x8630, 0x756E, 0x8610, 0x0000, 0x0020, 0x0020, 0x10C2, 0x0841, 0x542A, 0x756E, 0x6D4D, 0x7D8F, 0x7DCF,   // 0x6E30 (28208) pixels
0x4B69, 0x0000, 0x0000, 0x19A4, 0x1984, 0x0962, 0x0942, 0x00E1, 0x4CCB, 0x6E4F, 0x550C, 0x19E5, 0x1A45, 0x1A05, 0x11A4, 0x19C5,   // 0x6E40 (28224) pixels
0x0963, 0x1A05, 0x2266, 0x2AE7, 0xAFF7, 0xA7F7, 0x3B28, 0x19C4, 0x19C4, 0x43C9, 0x4C0A, 0x2A86, 0x0881, 0x08A1, 0x1963, 0x2A25,   // 0x6E50 (28240) pixels
0x21E4, 0x0861, 0x0040, 0x3AC7, 0x4388, 0x3BC7, 0xA875, 0xB817, 0xA2F4, 0x8F11, 0x9712, 0x4348, 0x0040, 0x1102, 0x9732, 0x8730,   // 0x6E60 (28256) pixels
0xA995, 0xB817, 0xC038, 0x1062, 0x0040, 0x3286, 0x7DCF, 0x754E, 0x7E0F, 0x8EB1, 0x8650, 0x0020, 0x0060, 0x540A, 0x6D0D, 0x64EC,   // 0x6E70 (28272) pixels
0x754E, 0x758E, 0x64AC, 0x4388, 0x3BE7, 0xB817, 0xB016, 0xA835, 0x1A23, 0x2A25, 0x10E2, 0x0881, 0x0040, 0x4328, 0x43A8, 0x720E,   // 0x6E80 (28288) pixels
0xB817, 0xB817, 0x8F71, 0x8ED1, 0x8670, 0x0020, 0x08A1, 0x21A4, 0x21E4, 0x1983, 0x6D0D, 0x7DAF, 0x4348, 0x0020, 0x0060, 0x0881,   // 0x6E90 (28304) pixels
0x0861, 0x08A1, 0x6D8D, 0x652C, 0x6D4D, 0x756E, 0x6CED, 0x4368, 0x4BA9, 0x2A45, 0x0040, 0x0080, 0xB817, 0xA815, 0xA815, 0x6DED,   // 0x6EA0 (28320) pixels
0x754E, 0x8670, 0x96F2, 0x6D0D, 0x0000, 0x0881, 0x0861, 0x0040, 0x0000, 0x7DEF, 0x756E, 0x758E, 0x8EF1, 0x9732, 0x2A25, 0x0040,   // 0x6EB0 (28336) pixels
0x3246, 0x9712, 0x8EB1, 0x7E0F, 0x6D2D, 0x7DAF, 0x0000, 0x0040, 0x0040, 0x0881, 0x0020, 0x53EA, 0x6D2D, 0x6D2D, 0x756E, 0x7DAF,   // 0x6EC0 (28352) pixels
0x4B69, 0x0000, 0x0040, 0x1984, 0x1984, 0x0982, 0x0982, 0x0121, 0x4CCB, 0x6E2F, 0x550C, 0x19E5, 0x2246, 0x1A05, 0x11A4, 0x19C5,   // 0x6ED0 (28368) pixels
0x19A5, 0x1A05, 0x1A25, 0x1A25, 0x1A25, 0x1A45, 0x0983, 0x0962, 0x00C0, 0x9773, 0xAFF6, 0x5CAC, 0x0000, 0x0060, 0x0881, 0x0881,   // 0x6EE0 (28384) pixels
0x1102, 0xA7D4, 0x9F53, 0x7DCF, 0x756E, 0x7DEF, 0x00C0, 0x0040, 0x0901, 0x29C5, 0x29C5, 0x1102, 0x0040, 0x0881, 0x53CA, 0x53AA,   // 0x6EF0 (28400) pixels
0x0120, 0x0060, 0x0080, 0x08C1, 0x10C2, 0x0861, 0x0000, 0x0000, 0x3AC7, 0x756E, 0x74CE, 0xB817, 0xB817, 0x9D73, 0x9732, 0xA794,   // 0x6F00 (28416) pixels
0x0881, 0x0000, 0x4809, 0xC819, 0xC018, 0x562A, 0x65AC, 0x5D4B, 0x0020, 0x0020, 0x5C6B, 0x75AE, 0x756E, 0x756E, 0x7DAF, 0x3B67,   // 0x6F10 (28432) pixels
0x0020, 0x0060, 0x0000, 0x0000, 0x0020, 0x0060, 0x0020, 0x4328, 0x540A, 0x53EA, 0x4348, 0x4368, 0x2A45, 0x0881, 0x0020, 0xA7F4,   // 0x6F20 (28448) pixels
0x9752, 0x96D2, 0xB817, 0xC018, 0x4128, 0x19A3, 0x1943, 0x0040, 0x0000, 0x4328, 0x9F93, 0x9F73, 0x3BC7, 0x4428, 0x43E8, 0x0000,   // 0x6F30 (28464) pixels
0x0000, 0x1943, 0x21A4, 0x4328, 0x9F93, 0x9732, 0x8E91, 0x7DAF, 0x8650, 0x0000, 0x0000, 0x0000, 0x0000, 0x0000, 0x0040, 0x0040,   // 0x6F40 (28480) pixels
0x1122, 0x4BA9, 0x4348, 0x64AC, 0x8ED1, 0x8ED1, 0x7DAF, 0x7DCF, 0x7DCF, 0x756E, 0x758E, 0x540A, 0x4BA9, 0x32A6, 0x0000, 0x0000,   // 0x6F50 (28496) pixels
0x21A4, 0x5CAC, 0x64CD, 0x0080, 0x00E0, 0x8151, 0xD99C, 0xD17B, 0xC15A, 0xC15A, 0x9995, 0x1A85, 0x2A87, 0x1A05, 0x0963, 0x0963,   // 0x6F60 (28512) pixels
0x19A5, 0x1A05, 0x1A25, 0x1A25, 0x2266, 0x2286, 0x0942, 0x00E1, 0x0040, 0x8F12, 0xA7F5, 0x5C6B, 0x0000, 0x0040, 0x0080, 0x00A0,   // 0x6F70 (28528) pixels
0x0901, 0x9712, 0x8E91, 0x758E, 0x754E, 0x7DEF, 0x08C1, 0x0040, 0x1923, 0x3246, 0x3246, 0x1923, 0x0040, 0x08A1, 0x5C2B, 0x5C2B,   // 0x6F80 (28544) pixels
0x0921, 0x0060, 0x0060, 0x0060, 0x0861, 0x0040, 0x0000, 0x0000, 0x4328, 0x7DEF, 0x7D4F, 0xB016, 0xB016, 0x95B2, 0x8F91, 0x9FF3,   // 0x6F90 (28560) pixels
0x08A1, 0x0000, 0x4809, 0xC018, 0xB817, 0x65EC, 0x756E, 0x6D0D, 0x0000, 0x0000, 0x53EA, 0x650C, 0x64CC, 0x758E, 0x7DEF, 0x4B89,   // 0x6FA0 (28576) pixels
0x0020, 0x0060, 0x0881, 0x0881, 0x0881, 0x0060, 0x0020, 0x4308, 0x53EA, 0x53CA, 0x4368, 0x4B89, 0x2A25, 0x0020, 0x0000, 0x9F73,   // 0x6FB0 (28592) pixels
0x8ED1, 0x8E71, 0xC018, 0xC819, 0x4168, 0x19C3, 0x1963, 0x0881, 0x0040, 0x4308, 0x9732, 0x9712, 0x4B89, 0x53EA, 0x53CA, 0x0000,   // 0x6FC0 (28608) pixels
0x0040, 0x21A4, 0x29E5, 0x4348, 0x9F53, 0x9712, 0x8670, 0x758E, 0x8630, 0x0000, 0x0000, 0x0020, 0x10C2, 0x10C2, 0x0881, 0x0040,   // 0x6FD0 (28624) pixels
0x1963, 0x5C4B, 0x53CA, 0x6D2D, 0x9732, 0x9712, 0x752E, 0x756E, 0x756E, 0x6D4D, 0x756E, 0x540A, 0x4B89, 0x32C6, 0x0020, 0x0040,   // 0x6FE0 (28640) pixels
0x19E4, 0x5C8C, 0x5CAC, 0x0080, 0x00E0, 0x8151, 0xD19B, 0xC97A, 0xC1BA, 0xC9BB, 0x99F5, 0x1A85, 0x2A87, 0x1A05, 0x0963, 0x0963,   // 0x6FF0 (28656) pixels
0x1184, 0x1A05, 0x2266, 0x2A87, 0x65CE, 0x5D6D, 0x6DAE, 0x75CF, 0x6D8E, 0x8F12, 0x9773, 0x5CCC, 0x1943, 0x19C3, 0x50CA, 0x780F,   // 0x7000 (28672) pixels
0x788F, 0x9752, 0x96F2, 0x648C, 0x53EA, 0x5C6B, 0x10E2, 0x0861, 0x21A4, 0x4348, 0x4348, 0x21A4, 0x0861, 0x08C1, 0x3AC7, 0x2AC5,   // 0x7010 (28688) pixels
0x68CD, 0x784F, 0x780F, 0x4B69, 0x4BA9, 0x540A, 0x64CC, 0x6CED, 0x4328, 0x21E4, 0x2A05, 0x596B, 0x4969, 0x9212, 0xA234, 0xA1F4,   // 0x7020 (28704) pixels
0x6C8D, 0x64EC, 0x63CC, 0x6A4D, 0x6A6D, 0x2204, 0x2A05, 0x2A25, 0x4BC9, 0x4368, 0x75AE, 0x8650, 0x8E91, 0x3266, 0x2A05, 0x1963,   // 0x7030 (28720) pixels
0x0881, 0x0861, 0x3AC7, 0x32A6, 0x3286, 0x0861, 0x0060, 0x3AE7, 0x4BA9, 0x4B89, 0x4BA9, 0x4BA9, 0x4BA9, 0x4BA9, 0x4B89, 0x64CC,   // 0x7040 (28736) pixels
0x64AC, 0x648C, 0x3807, 0x3807, 0x534A, 0x5C6B, 0x4B89, 0x1963, 0x1963, 0x3AC7, 0x64CC, 0x64CC, 0x2A45, 0x3286, 0x3286, 0x0861,   // 0x7050 (28752) pixels
0x0040, 0x4348, 0x5C4B, 0x4BA9, 0x3266, 0x3286, 0x3246, 0x29E5, 0x21C4, 0x53EA, 0x4BC9, 0x4BA9, 0x0040, 0x0881, 0x08A1, 0x08A1,   // 0x7060 (28768) pixels
0x10E2, 0x2184, 0x1963, 0x21E4, 0x3AA7, 0x3266, 0x5C2B, 0x540A, 0x540A, 0x21E4, 0x21C4, 0x64CC, 0x7DEF, 0x744E, 0x780F, 0x784F,   // 0x7070 (28784) pixels
0x50CA, 0x19A3, 0x21A4, 0x1143, 0x0942, 0x3167, 0x498A, 0x4169, 0x522C, 0x5A6D, 0x4A6B, 0x1A45, 0x2246, 0x1A05, 0x1184, 0x11A4,   // 0x7080 (28800) pixels
0x0963, 0x1A05, 0x2A67, 0x2AC7, 0x8772, 0x76D1, 0x9FD4, 0xA7F5, 0xAFF6, 0x8F12, 0x8F32, 0x64EC, 0x29E5, 0x2A65, 0x78EF, 0xB016,   // 0x7090 (28816) pixels
0xA855, 0x8F71, 0x9712, 0x540A, 0x4348, 0x4BA9, 0x10E2, 0x0881, 0x29E5, 0x4BA9, 0x4BA9, 0x2A05, 0x0881, 0x10C2, 0x2A05, 0x1A03,   // 0x70A0 (28832) pixels
0x9893, 0xB837, 0xB817, 0x74CE, 0x6D2D, 0x7DEF, 0x9F33, 0x9F73, 0x4348, 0x0000, 0x0060, 0x2A85, 0x1A83, 0x8851, 0xA815, 0xA815,   // 0x70B0 (28848) pixels
0x9672, 0x9F53, 0x758E, 0x3B67, 0x4BE9, 0x0020, 0x0861, 0x10C2, 0x75AE, 0x6D0D, 0x8E71, 0x96F2, 0xA774, 0x08C1, 0x0020, 0x0861,   // 0x70C0 (28864) pixels
0x10C2, 0x0861, 0x53EA, 0x4BA9, 0x4B89, 0x0861, 0x0881, 0x3AE7, 0x4B89, 0x4368, 0x53CA, 0x4BA9, 0x5C4B, 0x6D4D, 0x6D4D, 0x4B69,   // 0x70D0 (28880) pixels
0x4BA9, 0x4B89, 0x0020, 0x0000, 0x5C4B, 0x7DAF, 0x648C, 0x21C4, 0x21E4, 0x32A6, 0x53CA, 0x53CA, 0x21A4, 0x21E4, 0x21E4, 0x0881,   // 0x70E0 (28896) pixels
0x0861, 0x540A, 0x756E, 0x53EA, 0x0020, 0x0881, 0x0861, 0x0040, 0x0000, 0x8610, 0x758E, 0x754E, 0x0000, 0x0060, 0x08A1, 0x10C2,   // 0x70F0 (28912) pixels
0x08A1, 0x0040, 0x0040, 0x0060, 0x0881, 0x0020, 0x4BC9, 0x4368, 0x4348, 0x0040, 0x0000, 0x6D2D, 0x8F11, 0x9512, 0xB817, 0xC038,   // 0x7100 (28928) pixels
0x704E, 0x0040, 0x0020, 0x19A4, 0x1984, 0x0982, 0x0181, 0x0161, 0x1A65, 0x22C6, 0x22A6, 0x1A25, 0x2246, 0x1A05, 0x11A4, 0x19C5,   // 0x7110 (28944) pixels
0x0963, 0x1A05, 0x2A67, 0x2AC7, 0x8792, 0x7F11, 0xA7F5, 0xAFF6, 0xAFF6, 0x9793, 0x97D3, 0x652D, 0x21A4, 0x2224, 0x78CF, 0xB817,   // 0x7120 (28960) pixels
0xB076, 0x9FF3, 0xA7B4, 0x5C6B, 0x4BA9, 0x540A, 0x1102, 0x0881, 0x29E5, 0x4BA9, 0x4BA9, 0x29E5, 0x0881, 0x10C2, 0x21A4, 0x11A2,   // 0x7130 (28976) pixels
0x9873, 0xC038, 0xC018, 0x74EE, 0x6D6D, 0x8630, 0x9F73, 0xA7D4, 0x4328, 0x0000, 0x0000, 0x2AA5, 0x1AA3, 0x9092, 0xB817, 0xB817,   // 0x7140 (28992) pixels
0x9EB3, 0x9FB3, 0x7DAF, 0x4348, 0x4BA9, 0x0000, 0x0040, 0x0881, 0x6D4D, 0x64AC, 0x8ED1, 0x9F73, 0xAFF5, 0x08A1, 0x0000, 0x0020,   // 0x7150 (29008) pixels
0x0841, 0x0000, 0x4BC9, 0x4B89, 0x4368, 0x0861, 0x0881, 0x3326, 0x43E8, 0x3BC7, 0x4BA9, 0x4B89, 0x5C4B, 0x756E, 0x758E, 0x53EA,   // 0x7160 (29024) pixels
0x540A, 0x53EA, 0x0000, 0x0000, 0x5C2B, 0x758E, 0x5C6B, 0x21C4, 0x2A05, 0x3AE7, 0x5C2B, 0x5C2B, 0x1943, 0x1983, 0x1983, 0x0000,   // 0x7170 (29040) pixels
0x0000, 0x4BA9, 0x6D2D, 0x4BC9, 0x0861, 0x10C2, 0x00A0, 0x0060, 0x0000, 0x7DAF, 0x6D2D, 0x6D0D, 0x0000, 0x0020, 0x08A1, 0x10C2,   // 0x7180 (29056) pixels
0x08A1, 0x0040, 0x0040, 0x0040, 0x0020, 0x0000, 0x540A, 0x4BC9, 0x4BA9, 0x0861, 0x0040, 0x6D4D, 0x9732, 0x94F2, 0xB016, 0xB817,   // 0x7190 (29072) pixels
0x680D, 0x0000, 0x0000, 0x19A4, 0x1984, 0x0942, 0x0922, 0x0101, 0x1A05, 0x2266, 0x2246, 0x1A25, 0x1A45, 0x1A05, 0x19A5, 0x19C5,   // 0x71A0 (29088) pixels
0x11A4, 0x1A05, 0x2246, 0x2246, 0x3BA9, 0x3B89, 0x2AE7, 0x2AA6, 0x2AC6, 0x2A86, 0x2A86, 0x4368, 0x5C8B, 0x5CAB, 0x4248, 0x2845,   // 0x71B0 (29104) pixels
0x28A5, 0x21E4, 0x21C4, 0x1943, 0x1943, 0x1963, 0x0881, 0x0040, 0x21E4, 0x53EA, 0x53EA, 0x29E5, 0x0040, 0x08C1, 0x8650, 0x8650,   // 0x71C0 (29120) pixels
0x3987, 0x2044, 0x2845, 0x2184, 0x2184, 0x21A4, 0x21C4, 0x1983, 0x53CA, 0x7DCF, 0x752E, 0x9012, 0x9072, 0x4088, 0x2885, 0x2865,   // 0x71D0 (29136) pixels
0x21A4, 0x21A4, 0x3286, 0x53CA, 0x4BA9, 0x542A, 0x540A, 0x5C2B, 0x8EB1, 0x96D2, 0x3AC7, 0x1983, 0x1983, 0x540A, 0x5C4B, 0x5C4B,   // 0x71E0 (29152) pixels
0x542A, 0x542A, 0x4BA9, 0x4BC9, 0x4B89, 0x0020, 0x0080, 0x78CF, 0xA0F4, 0xA094, 0x6C6D, 0x64EC, 0x4B69, 0x1963, 0x21A4, 0x1102,   // 0x71F0 (29168) pixels
0x1122, 0x1122, 0x08A1, 0x0040, 0x540A, 0x754E, 0x53EA, 0x08A1, 0x10E2, 0x1102, 0x1122, 0x08A1, 0x8650, 0x7DCF, 0x7DCF, 0x6D4D,   // 0x7200 (29184) pixels
0x6D2D, 0x8630, 0x8EB1, 0x64CC, 0x0000, 0x0080, 0x3867, 0x9052, 0x8811, 0x86F0, 0x8650, 0x8630, 0x3AA7, 0x4348, 0x1122, 0x0060,   // 0x7210 (29200) pixels
0x10E2, 0x2A05, 0x21A4, 0x4348, 0x758E, 0x7DCF, 0x10C2, 0x1943, 0x1943, 0x0060, 0x0020, 0x4368, 0x5C6B, 0x6C8D, 0x9552, 0x9532,   // 0x7220 (29216) pixels
0x8571, 0x75AF, 0x8630, 0x0080, 0x00E1, 0x3307, 0x546B, 0x4C2A, 0x658E, 0x6E2F, 0x550C, 0x2226, 0x2266, 0x1A05, 0x1164, 0x1184,   // 0x7230 (29232) pixels
0x19A5, 0x1A05, 0x1A45, 0x1A25, 0x22A6, 0x2AC7, 0x1183, 0x0922, 0x0942, 0x1143, 0x1123, 0x3B07, 0x758E, 0x758E, 0x3286, 0x0040,   // 0x7240 (29248) pixels
0x0080, 0x0040, 0x0040, 0x0861, 0x0861, 0x0861, 0x0020, 0x0000, 0x21C4, 0x540A, 0x540A, 0x21C4, 0x0000, 0x0881, 0xA7B4, 0xA794,   // 0x7250 (29264) pixels
0x21C4, 0x0040, 0x0060, 0x0861, 0x0861, 0x0040, 0x0040, 0x0000, 0x53EA, 0x9F73, 0x9692, 0xA815, 0xB817, 0x2865, 0x00A0, 0x08A1,   // 0x7260 (29280) pixels
0x0040, 0x0000, 0x21A4, 0x53CA, 0x4B89, 0x6D2D, 0x6D0D, 0x6D0D, 0x9712, 0x9F73, 0x21A4, 0x0000, 0x0000, 0x652C, 0x75AE, 0x6D6D,   // 0x7270 (29296) pixels
0x6D0D, 0x6D2D, 0x4B89, 0x53CA, 0x4B89, 0x0000, 0x0040, 0x8831, 0xC038, 0xC018, 0x74CE, 0x6D8D, 0x4348, 0x0020, 0x0861, 0x0040,   // 0x7280 (29312) pixels
0x0060, 0x0060, 0x0881, 0x0020, 0x540A, 0x756E, 0x53EA, 0x0020, 0x0881, 0x0881, 0x0040, 0x0000, 0xA7B4, 0x96F2, 0x96F2, 0x8ED1,   // 0x7290 (29328) pixels
0x8ED1, 0x96D2, 0x9712, 0x6D2D, 0x0000, 0x0060, 0x4869, 0xC038, 0xB817, 0x8770, 0x8EB1, 0x8E91, 0x4B69, 0x540A, 0x1943, 0x0040,   // 0x72A0 (29344) pixels
0x10E2, 0x2A85, 0x2224, 0x540A, 0x9712, 0x9F73, 0x0000, 0x08A1, 0x08A1, 0x0060, 0x0020, 0x3AC7, 0x4B89, 0x5C4B, 0x8F11, 0x8ED1,   // 0x72B0 (29360) pixels
0x8F12, 0x9F94, 0xAFF6, 0x0020, 0x00A1, 0x3B68, 0x654D, 0x5CEC, 0x7670, 0x7F31, 0x65CE, 0x2226, 0x2A87, 0x1A05, 0x0963, 0x0963,   // 0x72C0 (29376) pixels
0x11A4, 0x1A05, 0x2246, 0x2246, 0x22A6, 0x22A6, 0x11C4, 0x1183, 0x11A3, 0x1163, 0x1123, 0x2A66, 0x53EA, 0x53EA, 0x3B07, 0x3246,   // 0x72D0 (29392) pixels
0x2A45, 0x0040, 0x0060, 0x29E5, 0x3266, 0x3246, 0x2A25, 0x2A25, 0x32A6, 0x4348, 0x4348, 0x3AA7, 0x2A25, 0x3266, 0x8EB1, 0x8ED1,   // 0x72E0 (29408) pixels
0x21A4, 0x0060, 0x0040, 0x2A45, 0x3266, 0x2184, 0x0060, 0x0020, 0x53EA, 0x9712, 0x8E71, 0xA174, 0xA9F5, 0x3987, 0x1963, 0x21A4,   // 0x72F0 (29424) pixels
0x0881, 0x0040, 0x2A25, 0x64CC, 0x5C6B, 0x758E, 0x756E, 0x758E, 0x96D2, 0x9F33, 0x21E4, 0x0040, 0x0040, 0x738E, 0x83B0, 0x7C6F,   // 0x7300 (29440) pixels
0x75AE, 0x758E, 0x53EA, 0x542A, 0x53EA, 0x2A05, 0x2264, 0x68AD, 0x8030, 0x8010, 0x538A, 0x53EA, 0x3B07, 0x21C4, 0x2A05, 0x0060,   // 0x7310 (29456) pixels
0x0881, 0x0881, 0x3286, 0x2A45, 0x4B69, 0x53EA, 0x4328, 0x1943, 0x2184, 0x1122, 0x0861, 0x0000, 0x9F73, 0x8EB1, 0x8EB1, 0x758E,   // 0x7320 (29472) pixels
0x75AE, 0x8E71, 0x96F2, 0x6D0D, 0x0000, 0x0080, 0x4869, 0xB837, 0xB016, 0x766E, 0x7DAF, 0x75AE, 0x5C6B, 0x64EC, 0x1963, 0x0060,   // 0x7330 (29488) pixels
0x18C3, 0x59AB, 0x4969, 0x636C, 0x8670, 0x8ED1, 0x0000, 0x08A1, 0x08A1, 0x0881, 0x0020, 0x4B89, 0x64AC, 0x64CC, 0x7DCF, 0x7DCF,   // 0x7340 (29504) pixels
0x758E, 0x6D2D, 0x75AF, 0x00A1, 0x00C1, 0x43A9, 0x6D6E, 0x652D, 0x6E2F, 0x76B0, 0x656E, 0x1A05, 0x2266, 0x1A05, 0x1184, 0x1184,   // 0x7350 (29520) pixels
0x0963, 0x1A05, 0x2A87, 0x2286, 0x1224, 0x1224, 0x1A05, 0x2205, 0x2225, 0x0902, 0x00E1, 0x08A1, 0x0841, 0x0000, 0x540A, 0x9F73,   // 0x7360 (29536) pixels
0x8E91, 0x0020, 0x0020, 0x75AE, 0x9732, 0x96F2, 0x9F53, 0xA794, 0x6CED, 0x1983, 0x1983, 0x64CC, 0xA794, 0x9712, 0x64AC, 0x6D2D,   // 0x7370 (29552) pixels
0x2184, 0x08A1, 0x0020, 0x8670, 0x9F73, 0x5C6B, 0x0841, 0x0861, 0x53EA, 0x8ED1, 0x8690, 0x8F51, 0x9792, 0x5C8B, 0x4B89, 0x540A,   // 0x7380 (29568) pixels
0x1102, 0x0861, 0x4328, 0x9732, 0x8EB1, 0x96F2, 0x96F2, 0x96D2, 0x8670, 0x9712, 0x29E5, 0x0881, 0x00C0, 0x9813, 0xB016, 0xA294,   // 0x7390 (29584) pixels
0x9772, 0x9712, 0x64EC, 0x6D0D, 0x6D2D, 0x9F73, 0xA7D4, 0x1A03, 0x0040, 0x0060, 0x0060, 0x0020, 0x3266, 0x75AE, 0x7DCF, 0x0020,   // 0x73A0 (29600) pixels
0x08A1, 0x1102, 0x9F93, 0x9F93, 0x29E5, 0x0000, 0x1943, 0x53EA, 0x4BE9, 0x3286, 0x0881, 0x0020, 0x9732, 0x8E91, 0x8650, 0x4328,   // 0x73B0 (29616) pixels
0x4348, 0x7DCF, 0x8ED1, 0x6CED, 0x0040, 0x08C1, 0x4869, 0xB016, 0xB016, 0x43E8, 0x4B69, 0x4BA9, 0x9712, 0x9732, 0x2A25, 0x0080,   // 0x73C0 (29632) pixels
0x3887, 0xB817, 0xB016, 0x91F2, 0x6D8D, 0x7DAF, 0x0000, 0x0060, 0x0060, 0x10C2, 0x0040, 0x6D4D, 0x9712, 0x7DEF, 0x4348, 0x4BA9,   // 0x73D0 (29648) pixels
0x2A05, 0x0000, 0x0000, 0x19A4, 0x1123, 0x4C4A, 0x764F, 0x760F, 0x6DCE, 0x6DCF, 0x54CC, 0x19E5, 0x1A45, 0x1A05, 0x19A5, 0x19C5,   // 0x73E0 (29664) pixels
0x0963, 0x1A05, 0x2A87, 0x2286, 0x1224, 0x1224, 0x19C4, 0x19A4, 0x19C4, 0x00E1, 0x00E1, 0x08C1, 0x10A2, 0x0841, 0x542A, 0x9732,   // 0x73F0 (29680) pixels
0x8670, 0x0020, 0x0020, 0x758E, 0x96F2, 0x8ED1, 0x9712, 0x9F53, 0x64EC, 0x21A4, 0x21A4, 0x64AC, 0x9712, 0x8EB1, 0x64EC, 0x758E,   // 0x7400 (29696) pixels
0x21A4, 0x0881, 0x0020, 0x8650, 0x9732, 0x5C4B, 0x0040, 0x0841, 0x53EA, 0x8ED1, 0x8670, 0x96D2, 0x9712, 0x540A, 0x4328, 0x4B89,   // 0x7410 (29712) pixels
0x10E2, 0x0861, 0x4348, 0x8F31, 0x86D0, 0x96D2, 0x96D2, 0x96D2, 0x8ED1, 0x9F53, 0x2A05, 0x0881, 0x00C0, 0xA014, 0xB016, 0xA2D4,   // 0x7420 (29728) pixels
0x9792, 0x9F53, 0x650C, 0x6D2D, 0x6D4D, 0x9F53, 0xA7B4, 0x21E4, 0x0000, 0x0040, 0x0881, 0x0861, 0x3266, 0x758E, 0x75AE, 0x0000,   // 0x7430 (29744) pixels
0x0881, 0x10C2, 0x9F53, 0x9732, 0x2A05, 0x0861, 0x1983, 0x4BE9, 0x4BC9, 0x3246, 0x0020, 0x0000, 0x9F73, 0x8ED1, 0x8EB1, 0x4B89,   // 0x7440 (29760) pixels
0x4BA9, 0x7E0F, 0x9712, 0x6D0D, 0x0000, 0x0060, 0x4829, 0xB016, 0xB016, 0x4C69, 0x53EA, 0x540A, 0x9712, 0x9F53, 0x2A25, 0x0080,   // 0x7450 (29776) pixels
0x3887, 0xB817, 0xA815, 0x91F2, 0x6D8D, 0x7DAF, 0x0000, 0x0060, 0x0060, 0x10C2, 0x0040, 0x6D2D, 0x96F2, 0x7DEF, 0x4B89, 0x540A,   // 0x7460 (29792) pixels
0x3266, 0x0000, 0x0020, 0x19A4, 0x1123, 0x4C4A, 0x764F, 0x760F, 0x65EE, 0x660E, 0x550C, 0x19E5, 0x1A45, 0x1A05, 0x11A4, 0x19C5,   // 0x7470 (29808) pixels
0x1184, 0x1A05, 0x2266, 0x2266, 0x1A65, 0x1A45, 0x43C9, 0x4C4A, 0x546B, 0x19E4, 0x19C4, 0x1143, 0x0881, 0x0060, 0x32A6, 0x5C6B,   // 0x7480 (29824) pixels
0x540A, 0x0040, 0x0040, 0x4B69, 0x5C4B, 0x542A, 0x5C4B, 0x5C4B, 0x4348, 0x29E5, 0x21C4, 0x64AC, 0x96F2, 0x8E91, 0x4B89, 0x542A,   // 0x7490 (29840) pixels
0x1943, 0x0881, 0x0040, 0x53EA, 0x5C6B, 0x3AA7, 0x0060, 0x0020, 0x53EA, 0x96F2, 0x8E91, 0x8EB1, 0x96D2, 0x6D2D, 0x64AC, 0x6D2D,   // 0x74A0 (29856) pixels
0x10E2, 0x0060, 0x4208, 0xA434, 0x9BD3, 0x7E4F, 0x8610, 0x7DEF, 0x53EA, 0x5C8B, 0x1963, 0x0881, 0x00A0, 0x604C, 0x680D, 0x61EC,   // 0x74B0 (29872) pixels
0x5C8B, 0x5C4B, 0x4328, 0x4348, 0x4348, 0x5C4B, 0x5C6B, 0x3246, 0x21A4, 0x21C4, 0x21C4, 0x21C4, 0x3266, 0x4368, 0x4B69, 0x21A4,   // 0x74C0 (29888) pixels
0x21C4, 0x29E5, 0x7DCF, 0x7DCF, 0x21A4, 0x0060, 0x1102, 0x3286, 0x3246, 0x32A6, 0x4308, 0x3AC7, 0x6CED, 0x64CC, 0x64AC, 0x2A25,   // 0x74D0 (29904) pixels
0x2A25, 0x5C4B, 0x64EC, 0x5C4B, 0x3AE7, 0x3B27, 0x5A6B, 0x8971, 0x8971, 0x2A85, 0x3266, 0x3286, 0x5C6B, 0x5C8B, 0x1963, 0x0060,   // 0x74E0 (29920) pixels
0x28E5, 0x8991, 0x8150, 0x8330, 0x7E0F, 0x8650, 0x08A1, 0x1923, 0x1122, 0x0881, 0x0020, 0x5C4B, 0x75AE, 0x64CC, 0x3AC7, 0x4308,   // 0x74F0 (29936) pixels
0x3286, 0x21C4, 0x21E5, 0x0922, 0x08E2, 0x43E9, 0x6DCE, 0x65AD, 0x8471, 0x8C33, 0x6BAF, 0x1A25, 0x2266, 0x1A05, 0x1184, 0x11A4,   // 0x7500 (29952) pixels
0x19A5, 0x1A05, 0x1A45, 0x1A45, 0x2AC7, 0x1A46, 0x86D1, 0x9FF4, 0xA7F5, 0x4369, 0x3B28, 0x2205, 0x0040, 0x0060, 0x0060, 0x0040,   // 0x7510 (29968) pixels
0x0861, 0x0060, 0x0060, 0x0060, 0x0040, 0x0841, 0x0000, 0x0000, 0x1102, 0x3266, 0x29E5, 0x64AC, 0x8ED1, 0x8630, 0x2184, 0x2A25,   // 0x7520 (29984) pixels
0x08C1, 0x0060, 0x0060, 0x0861, 0x0040, 0x0861, 0x0060, 0x0000, 0x53EA, 0x9F33, 0x96D2, 0x8670, 0x8670, 0x96D2, 0x96F2, 0xA7B4,   // 0x7530 (30000) pixels
0x10E2, 0x0040, 0x4829, 0xB817, 0xB817, 0x5D6B, 0x64EC, 0x64AC, 0x0000, 0x0841, 0x0060, 0x0060, 0x0060, 0x00C0, 0x00C0, 0x0080,   // 0x7540 (30016) pixels
0x0000, 0x0000, 0x0861, 0x0861, 0x0861, 0x0000, 0x0000, 0x4308, 0x540A, 0x540A, 0x4BA9, 0x4BC9, 0x3266, 0x0020, 0x0020, 0x540A,   // 0x7550 (30032) pixels
0x4BA9, 0x4BA9, 0x4B89, 0x53CA, 0x1122, 0x0040, 0x0060, 0x0881, 0x0020, 0x4328, 0x9F53, 0x9F53, 0x1963, 0x29E5, 0x29E5, 0x0000,   // 0x7560 (30048) pixels
0x0000, 0x2184, 0x21C4, 0x4348, 0x9F53, 0x9712, 0x75CE, 0x43C8, 0x546A, 0x0000, 0x0040, 0x0020, 0x0841, 0x0841, 0x0060, 0x0040,   // 0x7570 (30064) pixels
0x1963, 0x4C49, 0x43E8, 0x650C, 0x8ED1, 0x9712, 0x29C5, 0x3266, 0x3246, 0x0040, 0x0020, 0x3AC7, 0x53AA, 0x4328, 0x21A4, 0x21C4,   // 0x7580 (30080) pixels
0x32C7, 0x5C6C, 0x5CAC, 0x0080, 0x00A1, 0x3B68, 0x652D, 0x552B, 0xA256, 0xC15A, 0x99B5, 0x1A85, 0x2A87, 0x1A05, 0x0963, 0x0963,   // 0x7590 (30096) pixels
0x19A5, 0x1A05, 0x1A25, 0x1A25, 0x22A6, 0x1A25, 0x7E90, 0x97D3, 0x9FF4, 0x32E7, 0x2A86, 0x1963, 0x0000, 0x0000, 0x0861, 0x10C2,   // 0x75A0 (30112) pixels
0x10C2, 0x0060, 0x0060, 0x08A1, 0x10C2, 0x10C2, 0x0060, 0x0040, 0x1943, 0x3266, 0x29E5, 0x6D0D, 0x9F93, 0x96F2, 0x21A4, 0x3246,   // 0x75B0 (30128) pixels
0x08A1, 0x0020, 0x0040, 0x0861, 0x0861, 0x0861, 0x0060, 0x0000, 0x5C6B, 0xAFF5, 0x9F93, 0x8750, 0x8750, 0x8F91, 0x8F91, 0x9FF3,   // 0x75C0 (30144) pixels
0x0080, 0x0000, 0x4008, 0xC018, 0xB817, 0x65AC, 0x6D2D, 0x64EC, 0x0000, 0x0020, 0x0060, 0x0060, 0x0060, 0x0020, 0x0000, 0x0020,   // 0x75D0 (30160) pixels
0x0060, 0x0060, 0x0040, 0x0020, 0x0020, 0x0000, 0x0000, 0x4328, 0x5C4B, 0x5C2B, 0x4328, 0x4328, 0x2A25, 0x0881, 0x0861, 0x4B89,   // 0x75E0 (30176) pixels
0x4348, 0x4368, 0x4428, 0x4C89, 0x1142, 0x0040, 0x0040, 0x0000, 0x0000, 0x3AE7, 0x9FB3, 0xA7B4, 0x1923, 0x21A4, 0x21A4, 0x0000,   // 0x75F0 (30192) pixels
0x0000, 0x21C4, 0x3246, 0x4BA9, 0x9F93, 0x9F53, 0x7DEF, 0x53CA, 0x5C4B, 0x0000, 0x0000, 0x0000, 0x10C2, 0x10C2, 0x0881, 0x0040,   // 0x7600 (30208) pixels
0x1963, 0x5C6B, 0x540A, 0x6D2D, 0x9712, 0x9F53, 0x29E5, 0x3266, 0x3266, 0x0040, 0x0020, 0x3346, 0x4C69, 0x3BA7, 0x2204, 0x2A05,   // 0x7610 (30224) pixels
0x3B08, 0x5C8C, 0x64CD, 0x0000, 0x0000, 0x3327, 0x654D, 0x5D4C, 0xAA77, 0xD17C, 0xA1D6, 0x1A85, 0x2A87, 0x1A25, 0x0963, 0x0963,   // 0x7620 (30240) pixels
0x0963, 0x1A05, 0x2A87, 0x2AA7, 0x3C09, 0x3388, 0x75EF, 0x8671, 0x7E50, 0x9773, 0x97B3, 0x7E0F, 0x53EA, 0x5C6B, 0x2A05, 0x0040,   // 0x7630 (30256) pixels
0x0060, 0x10C2, 0x10C2, 0x0881, 0x0060, 0x0060, 0x10C2, 0x08A1, 0x1943, 0x2A05, 0x2A05, 0x10E2, 0x0000, 0x0040, 0x53EA, 0x4BC9,   // 0x7640 (30272) pixels
0x3AA7, 0x3266, 0x3246, 0x4BA9, 0x540A, 0x3286, 0x0881, 0x10C2, 0x0020, 0x0000, 0x0000, 0xC018, 0xB016, 0xA815, 0xA815, 0xB016,   // 0x7650 (30288) pixels
0x7D2F, 0x7DEF, 0x7E6F, 0x8770, 0x8F91, 0x4348, 0x4B89, 0x4BA9, 0x75AE, 0x7DEF, 0x21C4, 0x08A1, 0x0020, 0x8EB1, 0x9FB3, 0x648C,   // 0x7660 (30304) pixels
0x0841, 0x0861, 0x7E0F, 0x758E, 0x758E, 0x7DCF, 0x8650, 0x1963, 0x0000, 0x0000, 0x8E91, 0xA794, 0x5C6B, 0x0000, 0x0000, 0x8610,   // 0x7670 (30320) pixels
0x758E, 0x752E, 0xB817, 0xC018, 0x3066, 0x0080, 0x3286, 0xA7B4, 0x9F93, 0x5C4B, 0x0000, 0x0000, 0xA7B4, 0x9712, 0x9712, 0x7DAF,   // 0x7680 (30336) pixels
0x8650, 0x2184, 0x0000, 0x0020, 0x0000, 0x0000, 0x08C1, 0x21C4, 0x1963, 0x8630, 0x7DEF, 0x7DAF, 0x0000, 0x0060, 0x08A1, 0x10C2,   // 0x7690 (30352) pixels
0x0881, 0x0000, 0x0000, 0x1963, 0x4BA9, 0x53CA, 0x0000, 0x0040, 0x0040, 0x10C2, 0x00C0, 0x8811, 0xB817, 0x8811, 0x00A0, 0x0881,   // 0x76A0 (30368) pixels
0x0060, 0x0000, 0x0000, 0xBFF8, 0xAFF6, 0x75EF, 0x4C4A, 0x548B, 0x2326, 0x12C4, 0x1AA5, 0x1A25, 0x1A25, 0x1A05, 0x19A5, 0x19C5,   // 0x76B0 (30384) pixels
0x0963, 0x1A05, 0x2A87, 0x2A87, 0x3BC9, 0x3368, 0x7630, 0x8EF2, 0x86D1, 0x8F32, 0x8F52, 0x75CF, 0x53CA, 0x5C2B, 0x2A05, 0x0040,   // 0x76C0 (30400) pixels
0x0060, 0x10C2, 0x10C2, 0x0060, 0x0040, 0x0040, 0x00C0, 0x00A0, 0x1122, 0x21A4, 0x21A4, 0x1122, 0x08A1, 0x10E2, 0x4408, 0x43C8,   // 0x76D0 (30416) pixels
0x2A65, 0x2A05, 0x29E5, 0x4B89, 0x4BC9, 0x3266, 0x0881, 0x10C2, 0x08A1, 0x0060, 0x1062, 0xC839, 0xB857, 0xB016, 0xB016, 0xB817,   // 0x76E0 (30432) pixels
0x7D2F, 0x75AE, 0x7E0F, 0x8ED1, 0x96F2, 0x4B69, 0x53AA, 0x53CA, 0x756E, 0x75AE, 0x2184, 0x0861, 0x0000, 0x8630, 0x9732, 0x5C2B,   // 0x76F0 (30448) pixels
0x0020, 0x0040, 0x7DCF, 0x6D4D, 0x6D4D, 0x6D2D, 0x758E, 0x1943, 0x0000, 0x0000, 0x8E91, 0xA7B4, 0x5C6B, 0x0000, 0x0000, 0x7DAF,   // 0x7700 (30464) pixels
0x6D2D, 0x74EE, 0xB016, 0xB817, 0x3086, 0x0080, 0x3266, 0x9F73, 0x9732, 0x5C6B, 0x0040, 0x0020, 0x9F73, 0x8EB1, 0x8E91, 0x6D0D,   // 0x7710 (30480) pixels
0x758E, 0x1963, 0x0000, 0x0060, 0x10C2, 0x08A1, 0x1102, 0x21A4, 0x1943, 0x760E, 0x6DAD, 0x656C, 0x0000, 0x0000, 0x0881, 0x10C2,   // 0x7720 (30496) pixels
0x0881, 0x0020, 0x0000, 0x19A3, 0x4C49, 0x546A, 0x0000, 0x0060, 0x0060, 0x10C2, 0x00C0, 0x8811, 0xB817, 0x8010, 0x00C0, 0x00C0,   // 0x7730 (30512) pixels
0x0080, 0x0000, 0x0000, 0xB7F7, 0xA7F5, 0x6DCE, 0x4C2A, 0x548A, 0x2AE7, 0x2266, 0x2266, 0x1A25, 0x1A45, 0x1A05, 0x11A4, 0x19C5,   // 0x7740 (30528) pixels
0x1184, 0x1A05, 0x2246, 0x2266, 0x442A, 0x440A, 0x3B88, 0x3B68, 0x3347, 0x6D6E, 0x6DAF, 0x4BEA, 0x1983, 0x21E4, 0x1122, 0x0881,   // 0x7750 (30544) pixels
0x08A1, 0x0881, 0x0881, 0x1943, 0x2184, 0x19A3, 0x606C, 0x680D, 0x6A2D, 0x652C, 0x6D2D, 0x3266, 0x0040, 0x10A2, 0x91B2, 0x8951,   // 0x7760 (30560) pixels
0x5B6B, 0x4BE9, 0x540A, 0x29E5, 0x21E4, 0x1943, 0x0881, 0x0881, 0x08A1, 0x08A1, 0x08A1, 0x504A, 0x4869, 0x4869, 0x4869, 0x4829,   // 0x7770 (30576) pixels
0x3246, 0x2A45, 0x4368, 0x6D0D, 0x6CED, 0x4368, 0x4B89, 0x4B89, 0x3246, 0x3266, 0x3266, 0x3266, 0x2A25, 0x64AC, 0x6D0D, 0x4B69,   // 0x7780 (30592) pixels
0x1943, 0x1963, 0x3286, 0x3266, 0x3286, 0x8670, 0x8630, 0x53EA, 0x4348, 0x4348, 0x3B07, 0x4308, 0x3266, 0x1963, 0x1102, 0x8E91,   // 0x7790 (30608) pixels
0x7E0F, 0x7DEF, 0x71CE, 0x7A6F, 0x20E4, 0x0060, 0x1923, 0x4348, 0x4328, 0x2A05, 0x0060, 0x0000, 0x756E, 0x64CC, 0x64EC, 0x8610,   // 0x77A0 (30624) pixels
0x8650, 0x4348, 0x3266, 0x29E5, 0x0060, 0x0060, 0x2A45, 0x6D2D, 0x652C, 0x91D2, 0x9212, 0x9232, 0x546A, 0x648C, 0x1963, 0x0040,   // 0x77B0 (30640) pixels
0x1943, 0x4B89, 0x4368, 0x5A8B, 0x8971, 0x9192, 0x0080, 0x08A1, 0x08A1, 0x0881, 0x0060, 0x59CB, 0x726E, 0x71CE, 0x682D, 0x680D,   // 0x77C0 (30656) pixels
0x61EC, 0x5CAB, 0x5C6C, 0x3B88, 0x3B68, 0x5CEC, 0x6DCE, 0x6DCE, 0x5D4D, 0x5D2D, 0x4C6B, 0x2226, 0x2266, 0x1A05, 0x1184, 0x1184,   // 0x77D0 (30672) pixels
0x11A4, 0x1A05, 0x1A25, 0x2246, 0x4C6B, 0x4C8B, 0x11C4, 0x0922, 0x00E1, 0x542B, 0x5CAC, 0x3286, 0x0000, 0x0040, 0x0881, 0x10C2,   // 0x77E0 (30688) pixels
0x10C2, 0x0060, 0x0040, 0x29E5, 0x3266, 0x2284, 0xA034, 0xB016, 0xA2F4, 0x9772, 0x9F73, 0x4348, 0x0020, 0x1062, 0xC018, 0xB817,   // 0x77F0 (30704) pixels
0x7C0F, 0x6D4D, 0x758E, 0x10E2, 0x0881, 0x0881, 0x0060, 0x0060, 0x08A1, 0x10C2, 0x08C1, 0x0060, 0x0060, 0x00A0, 0x08C1, 0x08C1,   // 0x7800 (30720) pixels
0x0040, 0x0000, 0x21A4, 0x53CA, 0x4BA9, 0x4368, 0x4B89, 0x4348, 0x0020, 0x0040, 0x3AE7, 0x4BA9, 0x4B89, 0x4BA9, 0x4BA9, 0x3AE7,   // 0x7810 (30736) pixels
0x21E4, 0x2A25, 0x0841, 0x0861, 0x10C2, 0x9732, 0x8EB1, 0x7DAF, 0x756E, 0x85F0, 0x08A1, 0x0000, 0x1102, 0x3266, 0x29E5, 0x9712,   // 0x7820 (30752) pixels
0x8E91, 0x8670, 0x43A8, 0x542A, 0x1142, 0x0040, 0x0060, 0x0861, 0x0861, 0x0861, 0x0060, 0x0000, 0x540A, 0x4B89, 0x4BA9, 0x8ED1,   // 0x7830 (30768) pixels
0x8ED1, 0x648C, 0x53EA, 0x4308, 0x0020, 0x0020, 0x4308, 0x9F73, 0x97D2, 0xA815, 0xA815, 0xA815, 0x97D2, 0xA7B4, 0x2A05, 0x0000,   // 0x7840 (30784) pixels
0x21C4, 0x7DEF, 0x75CE, 0x8B31, 0xB016, 0xB817, 0x00C0, 0x10C2, 0x10C2, 0x0060, 0x0020, 0x3B07, 0x4C29, 0x62EC, 0xB016, 0xB016,   // 0x7850 (30800) pixels
0xA2D5, 0x97D3, 0xAFF6, 0x0000, 0x0020, 0x544B, 0x8EF2, 0x8691, 0x7EF1, 0x7F11, 0x65CE, 0x2226, 0x2A87, 0x1A05, 0x0963, 0x0963,   // 0x7860 (30816) pixels
0x19A5, 0x1A05, 0x1A25, 0x2246, 0x4C6B, 0x4C6B, 0x1A04, 0x0942, 0x0121, 0x544B, 0x5CCC, 0x3286, 0x0000, 0x0000, 0x0861, 0x10C2,   // 0x7870 (30832) pixels
0x10C2, 0x0060, 0x0040, 0x29E5, 0x3266, 0x22A4, 0xA815, 0xB817, 0xA314, 0x8FD1, 0x97D2, 0x3B47, 0x0000, 0x0821, 0xC819, 0xB817,   // 0x7880 (30848) pixels
0x7C2F, 0x6D8D, 0x7DCF, 0x1903, 0x08A1, 0x0881, 0x0020, 0x0020, 0x0881, 0x10C2, 0x08A1, 0x0020, 0x0020, 0x0040, 0x0861, 0x0861,   // 0x7890 (30864) pixels
0x0020, 0x0000, 0x21A4, 0x540A, 0x53CA, 0x4BA9, 0x4BC9, 0x4B89, 0x0020, 0x0040, 0x3AE7, 0x4BA9, 0x4B89, 0x53CA, 0x53CA, 0x4308,   // 0x78A0 (30880) pixels
0x21E4, 0x2A25, 0x0020, 0x0040, 0x08A1, 0x9712, 0x8E91, 0x7DAF, 0x756E, 0x8610, 0x10E2, 0x0040, 0x1923, 0x3266, 0x21C4, 0x9752,   // 0x78B0 (30896) pixels
0x8ED1, 0x8E91, 0x4B69, 0x540A, 0x1122, 0x0040, 0x0060, 0x0881, 0x0881, 0x0881, 0x0060, 0x0000, 0x540A, 0x4B89, 0x4BA9, 0x8ED1,   // 0x78C0 (30912) pixels
0x8EB1, 0x5C4B, 0x4BA9, 0x3AA7, 0x0000, 0x0000, 0x3AC7, 0x9F73, 0x97D2, 0xB016, 0xB016, 0xB036, 0x97F2, 0xA7B4, 0x2A05, 0x0000,   // 0x78D0 (30928) pixels
0x21A4, 0x758E, 0x6D6D, 0x8B11, 0xB817, 0xC018, 0x0060, 0x0861, 0x0861, 0x0000, 0x0000, 0x3AE7, 0x540A, 0x6ACD, 0xB817, 0xB016,   // 0x78E0 (30944) pixels
0xAAF5, 0x9FF4, 0xAFF6, 0x0040, 0x0080, 0x4C8A, 0x8F12, 0x86D1, 0x8711, 0x8752, 0x6DEF, 0x2226, 0x2A87, 0x1A05, 0x0963, 0x0963,   // 0x78F0 (30960) pixels
0x1184, 0x1A05, 0x2266, 0x2A87, 0x5D2D, 0x5D4D, 0x2266, 0x19C4, 0x1183, 0x4BEA, 0x4C2A, 0x4C0A, 0x53EA, 0x542A, 0x2A05, 0x0060,   // 0x7900 (30976) pixels
0x0881, 0x08A1, 0x08A1, 0x10E2, 0x1102, 0x0901, 0x3887, 0x3066, 0x610C, 0xA1F4, 0xA9D5, 0x6A6D, 0x32E6, 0x3AC7, 0x6A8D, 0x6AAD,   // 0x7910 (30992) pixels
0x3206, 0x21E4, 0x2A05, 0x08A1, 0x0060, 0x1983, 0x3AE7, 0x3AE7, 0x2184, 0x0060, 0x08A1, 0x4308, 0x3AC7, 0x4B89, 0x53CA, 0x53EA,   // 0x7920 (31008) pixels
0x3AE7, 0x3AC7, 0x4328, 0x4BA9, 0x4BC9, 0x1943, 0x1963, 0x2184, 0x3AC7, 0x3AA7, 0x32A6, 0x3286, 0x3286, 0x4B69, 0x4BA9, 0x3286,   // 0x7930 (31024) pixels
0x10E2, 0x10C2, 0x540A, 0x4BC9, 0x53EA, 0x9712, 0x9712, 0x4BA9, 0x3AC7, 0x4328, 0x10C2, 0x0881, 0x1923, 0x2A25, 0x21C4, 0x64CC,   // 0x7940 (31040) pixels
0x5C8B, 0x5C6B, 0x4368, 0x4BC9, 0x1943, 0x0881, 0x1923, 0x3AE7, 0x3AC7, 0x21E4, 0x0881, 0x0040, 0x6D2D, 0x648C, 0x64AC, 0x96F2,   // 0x7950 (31056) pixels
0x96D2, 0x6D0D, 0x5C8B, 0x64AC, 0x6D0D, 0x6D0D, 0x64CC, 0x5C6B, 0x5CCB, 0x3006, 0x3867, 0x3887, 0x43A8, 0x4B89, 0x1943, 0x0040,   // 0x7960 (31072) pixels
0x2A05, 0x8E91, 0x8670, 0x63EC, 0x3026, 0x3827, 0x542A, 0x4BC9, 0x4BC9, 0x53EA, 0x53EA, 0x4BA9, 0x4BA9, 0x42C8, 0x3847, 0x3867,   // 0x7970 (31088) pixels
0x3126, 0x2A65, 0x2264, 0x90D3, 0x88D2, 0x5ACC, 0x4429, 0x43E9, 0x3BE9, 0x3BE9, 0x3368, 0x1A25, 0x2246, 0x1A05, 0x11A4, 0x11A4,   // 0x7980 (31104) pixels
0x0963, 0x1A05, 0x2A87, 0x2AA7, 0x5DAD, 0x5DAE, 0x2AA6, 0x19E4, 0x19C4, 0x43C9, 0x43E9, 0x5CAB, 0x758E, 0x7DCF, 0x32A6, 0x0020,   // 0x7990 (31120) pixels
0x0060, 0x08A1, 0x08A1, 0x0040, 0x0020, 0x0020, 0x08A1, 0x00C0, 0x4829, 0xB016, 0xB016, 0x79EF, 0x4C09, 0x53CA, 0x43A8, 0x4BE9,   // 0x79A0 (31136) pixels
0x1943, 0x0861, 0x0881, 0x0040, 0x0000, 0x21C4, 0x5C2B, 0x5C2B, 0x29E5, 0x0020, 0x0881, 0x5C4B, 0x53CA, 0x650C, 0x6D4D, 0x756E,   // 0x79B0 (31152) pixels
0x540A, 0x53EA, 0x53CA, 0x4B89, 0x4BC9, 0x0040, 0x0080, 0x08C1, 0x4C09, 0x4BC9, 0x3286, 0x2A05, 0x2A05, 0x4348, 0x4BA9, 0x3246,   // 0x79C0 (31168) pixels
0x0881, 0x0040, 0x75AE, 0x6D2D, 0x6D4D, 0x9712, 0x9F53, 0x3B07, 0x21A4, 0x2A05, 0x10C2, 0x0881, 0x1923, 0x2A05, 0x21C4, 0x53EA,   // 0x79D0 (31184) pixels
0x53AA, 0x4BA9, 0x4B89, 0x4BC9, 0x1963, 0x0881, 0x1963, 0x4BA9, 0x4BA9, 0x3266, 0x0881, 0x0040, 0x758E, 0x64EC, 0x6D0D, 0x9712,   // 0x79E0 (31200) pixels
0x9712, 0x758E, 0x64EC, 0x75AE, 0x9F53, 0x9F53, 0x7DAF, 0x4328, 0x4BC9, 0x0060, 0x08A1, 0x08C1, 0x21E4, 0x21E4, 0x10E2, 0x0040,   // 0x79F0 (31216) pixels
0x2A25, 0x9732, 0x96F2, 0x544A, 0x0040, 0x0040, 0x75AE, 0x6D2D, 0x6D2D, 0x756E, 0x758E, 0x540A, 0x4B89, 0x32C6, 0x0040, 0x0080,   // 0x7A00 (31232) pixels
0x0060, 0x0020, 0x0020, 0xD0FC, 0xC8BA, 0x61ED, 0x22C5, 0x2AA6, 0x2286, 0x2286, 0x2286, 0x1A25, 0x1A45, 0x1A05, 0x11A4, 0x19C5,   // 0x7A10 (31248) pixels
0x1164, 0x1A05, 0x2266, 0x2A87, 0x54EC, 0x550C, 0x2266, 0x19C4, 0x19A4, 0x43A9, 0x43C9, 0x546B, 0x754E, 0x758E, 0x4288, 0x2024,   // 0x7A20 (31264) pixels
0x2865, 0x1963, 0x1923, 0x21A4, 0x21C4, 0x21E4, 0x08A1, 0x00A0, 0x48C9, 0xA114, 0xA0D4, 0x7ACF, 0x5C6B, 0x5C4B, 0x3AC7, 0x4328,   // 0x7A30 (31280) pixels
0x1923, 0x08A1, 0x0881, 0x21A4, 0x21A4, 0x2A45, 0x4328, 0x4328, 0x2A05, 0x1102, 0x1943, 0x4B89, 0x4348, 0x53EA, 0x542A, 0x5C4B,   // 0x7A40 (31296) pixels
0x4328, 0x4308, 0x4308, 0x3AE7, 0x3B27, 0x2845, 0x2885, 0x28A5, 0x630C, 0x62CC, 0x3A87, 0x3266, 0x3266, 0x4368, 0x4BA9, 0x3246,   // 0x7A50 (31312) pixels
0x0861, 0x0040, 0x6D2D, 0x64AC, 0x64CC, 0x8630, 0x8E71, 0x3AA7, 0x2184, 0x21C4, 0x1943, 0x1943, 0x1963, 0x21C4, 0x21A4, 0x4348,   // 0x7A60 (31328) pixels
0x4308, 0x4308, 0x3AE7, 0x4328, 0x1923, 0x0861, 0x2184, 0x5C6B, 0x5C4B, 0x3AC7, 0x0861, 0x0020, 0x7DEF, 0x6D4D, 0x756E, 0x8630,   // 0x7A70 (31344) pixels
0x8630, 0x6D0D, 0x64AC, 0x64EC, 0x758E, 0x75AE, 0x5C8B, 0x3AC7, 0x4328, 0x10C2, 0x10E2, 0x1102, 0x21C4, 0x21A4, 0x21A4, 0x1963,   // 0x7A80 (31360) pixels
0x3AA7, 0x8650, 0x8630, 0x53EA, 0x0040, 0x0020, 0x6D2D, 0x64AC, 0x64CC, 0x6D4D, 0x756E, 0x4B69, 0x3AE7, 0x32A6, 0x21C4, 0x29E5,   // 0x7A90 (31376) pixels
0x1963, 0x0061, 0x0060, 0xBA18, 0xA9B6, 0x6B2E, 0x4409, 0x4C0A, 0x2AE7, 0x2286, 0x2286, 0x2246, 0x2246, 0x1A05, 0x11A4, 0x11A4,   // 0x7AA0 (31392) pixels
0x19A5, 0x1A05, 0x1A25, 0x1A25, 0x2286, 0x22A6, 0x11A3, 0x0962, 0x0942, 0x32C7, 0x32C7, 0x4BCA, 0x6D0D, 0x654C, 0x9A53, 0xC018,   // 0x7AB0 (31408) pixels
0xB877, 0x4408, 0x4368, 0x8E91, 0x9F73, 0xAFF5, 0x10E2, 0x0000, 0x32A6, 0x760E, 0x6DAD, 0x7E4F, 0x96F2, 0x8670, 0x0000, 0x0881,   // 0x7AC0 (31424) pixels
0x0060, 0x0060, 0x0000, 0x96D2, 0xA7D4, 0x5C4B, 0x0000, 0x0000, 0x3246, 0x5C4B, 0x53EA, 0x19A3, 0x21E4, 0x08A1, 0x0040, 0x0861,   // 0x7AD0 (31440) pixels
0x0020, 0x0020, 0x0040, 0x0881, 0x0080, 0xC819, 0xB016, 0xB016, 0xB817, 0xC018, 0x62CC, 0x43A8, 0x4B89, 0x53CA, 0x53EA, 0x3266,   // 0x7AE0 (31456) pixels
0x0020, 0x0020, 0x540A, 0x4BA9, 0x4B89, 0x4328, 0x4368, 0x1923, 0x0881, 0x0040, 0x4368, 0x53EA, 0x3266, 0x0861, 0x08A1, 0x0020,   // 0x7AF0 (31472) pixels
0x0020, 0x0020, 0x0881, 0x0881, 0x0060, 0x0020, 0x2A25, 0xA794, 0x9F73, 0x5C6B, 0x0000, 0x0000, 0xA7B4, 0x96F2, 0x96D2, 0x3AC7,   // 0x7B00 (31488) pixels
0x4328, 0x4B89, 0x53CA, 0x3AA7, 0x0000, 0x0000, 0x0020, 0x0881, 0x0040, 0x2A45, 0x2A25, 0x2A05, 0x0861, 0x0040, 0x5C4B, 0x758E,   // 0x7B10 (31504) pixels
0x64EC, 0x4B69, 0x4BA9, 0x3246, 0x0020, 0x0000, 0x540A, 0x4B89, 0x4BA9, 0x6D0D, 0x6D4D, 0x2184, 0x0000, 0x2A25, 0x9F93, 0x9F53,   // 0x7B20 (31520) pixels
0x64AC, 0x00A2, 0x0061, 0x6E6E, 0x5DAC, 0x8F52, 0xAFF6, 0xB7F7, 0x3BA9, 0x11E4, 0x1A45, 0x2A87, 0x2A87, 0x1A05, 0x0963, 0x0963,   // 0x7B30 (31536) pixels
0x11A4, 0x1A05, 0x2246, 0x2246, 0x2AC7, 0x2AE7, 0x1183, 0x0922, 0x0101, 0x32E7, 0x3B08, 0x4BCA, 0x6D0D, 0x654C, 0x9232, 0xB817,   // 0x7B40 (31552) pixels
0xA855, 0x3BE7, 0x4348, 0x8650, 0x9F33, 0xA7B4, 0x10E2, 0x0000, 0x3286, 0x7DCF, 0x754E, 0x8630, 0x8ED1, 0x8650, 0x0020, 0x08C1,   // 0x7B50 (31568) pixels
0x0080, 0x0060, 0x0000, 0x8E71, 0x9F53, 0x540A, 0x0000, 0x0000, 0x2A45, 0x540A, 0x53CA, 0x21C4, 0x2A25, 0x10E2, 0x0881, 0x0881,   // 0x7B60 (31584) pixels
0x0060, 0x0060, 0x0881, 0x08A1, 0x00A0, 0xB817, 0xA815, 0xA815, 0xB016, 0xB817, 0x62CC, 0x43A8, 0x4B89, 0x53CA, 0x540A, 0x3266,   // 0x7B70 (31600) pixels
0x0040, 0x0020, 0x5C4B, 0x53EA, 0x53CA, 0x4368, 0x4BA9, 0x1923, 0x0881, 0x0040, 0x4348, 0x4BC9, 0x3266, 0x0881, 0x10C2, 0x0040,   // 0x7B80 (31616) pixels
0x0040, 0x0040, 0x10C2, 0x10C2, 0x0040, 0x0000, 0x2A05, 0xA794, 0x9F53, 0x5C4B, 0x0000, 0x0000, 0xA794, 0x96D2, 0x8EB1, 0x4348,   // 0x7B90 (31632) pixels
0x4B89, 0x4BA9, 0x53CA, 0x3AC7, 0x0000, 0x0040, 0x0861, 0x10C2, 0x0881, 0x21E4, 0x21C4, 0x21A4, 0x0841, 0x0000, 0x540A, 0x6D6D,   // 0x7BA0 (31648) pixels
0x64CC, 0x4B89, 0x53CA, 0x3266, 0x0020, 0x0000, 0x5C4B, 0x53CA, 0x53EA, 0x6D4D, 0x758E, 0x21C4, 0x0060, 0x2A45, 0x9752, 0x9712,   // 0x7BB0 (31664) pixels
0x5C6B, 0x0061, 0x0041, 0x75EF, 0x652D, 0x8F12, 0xAFF6, 0xB7F7, 0x3BA9, 0x1204, 0x1A45, 0x2A87, 0x2A87, 0x1A05, 0x0963, 0x0963,   // 0x7BC0 (31680) pixels
0x1184, 0x1A05, 0x2246, 0x2246, 0x2286, 0x2286, 0x32E7, 0x3307, 0x3327, 0x2A66, 0x2225, 0x4BA9, 0x7DCF, 0x75CE, 0x8B71, 0x9993,   // 0x7BD0 (31696) pixels
0x91D2, 0x2AA5, 0x3266, 0x5C4B, 0x64CC, 0x6D2D, 0x10E2, 0x0040, 0x21E4, 0x53EA, 0x4BA9, 0x5C8B, 0x6D4D, 0x6CED, 0x3807, 0x4088,   // 0x7BE0 (31712) pixels
0x1082, 0x0881, 0x0000, 0x7DCF, 0x8E71, 0x64AC, 0x2A45, 0x3266, 0x3286, 0x3AA7, 0x3AA7, 0x1963, 0x1983, 0x2A05, 0x2A25, 0x2A45,   // 0x7BF0 (31728) pixels
0x08A1, 0x0881, 0x08C1, 0x1923, 0x0901, 0x9933, 0x8931, 0x8931, 0xA254, 0xAA35, 0x4A89, 0x32A6, 0x3286, 0x4328, 0x4348, 0x2A05,   // 0x7C00 (31744) pixels
0x0060, 0x0060, 0x3AE7, 0x3AA7, 0x3AC7, 0x5C2B, 0x5C4B, 0x2A25, 0x2184, 0x2184, 0x3286, 0x3AA7, 0x21C4, 0x0881, 0x0881, 0x2A25,   // 0x7C10 (31760) pixels
0x2A05, 0x29E5, 0x0881, 0x0861, 0x2A05, 0x3266, 0x4308, 0x6CED, 0x64EC, 0x4BA9, 0x21C4, 0x1983, 0x9F33, 0x8EB1, 0x8E91, 0x2A25,   // 0x7C20 (31776) pixels
0x3266, 0x5C2B, 0x64CC, 0x53EA, 0x21C4, 0x2A05, 0x1963, 0x0881, 0x0040, 0x53EA, 0x4B89, 0x4B69, 0x3266, 0x3286, 0x4368, 0x4BA9,   // 0x7C30 (31792) pixels
0x4BC9, 0x5C2B, 0x5C4B, 0x3AC7, 0x0040, 0x0040, 0x3AE7, 0x3AA7, 0x3AA7, 0x4BA9, 0x4BE9, 0x4148, 0x3847, 0x4989, 0x650C, 0x64CC,   // 0x7C40 (31808) pixels
0x4BA9, 0x2A05, 0x21C4, 0x8691, 0x7E30, 0x75EF, 0x75AF, 0x7E10, 0x3328, 0x1A45, 0x1A65, 0x2266, 0x2266, 0x1A05, 0x1184, 0x1184,   // 0x7C50 (31824) pixels
0x0963, 0x1A05, 0x2A87, 0x2286, 0x1224, 0x09C3, 0x75EF, 0x8F12, 0x9773, 0x0942, 0x0060, 0x4368, 0x9F53, 0x9712, 0x760E, 0x654C,   // 0x7C60 (31840) pixels
0x5D0B, 0x0000, 0x0881, 0x0000, 0x0000, 0x0000, 0x08A1, 0x10C2, 0x0861, 0x0000, 0x0000, 0x1122, 0x2A05, 0x31C6, 0xC018, 0xC018,   // 0x7C70 (31856) pixels
0x3086, 0x08C1, 0x0040, 0x5C8B, 0x64CC, 0x7DCF, 0x9F73, 0xA7B4, 0x4348, 0x0000, 0x0040, 0x08A1, 0x0040, 0x5C4B, 0x756E, 0x7DCF,   // 0x7C80 (31872) pixels
0x1923, 0x0881, 0x1943, 0x2A25, 0x21E4, 0x4C49, 0x4C09, 0x4C29, 0x8F51, 0x8F91, 0x21E4, 0x0040, 0x0861, 0x21A4, 0x21E4, 0x1963,   // 0x7C90 (31888) pixels
0x08A1, 0x10C2, 0x0020, 0x0020, 0x0060, 0x7DEF, 0x758E, 0x540A, 0x4BA9, 0x540A, 0x10C2, 0x0861, 0x0881, 0x0060, 0x0000, 0x8630,   // 0x7CA0 (31904) pixels
0x7DAF, 0x756E, 0x0000, 0x0000, 0x7DAF, 0xA7B4, 0x754E, 0x0000, 0x0000, 0x2A45, 0x7DEF, 0x758E, 0x8EB1, 0x8E91, 0x8650, 0x0000,   // 0x7CB0 (31920) pixels
0x0000, 0x6D4D, 0x96F2, 0x8670, 0x758E, 0x7DEF, 0x4B89, 0x0020, 0x0000, 0xAFF5, 0x9F33, 0x9F33, 0x96F2, 0x9F73, 0x29E5, 0x0000,   // 0x7CC0 (31936) pixels
0x2184, 0x756E, 0x6D4D, 0x4368, 0x0861, 0x10C2, 0x0020, 0x0020, 0x0020, 0x0861, 0x0060, 0x8811, 0xB817, 0x8010, 0x0040, 0x0000,   // 0x7CD0 (31952) pixels
0x2A45, 0x75AE, 0x6D0C, 0xA7F5, 0xA7F5, 0x3B88, 0x00A0, 0x00E1, 0x1A45, 0x2AC7, 0x22A6, 0x1A25, 0x1A45, 0x1A05, 0x19A5, 0x19C5,   // 0x7CE0 (31968) pixels
0x0963, 0x1A05, 0x2A87, 0x2266, 0x09C3, 0x0162, 0x75EF, 0x9733, 0x9FB4, 0x0922, 0x0040, 0x43A9, 0xAFF5, 0xA794, 0x8650, 0x6D4D,   // 0x7CF0 (31984) pixels
0x6D0D, 0x0040, 0x10C2, 0x0020, 0x0000, 0x0000, 0x08A1, 0x10C2, 0x0060, 0x0000, 0x0000, 0x1943, 0x3286, 0x3A27, 0xB817, 0xB817,   // 0x7D00 (32000) pixels
0x2084, 0x00C0, 0x0060, 0x5C8B, 0x64CC, 0x7DEF, 0xA794, 0xAFF5, 0x4368, 0x0000, 0x0020, 0x00C0, 0x0060, 0x4C89, 0x65AC, 0x6E0D,   // 0x7D10 (32016) pixels
0x1122, 0x08A1, 0x1102, 0x21A4, 0x1963, 0x4C69, 0x4428, 0x4C49, 0x9F73, 0xA7B4, 0x2A25, 0x0881, 0x08A1, 0x1963, 0x1983, 0x0921,   // 0x7D20 (32032) pixels
0x00A0, 0x00C0, 0x0060, 0x0060, 0x08A1, 0x8650, 0x7DEF, 0x4BC9, 0x3B07, 0x4368, 0x10E2, 0x10A2, 0x08A1, 0x0060, 0x0000, 0x8E71,   // 0x7D30 (32048) pixels
0x7DEF, 0x758E, 0x0000, 0x0000, 0x754E, 0x9F33, 0x6CED, 0x0000, 0x0000, 0x3246, 0x8630, 0x7DAF, 0x9F53, 0x9752, 0x96F2, 0x0020,   // 0x7D40 (32064) pixels
0x0040, 0x75AE, 0x9F73, 0x8ED1, 0x7DAF, 0x8610, 0x4B69, 0x0000, 0x0000, 0xA7B4, 0x96F2, 0x96F2, 0x8E91, 0x9732, 0x21C4, 0x0000,   // 0x7D50 (32080) pixels
0x2184, 0x7DCF, 0x75AE, 0x4348, 0x0000, 0x0000, 0x0000, 0x0000, 0x0020, 0x10C2, 0x00C0, 0x9012, 0xC018, 0x8811, 0x00C0, 0x0881,   // 0x7D60 (32096) pixels
0x3286, 0x7DCE, 0x6D2D, 0xAFF6, 0xB7F7, 0x4C0A, 0x0121, 0x0942, 0x1284, 0x1AE5, 0x1AA5, 0x1A25, 0x1A25, 0x1A05, 0x19A5, 0x19C5,   // 0x7D70 (32112) pixels
0x11A4, 0x1A05, 0x1A25, 0x2266, 0x7650, 0x7630, 0x1A25, 0x0922, 0x0121, 0x32E7, 0x3B28, 0x21C4, 0x0000, 0x0000, 0x1943, 0x3226,   // 0x7D80 (32128) pixels
0x2A05, 0x0040, 0x0000, 0x5C6B, 0x758E, 0x7DEF, 0x10C2, 0x0020, 0x3286, 0x7DCF, 0x7DCF, 0x32A6, 0x0000, 0x08A1, 0x7DEF, 0x6DED,   // 0x7D90 (32144) pixels
0x9933, 0xB016, 0xB016, 0x9652, 0x9F53, 0x540A, 0x0000, 0x0000, 0x2A45, 0x540A, 0x5BAB, 0xB016, 0xA815, 0xB016, 0xB016, 0xC018,   // 0x7DA0 (32160) pixels
0x1062, 0x0020, 0x3286, 0x7DAF, 0x6DCD, 0xB016, 0xA815, 0xA014, 0x0080, 0x0881, 0x0060, 0x0060, 0x0000, 0x8E71, 0x9772, 0x9C13,   // 0x7DB0 (32176) pixels
0xB016, 0xB817, 0x00C0, 0x10C2, 0x08A1, 0x0040, 0x0000, 0x754E, 0x9712, 0xA794, 0x1102, 0x0040, 0x0881, 0x10C2, 0x10A2, 0x0040,   // 0x7DC0 (32192) pixels
0x0040, 0x0040, 0x10C2, 0x0020, 0x6D2D, 0x8ED1, 0x8650, 0x754E, 0x7DAF, 0x4348, 0x0000, 0x0020, 0x0881, 0x0881, 0x0881, 0x0060,   // 0x7DD0 (32208) pixels
0x0060, 0x0881, 0x0881, 0x0861, 0x0040, 0x0000, 0x3266, 0x7DCF, 0x756E, 0x64EC, 0x64EC, 0x64EC, 0x6D2D, 0x752E, 0x6D2D, 0x6D4D,   // 0x7DE0 (32224) pixels
0x53EA, 0x0020, 0x0040, 0x3B07, 0x9732, 0x9712, 0x4B89, 0x53EA, 0x53CA, 0x0020, 0x0060, 0x08A1, 0x08C1, 0x08A1, 0x0060, 0x0060,   // 0x7DF0 (32240) pixels
0x08A1, 0x08E2, 0x08C2, 0x00A1, 0x00A1, 0x1183, 0x2205, 0x1203, 0x91D4, 0xC9BB, 0x99F5, 0x1A85, 0x2A87, 0x1A05, 0x0963, 0x0963,   // 0x7E00 (32256) pixels
0x19A5, 0x1A05, 0x1A25, 0x2266, 0x6E0F, 0x6E0F, 0x1A45, 0x0942, 0x0942, 0x32C7, 0x3B08, 0x21E4, 0x0020, 0x0040, 0x1943, 0x2A25,   // 0x7E10 (32272) pixels
0x29E5, 0x0040, 0x0000, 0x648C, 0x7DCF, 0x8610, 0x0881, 0x0000, 0x3246, 0x7DAF, 0x7DAF, 0x32A6, 0x0000, 0x08A1, 0x7DEF, 0x6DED,   // 0x7E20 (32288) pixels
0xA114, 0xB016, 0xB016, 0x9E93, 0x9FB3, 0x5C4B, 0x0000, 0x0020, 0x3266, 0x542A, 0x5BCB, 0xB816, 0xA815, 0xB817, 0xB837, 0xC839,   // 0x7E30 (32304) pixels
0x1062, 0x0020, 0x3286, 0x7DAF, 0x6DED, 0xB817, 0xB016, 0xA815, 0x0060, 0x0841, 0x0060, 0x0060, 0x0000, 0x86B0, 0x97B2, 0x9C33,   // 0x7E40 (32320) pixels
0xB016, 0xB817, 0x00C0, 0x08A1, 0x08A1, 0x0060, 0x0000, 0x75AE, 0x9772, 0x9FD3, 0x08A1, 0x0000, 0x0040, 0x10C2, 0x10C2, 0x0000,   // 0x7E50 (32336) pixels
0x0020, 0x0020, 0x08A1, 0x0020, 0x756E, 0x9712, 0x8670, 0x6D0D, 0x756E, 0x4348, 0x0000, 0x0060, 0x0881, 0x0881, 0x0861, 0x0000,   // 0x7E60 (32352) pixels
0x0000, 0x0861, 0x0881, 0x0881, 0x0060, 0x0020, 0x2A45, 0x758E, 0x752E, 0x6D0C, 0x6D0D, 0x6D0D, 0x6D2D, 0x6D2D, 0x6D2D, 0x756E,   // 0x7E70 (32368) pixels
0x540A, 0x0000, 0x0020, 0x3AE7, 0x9732, 0x9712, 0x4BA9, 0x540A, 0x53EA, 0x0000, 0x0060, 0x08A1, 0x08A1, 0x0881, 0x0000, 0x0000,   // 0x7E80 (32384) pixels
0x0061, 0x08E2, 0x08E2, 0x00E1, 0x00C1, 0x1183, 0x2205, 0x1203, 0x9194, 0xC15A, 0x91B4, 0x1A85, 0x2A87, 0x1A05, 0x0963, 0x0963,   // 0x7E90 (32400) pixels
0x1184, 0x1A05, 0x2246, 0x2AA7, 0x8F53, 0x8F53, 0x2AC6, 0x1183, 0x1183, 0x3B68, 0x43A9, 0x2A46, 0x0881, 0x0081, 0x3266, 0x53EA,   // 0x7EA0 (32416) pixels
0x4B89, 0x0061, 0x0081, 0x3246, 0x3AC7, 0x32A6, 0x4BCA, 0x4BEA, 0x540A, 0x5C4B, 0x648C, 0x2A46, 0x0061, 0x10E2, 0x64AC, 0x5CAB,   // 0x7EB0 (32432) pixels
0x594B, 0x586B, 0x582B, 0x4B49, 0x4BA9, 0x2A46, 0x0081, 0x08A1, 0x1963, 0x2A25, 0x2A05, 0x8210, 0x7A30, 0x60AC, 0x504A, 0x604C,   // 0x7EC0 (32448) pixels
0x10A2, 0x0081, 0x2A45, 0x648C, 0x5CAB, 0x580B, 0x586B, 0x58AB, 0x4C09, 0x540A, 0x1963, 0x08A1, 0x0060, 0x9312, 0xA354, 0x8AD2,   // 0x7ED0 (32464) pixels
0x79EF, 0x8231, 0x1142, 0x1963, 0x1963, 0x08A1, 0x0080, 0x7AAF, 0xA354, 0xA334, 0x53CB, 0x540A, 0x3286, 0x0060, 0x0040, 0x4369,   // 0x7EE0 (32480) pixels
0x3B28, 0x3B08, 0x1923, 0x1923, 0x3B28, 0x4BA9, 0x542B, 0x8610, 0x8630, 0x4BCA, 0x0061, 0x0881, 0x3246, 0x2A25, 0x2A25, 0x540A,   // 0x7EF0 (32496) pixels
0x540A, 0x3286, 0x2A25, 0x21C4, 0x08A1, 0x0061, 0x3AC7, 0x8650, 0x7E10, 0x544B, 0x5C6B, 0x5C8C, 0x860F, 0x8630, 0x4B89, 0x32C7,   // 0x7F00 (32512) pixels
0x3AE7, 0x3AE7, 0x3AC7, 0x4BCA, 0x6D4E, 0x758E, 0x21A4, 0x2A05, 0x2A05, 0x0881, 0x08A1, 0x1943, 0x1943, 0x2A05, 0x540A, 0x540A,   // 0x7F10 (32528) pixels
0x3AE7, 0x1943, 0x1984, 0x0922, 0x0922, 0x1183, 0x19C4, 0x0962, 0x8C13, 0xBD19, 0x8C53, 0x1224, 0x2266, 0x1A05, 0x1184, 0x11A4,   // 0x7F20 (32544) pixels
0x0963, 0x1A05, 0x2266, 0x2AC7, 0xA7F6, 0xA7F6, 0x3B28, 0x19C4, 0x19C4, 0x43E9, 0x4C4A, 0x32C7, 0x08C2, 0x08C2, 0x4368, 0x756E,   // 0x7F30 (32560) pixels
0x64EC, 0x0082, 0x1103, 0x0060, 0x0020, 0x0000, 0x8ED2, 0x9FB4, 0x75AF, 0x4327, 0x4B89, 0x2205, 0x08C2, 0x1123, 0x4BA9, 0x4B89,   // 0x7F40 (32576) pixels
0x1183, 0x00E1, 0x0102, 0x0020, 0x0000, 0x0081, 0x1103, 0x1103, 0x0881, 0x0020, 0x0080, 0x548B, 0x548B, 0x0942, 0x0060, 0x0060,   // 0x7F50 (32592) pixels
0x08E2, 0x08E2, 0x2205, 0x4B89, 0x4BA9, 0x00C1, 0x00E1, 0x0942, 0x9F73, 0x9F53, 0x2A46, 0x08C2, 0x0121, 0x9813, 0xB016, 0x8190,   // 0x7F60 (32608) pixels
0x4489, 0x4C6B, 0x21C4, 0x2A05, 0x2A05, 0x08E2, 0x0101, 0x8011, 0xA815, 0xA815, 0x9EB4, 0x9FF4, 0x5C8C, 0x0000, 0x0000, 0x8671,   // 0x7F70 (32624) pixels
0x75D0, 0x75AF, 0x21A4, 0x2A25, 0x1102, 0x0061, 0x2A46, 0x9712, 0x8ED1, 0x5C4B, 0x00A2, 0x08C2, 0x53EA, 0x4B89, 0x4BC9, 0xA7D5,   // 0x7F80 (32640) pixels
0x9FB4, 0x5C8B, 0x4BA9, 0x3AE7, 0x08C2, 0x08A2, 0x4348, 0x96F2, 0x8ED1, 0x43AA, 0x4BEA, 0x540B, 0x8ED1, 0x9712, 0x2A25, 0x0061,   // 0x7F90 (32656) pixels
0x21E5, 0x758E, 0x6D4D, 0x64AC, 0x4BCA, 0x542B, 0x0000, 0x0040, 0x0040, 0x1103, 0x08E2, 0x21C4, 0x21E4, 0x4369, 0xA7D5, 0x9FB4,   // 0x7FA0 (32672) pixels
0x6D4E, 0x21A4, 0x2A05, 0x1163, 0x1984, 0x1163, 0x0962, 0x00E1, 0x8672, 0xB7F8, 0x86B2, 0x11C4, 0x1A45, 0x1A05, 0x11A4, 0x19C5,   // 0x7FB0 (32688) pixels
0x0963, 0x1A05, 0x2266, 0x2AC7, 0xA7F6, 0xA7F6, 0x3B28, 0x19C4, 0x19C4, 0x4C0A, 0x4C6A, 0x2AA6, 0x0061, 0x0061, 0x4348, 0x758E,   // 0x7FC0 (32704) pixels
0x6D0C, 0x0082, 0x1103, 0x0061, 0x0040, 0x0000, 0x8EB2, 0x9F94, 0x75AF, 0x4368, 0x4BC9, 0x2A25, 0x08C2, 0x1123, 0x53EA, 0x53E9,   // 0x7FD0 (32720) pixels
0x1963, 0x08A2, 0x08C2, 0x0060, 0x0060, 0x08A1, 0x1103, 0x1103, 0x0881, 0x0020, 0x0881, 0x5C8C, 0x5C8C, 0x1923, 0x0040, 0x0040,   // 0x7FE0 (32736) pixels
0x0081, 0x0061, 0x19A4, 0x4368, 0x4368, 0x08A2, 0x08E2, 0x1143, 0x9F53, 0x9F52, 0x2A46, 0x08C2, 0x0101, 0xA014, 0xB016, 0x8991,   // 0x7FF0 (32752) pixels
0x4C8A, 0x5C6C, 0x21C4, 0x2A05, 0x2A05, 0x08E2, 0x0101, 0x8811, 0xB016, 0xB016, 0x9673, 0x9773, 0x542B, 0x0000, 0x0000, 0x8671,   // 0x8000 (32768) pixels
0x7DF0, 0x75AF, 0x1963, 0x21E4, 0x08E2, 0x0061, 0x2A46, 0x9F53, 0x9732, 0x5C8C, 0x0082, 0x08A2, 0x53EA, 0x4B89, 0x4BC9, 0xA7D5,   // 0x8010 (32784) pixels
0xA7D5, 0x5C8B, 0x4BA9, 0x3AE7, 0x08C2, 0x08A2, 0x3B28, 0x8ED1, 0x8EB1, 0x4BAA, 0x4BEA, 0x542B, 0x9732, 0x9F53, 0x2A66, 0x08A2,   // 0x8020 (32800) pixels
0x21E5, 0x6D2D, 0x64CC, 0x5C8C, 0x542B, 0x5CAC, 0x0000, 0x0060, 0x0060, 0x0082, 0x0061, 0x11A3, 0x19E3, 0x3B67, 0xA7F5, 0x9FB5,   // 0x8030 (32816) pixels
0x6D4E, 0x1983, 0x29E4, 0x08E2, 0x0902, 0x0922, 0x0942, 0x00C0, 0x8E72, 0xBFF9, 0x8EB3, 0x11A4, 0x1A45, 0x1A05, 0x11A4, 0x19C5,   // 0x8040 (32832) pixels
0x1184, 0x1A05, 0x2246, 0x2AA7, 0xB7F8, 0xB7F8, 0x3308, 0x11A3, 0x11C4, 0x2A86, 0x2A86, 0x3B28, 0x4BEA, 0x4BEA, 0x3B28, 0x32A7,   // 0x8050 (32848) pixels
0x32A6, 0x00C1, 0x08E2, 0x21C4, 0x2225, 0x21C4, 0x5CEC, 0x654D, 0x4BCA, 0x2205, 0x2A46, 0x1183, 0x08E2, 0x0902, 0x2A46, 0x2A25,   // 0x8060 (32864) pixels
0x32C7, 0x32E7, 0x3307, 0x1143, 0x1102, 0x0902, 0x08E2, 0x08E2, 0x1984, 0x2A25, 0x2205, 0x2205, 0x2225, 0x1143, 0x1102, 0x08C1,   // 0x8070 (32880) pixels
0x548B, 0x5CCC, 0x6D4E, 0x7E30, 0x8691, 0x0060, 0x08E2, 0x0922, 0x5C8C, 0x5C8C, 0x19A4, 0x08E2, 0x00C0, 0x6AAE, 0x7AF0, 0x528B,   // 0x8080 (32896) pixels
0x1A04, 0x2205, 0x1984, 0x19A4, 0x19A4, 0x08E2, 0x00E1, 0x49AA, 0x61ED, 0x596C, 0x8691, 0x8F32, 0x7E30, 0x64CC, 0x6D2D, 0x2245,   // 0x8090 (32912) pixels
0x2A86, 0x2AA6, 0x4BA9, 0x4389, 0x4BC9, 0x4BEA, 0x43A9, 0x3B48, 0x4369, 0x2A46, 0x00C1, 0x00C1, 0x2A66, 0x2A25, 0x2A25, 0x3B48,   // 0x80A0 (32928) pixels
0x3B28, 0x2A66, 0x2A25, 0x21E4, 0x08E2, 0x00A1, 0x4368, 0x9F94, 0x9F73, 0x4389, 0x4C0A, 0x4BEA, 0x3B28, 0x4389, 0x1183, 0x00A1,   // 0x80B0 (32944) pixels
0x2A66, 0x9712, 0x8ED2, 0x5CCC, 0x19C4, 0x2225, 0x1102, 0x1102, 0x1123, 0x652D, 0x5D2C, 0x7A30, 0x8931, 0x71CE, 0x3347, 0x3B28,   // 0x80C0 (32960) pixels
0x32E7, 0x3286, 0x2A46, 0x6D6E, 0x6D4E, 0x43C9, 0x2AC7, 0x2AC7, 0x4BEA, 0x544C, 0x43CA, 0x2226, 0x2266, 0x1A05, 0x1184, 0x1184,   // 0x80D0 (32976) pixels
0x19A5, 0x1A05, 0x1A25, 0x2A87, 0xC7FA, 0xC7FA, 0x32E8, 0x0983, 0x09A3, 0x1984, 0x1143, 0x3B48, 0x6DEE, 0x6DEE, 0x3308, 0x08E2,   // 0x80E0 (32992) pixels
0x1123, 0x00E1, 0x00C1, 0x2AA6, 0x3B28, 0x3B08, 0x43C9, 0x43E9, 0x2AC6, 0x1123, 0x1163, 0x0922, 0x00E1, 0x00E1, 0x1143, 0x0902,   // 0x80F0 (33008) pixels
0x3B68, 0x4C2A, 0x4C4A, 0x19A4, 0x1984, 0x1143, 0x00E1, 0x00C1, 0x2225, 0x3B48, 0x32E7, 0x0080, 0x00A1, 0x1143, 0x1984, 0x08E2,   // 0x8100 (33024) pixels
0x86F1, 0x9773, 0x9793, 0x9FD4, 0xAFF6, 0x0020, 0x00E1, 0x0101, 0x3B08, 0x3B08, 0x0942, 0x00C1, 0x0060, 0x4C4A, 0x5CEC, 0x3307,   // 0x8110 (33040) pixels
0x0080, 0x00A1, 0x1964, 0x1163, 0x1163, 0x00E1, 0x00C1, 0x2A86, 0x3327, 0x2AA6, 0x86D1, 0x8F32, 0x9773, 0xA7F5, 0xB7F7, 0x0000,   // 0x8120 (33056) pixels
0x00A1, 0x00E1, 0x64ED, 0x546C, 0x658D, 0x6DEE, 0x548B, 0x08C2, 0x0923, 0x0902, 0x00E1, 0x00E1, 0x1143, 0x1143, 0x1143, 0x0060,   // 0x8130 (33072) pixels
0x0080, 0x0922, 0x1163, 0x1143, 0x00E1, 0x0080, 0x43A9, 0xA7F5, 0xA7F5, 0x3B88, 0x4C0A, 0x43E9, 0x08E2, 0x1143, 0x0902, 0x00A1,   // 0x8140 (33088) pixels
0x2AA6, 0xA7F5, 0xA7F5, 0x5CEC, 0x0040, 0x00A0, 0x1984, 0x1163, 0x19A4, 0x9FF4, 0x8FF2, 0xB277, 0xC8BA, 0x90D3, 0x0080, 0x0080,   // 0x8150 (33104) pixels
0x1183, 0x3B28, 0x2A86, 0x9FF4, 0x9FD4, 0x5D4D, 0x3BA9, 0x440A, 0x2266, 0x11E4, 0x1A05, 0x2A87, 0x2A87, 0x1A25, 0x0963, 0x0963,   // 0x8160 (33120) pixels
0x11A4, 0x1A05, 0x1A25, 0x2A87, 0xAFB7, 0xAFB7, 0x3308, 0x11C4, 0x11C4, 0x2A67, 0x2A46, 0x4BCA, 0x75EF, 0x75EF, 0x4BCA, 0x2205,   // 0x8170 (33136) pixels
0x2A26, 0x0902, 0x0902, 0x2A86, 0x32E7, 0x32A7, 0x544B, 0x548B, 0x3B28, 0x1143, 0x1984, 0x1163, 0x0922, 0x0922, 0x2A26, 0x21E5,   // 0x8180 (33152) pixels
0x4BEA, 0x546B, 0x5CAC, 0x19C4, 0x1984, 0x1163, 0x0922, 0x0922, 0x2225, 0x3B08, 0x32C7, 0x1163, 0x1183, 0x1984, 0x1984, 0x0902,   // 0x8190 (33168) pixels
0x762F, 0x8691, 0x86D1, 0x8F12, 0x9F94, 0x0081, 0x0922, 0x1143, 0x3B08, 0x32E7, 0x2205, 0x19C4, 0x1163, 0x5C8C, 0x652D, 0x3B68,   // 0x81A0 (33184) pixels
0x08E2, 0x0922, 0x19C4, 0x19C4, 0x19A4, 0x0922, 0x0902, 0x32C7, 0x3B48, 0x32E7, 0x7E30, 0x8691, 0x86B1, 0x8EF2, 0x9773, 0x0081,   // 0x81B0 (33200) pixels
0x0922, 0x1143, 0x652D, 0x5CCC, 0x750F, 0x7D30, 0x644D, 0x2205, 0x2A46, 0x19C4, 0x0922, 0x0922, 0x2205, 0x21E5, 0x21E5, 0x19C4,   // 0x81C0 (33216) pixels
0x19C4, 0x1984, 0x1984, 0x1163, 0x0922, 0x08E2, 0x4369, 0x9753, 0x9733, 0x3B88, 0x43E9, 0x43C9, 0x1143, 0x1984, 0x1143, 0x08E2,   // 0x81D0 (33232) pixels
0x32C7, 0xA7F5, 0xA7D5, 0x652D, 0x0922, 0x1183, 0x1984, 0x1984, 0x19A4, 0x8F12, 0x7EF0, 0x9A74, 0xA8F6, 0x8131, 0x0161, 0x1143,   // 0x81E0 (33248) pixels
0x21E5, 0x3AE8, 0x2A46, 0xA7D5, 0x9F94, 0x6CEF, 0x4B6B, 0x53AC, 0x2AA7, 0x2266, 0x2266, 0x2266, 0x2266, 0x1A05, 0x0963, 0x1184,   // 0x81F0 (33264) pixels
0x0922, 0x19C4, 0x2246, 0x2246, 0x2AE7, 0x2AC7, 0x436A, 0x4BAB, 0x432A, 0xAFF7, 0xB7F8, 0xBFF9, 0xCFFA, 0xCFFA, 0xBFF8, 0xB7F7,   // 0x8200 (33280) pixels
0xAFF6, 0x3AA8, 0x4349, 0x2A66, 0x2225, 0x1984, 0x9F74, 0xB7F7, 0x756F, 0x21E5, 0x2245, 0x3AC8, 0x4329, 0x4B6A, 0x9FB4, 0x9733,   // 0x8210 (33296) pixels
0xA7D5, 0xAFF6, 0xB7F7, 0x32A7, 0x2225, 0x32A7, 0x4349, 0x4349, 0x32A7, 0x2205, 0x2A66, 0x96F3, 0x96D3, 0x3B48, 0x2225, 0x2225,   // 0x8220 (33312) pixels
0x3A88, 0x3A88, 0x3AE8, 0x4369, 0x4369, 0x4309, 0x4329, 0x4329, 0x2205, 0x19A4, 0xAF16, 0xD7FB, 0xD7FB, 0xB7F7, 0xB7F7, 0x8611,   // 0x8230 (33328) pixels
0x3AC8, 0x4309, 0x4C0A, 0x4BEA, 0x4BEA, 0x4309, 0x42E9, 0x64ED, 0x6D8E, 0x75AF, 0x3AE8, 0x3A88, 0x2A26, 0x19A4, 0x19A4, 0x4B4A,   // 0x8240 (33344) pixels
0x4329, 0x4349, 0x9773, 0x8751, 0xD35B, 0xF1DF, 0xDBDC, 0xB7F7, 0xBFF8, 0x8E52, 0x3AC8, 0x42E9, 0x75EF, 0x6D8E, 0x75AF, 0xB7F7,   // 0x8250 (33360) pixels
0xBFF8, 0x4BAA, 0x2205, 0x3287, 0x4349, 0x4329, 0x3287, 0x19A4, 0x19A4, 0x42E9, 0x3AE8, 0x3AE8, 0x2225, 0x2245, 0x3AE8, 0x4309,   // 0x8260 (33376) pixels
0x5C4C, 0xB7F7, 0xAFD6, 0x9F54, 0x8E72, 0x96F3, 0x19C4, 0x2A46, 0x2A46, 0x3AA8, 0x3AA8, 0x2265, 0x1243, 0x2B06, 0x6D0E, 0x6CEE,   // 0x8270 (33392) pixels
0x4BCA, 0x2205, 0x1183, 0xD7FD, 0xC7FA, 0xD45C, 0xD9DD, 0xE9FF, 0x73B0, 0x544C, 0x438A, 0x11C4, 0x11E4, 0x11C4, 0x1963, 0x1984,   // 0x8280 (33408) pixels
0x0922, 0x19C4, 0x2246, 0x2246, 0x3B49, 0x3328, 0x434A, 0x434A, 0x3AE9, 0xA796, 0xAFF7, 0xB7F8, 0xC7F9, 0xC7F9, 0xBFF7, 0xAFF6,   // 0x8290 (33424) pixels
0xA7B5, 0x3287, 0x4309, 0x2A26, 0x2205, 0x1163, 0x9F13, 0xAFF6, 0x6D4E, 0x19C4, 0x2225, 0x32A7, 0x4309, 0x4329, 0x9733, 0x86B1,   // 0x82A0 (33440) pixels
0x9F74, 0xA795, 0xAFF6, 0x3287, 0x2205, 0x3287, 0x4309, 0x4309, 0x3287, 0x2225, 0x2A66, 0x8E92, 0x8E72, 0x3B08, 0x21E5, 0x2205,   // 0x82B0 (33456) pixels
0x3AE8, 0x4309, 0x4329, 0x43A9, 0x43A9, 0x42E9, 0x4309, 0x42E9, 0x2225, 0x19A4, 0xA6B5, 0xCFFA, 0xCFFA, 0xAFF6, 0xB7F7, 0x7DF0,   // 0x82C0 (33472) pixels
0x32A7, 0x3AE8, 0x4BEA, 0x4BCA, 0x4BCA, 0x42E9, 0x3AC8, 0x64CD, 0x6D6E, 0x6D8E, 0x4329, 0x3AE8, 0x3287, 0x21E5, 0x21E5, 0x4309,   // 0x82D0 (33488) pixels
0x42E9, 0x4329, 0x9753, 0x8731, 0xCB7A, 0xEA1E, 0xD3DB, 0xA7F5, 0xAFF6, 0x7DF0, 0x3AA8, 0x3AC8, 0x6D8E, 0x6D4E, 0x6D6E, 0xAFD6,   // 0x82E0 (33504) pixels
0xAFF6, 0x4369, 0x2205, 0x2A66, 0x4309, 0x4309, 0x32A7, 0x2205, 0x2205, 0x4309, 0x3AE8, 0x3AE8, 0x2225, 0x2225, 0x3AC8, 0x3AC8,   // 0x82F0 (33520) pixels
0x5C2C, 0xB7F7, 0xAFD6, 0x9713, 0x7DD0, 0x8E52, 0x1984, 0x2205, 0x2205, 0x4309, 0x4309, 0x2A66, 0x1A24, 0x32C7, 0x648D, 0x646D,   // 0x8300 (33536) pixels
0x4B69, 0x21E5, 0x1163, 0xDFFD, 0xC7FA, 0xCC5B, 0xD1DC, 0xD9FD, 0x6B6F, 0x4C0B, 0x3B69, 0x11C4, 0x1A05, 0x19C4, 0x1963, 0x1963,   // 0x8310 (33552) pixels
0x1163, 0x19C4, 0x1A25, 0x1A25, 0x43CA, 0x3B89, 0x544C, 0x5C8D, 0x5C4D, 0x8EB3, 0x96F4, 0x96B4, 0x9E74, 0x9E74, 0x9693, 0x8EB2,   // 0x8320 (33568) pixels
0x8651, 0x2A66, 0x32A7, 0x4369, 0x438A, 0x3B28, 0x9754, 0xA7F6, 0x6D4E, 0x1A05, 0x2246, 0x2A87, 0x32C7, 0x3B08, 0x8EF2, 0x7E71,   // 0x8330 (33584) pixels
0x9733, 0x9754, 0xA7D5, 0x32A7, 0x2245, 0x2A86, 0x32C8, 0x32C8, 0x2A87, 0x2246, 0x2A86, 0x6D6E, 0x6D4E, 0x4389, 0x3307, 0x3328,   // 0x8340 (33600) pixels
0x32C7, 0x32A7, 0x438A, 0x64CD, 0x64ED, 0x3287, 0x32C8, 0x32C7, 0x2246, 0x1A05, 0x7D91, 0x9E94, 0x9E74, 0x8E92, 0x8ED2, 0x74F0,   // 0x8350 (33616) pixels
0x5A6C, 0x628D, 0x3B88, 0x4389, 0x4369, 0x32A7, 0x32A7, 0x542B, 0x5CAC, 0x5CAC, 0x43AA, 0x4389, 0x438A, 0x438A, 0x4BAA, 0x32A7,   // 0x8360 (33632) pixels
0x32C7, 0x3AE8, 0x7E91, 0x766F, 0xABD7, 0xC2F9, 0xB437, 0x9793, 0x9F94, 0x756F, 0x2A87, 0x32A7, 0x5CCC, 0x548C, 0x5CAC, 0x9733,   // 0x8370 (33648) pixels
0x9754, 0x3B69, 0x2225, 0x2A66, 0x32C8, 0x32C8, 0x32C7, 0x2AA7, 0x2A86, 0x4BAA, 0x438A, 0x4389, 0x2225, 0x2246, 0x32A7, 0x32A7,   // 0x8380 (33664) pixels
0x540B, 0xB7F7, 0xAFD6, 0x9F34, 0x8651, 0x8EB2, 0x3B29, 0x438A, 0x438A, 0x32A7, 0x32C7, 0x4A6A, 0x4A0B, 0x530C, 0x6D8F, 0x756F,   // 0x8390 (33680) pixels
0x5C6C, 0x32E7, 0x2AC6, 0xA6D6, 0x9694, 0xB4B8, 0xCB7B, 0xD37C, 0x7C91, 0x650E, 0x542C, 0x11A4, 0x1A05, 0x19C4, 0x1984, 0x1984,   // 0x83A0 (33696) pixels
0x2247, 0x11E5, 0x0983, 0x11E4, 0x652E, 0x548C, 0x9774, 0xAFF7, 0xB7F8, 0x4C4B, 0x4BEB, 0x2B07, 0x0182, 0x01A3, 0x1204, 0x1A45,   // 0x83B0 (33712) pixels
0x1A45, 0x1224, 0x01A2, 0x96F4, 0xBFF9, 0xB7F8, 0x9FD5, 0x9FF5, 0x6DAF, 0x2266, 0x2AC7, 0x1A65, 0x1204, 0x1A45, 0x6E0F, 0x658E,   // 0x83C0 (33728) pixels
0x7670, 0x76B0, 0x7F11, 0x2B07, 0x22A6, 0x1A86, 0x1224, 0x1224, 0x1A86, 0x2AC7, 0x22A6, 0x09C3, 0x0183, 0x5D2D, 0x7630, 0x7670,   // 0x83D0 (33744) pixels
0x1A85, 0x09C3, 0x54AC, 0xBFF9, 0xBFF9, 0x0182, 0x1224, 0x1224, 0x2AC7, 0x2AC7, 0x1204, 0x09A3, 0x01A3, 0x1A25, 0x1244, 0x620E,   // 0x83E0 (33760) pixels
0xC99B, 0xD19C, 0x12C4, 0x22A6, 0x22A6, 0x1224, 0x1224, 0x1A66, 0x2286, 0x1A45, 0x552C, 0x554C, 0x7E91, 0xBFF9, 0xC7FA, 0x0182,   // 0x83F0 (33776) pixels
0x1224, 0x1224, 0x442B, 0x43EA, 0x4D2B, 0x4D8B, 0x556C, 0x658E, 0x65CE, 0x442A, 0x09E3, 0x1204, 0x2286, 0x2266, 0x2286, 0x554C,   // 0x8400 (33792) pixels
0x554C, 0x3348, 0x22A6, 0x22A6, 0x1224, 0x1204, 0x2B07, 0x4C8B, 0x4C4B, 0x5D8D, 0x5D6D, 0x5D4D, 0x2286, 0x2AC7, 0x1A45, 0x09E3,   // 0x8410 (33808) pixels
0x3BA9, 0xB7F8, 0xAFD7, 0xA7D6, 0x9FF5, 0x9FF5, 0xB7F8, 0xB7F8, 0xAFF7, 0x0182, 0x0222, 0xA237, 0xDA1D, 0xC3BB, 0x9FF5, 0x9FF6,   // 0x8420 (33824) pixels
0x8F53, 0x6DEF, 0x7670, 0x0943, 0x0142, 0x75D0, 0xB7F8, 0xAFF7, 0xAFF7, 0xB7F8, 0x8E93, 0x0963, 0x1A04, 0x19E5, 0x19C6, 0x19C6,   // 0x8430 (33840) pixels
0x2267, 0x1205, 0x09A3, 0x11E4, 0x656E, 0x5CCD, 0x9FB5, 0xB7F8, 0xB7F8, 0x5CCD, 0x548C, 0x3B89, 0x1204, 0x1224, 0x2286, 0x2AC7,   // 0x8440 (33856) pixels
0x2AC7, 0x1224, 0x09A3, 0x9714, 0xBFF9, 0xBFF9, 0xA7F6, 0xAFF7, 0x75F0, 0x2266, 0x2AC7, 0x1A65, 0x1224, 0x1A65, 0x7E91, 0x6E0F,   // 0x8450 (33872) pixels
0x7EF1, 0x8732, 0x8FB3, 0x3328, 0x2AC7, 0x2286, 0x1224, 0x1224, 0x2286, 0x2AC7, 0x2AC7, 0x1224, 0x09E3, 0x5D4D, 0x7630, 0x7E71,   // 0x8460 (33888) pixels
0x1A85, 0x09C3, 0x5CCD, 0xC7FA, 0xC7FA, 0x0182, 0x1224, 0x1224, 0x2AC7, 0x2AC7, 0x1A45, 0x1224, 0x1224, 0x22A6, 0x22C6, 0x6A4F,   // 0x8470 (33904) pixels
0xD19C, 0xD19C, 0x12E4, 0x2AC7, 0x2AC7, 0x1224, 0x1224, 0x22A6, 0x2AC7, 0x2286, 0x5D4D, 0x5D6D, 0x86B2, 0xBFF9, 0xC7FA, 0x0182,   // 0x8480 (33920) pixels
0x1224, 0x1A45, 0x54AC, 0x4C6B, 0x5D4D, 0x5D8D, 0x65AE, 0x7630, 0x7650, 0x4C8B, 0x11E4, 0x1224, 0x2AC7, 0x2AC7, 0x2AE7, 0x65CE,   // 0x8490 (33936) pixels
0x65CE, 0x3368, 0x22A6, 0x22A6, 0x1224, 0x1204, 0x2B27, 0x4C8B, 0x4C4B, 0x5DAD, 0x5D8D, 0x5D6D, 0x2286, 0x2AC7, 0x1A65, 0x11E4,   // 0x84A0 (33952) pixels
0x43CA, 0xC7FA, 0xB7F8, 0xAFF7, 0xA7F6, 0xA7F6, 0xBFF9, 0xBFF9, 0xB7F8, 0x0182, 0x0222, 0xAA37, 0xE21E, 0xCBDB, 0x9FF5, 0xA7F6,   // 0x84B0 (33968) pixels
0x8F73, 0x6DEF, 0x7E91, 0x11C4, 0x11C4, 0x8612, 0xC7FA, 0xC7FA, 0xBFF9, 0xBFF9, 0x8ED3, 0x0983, 0x1A05, 0x19E5, 0x19C6, 0x19C6,   // 0x84C0 (33984) pixels
0x08C2, 0x1123, 0x1984, 0x1183, 0x11E4, 0x11C4, 0x2246, 0x2266, 0x2266, 0x2246, 0x2246, 0x2266, 0x2266, 0x2286, 0x2266, 0x1A45,   // 0x84D0 (34000) pixels
0x2246, 0x2286, 0x2266, 0x2266, 0x2266, 0x2266, 0x2AA7, 0x2AA7, 0x2286, 0x1A25, 0x1A45, 0x2266, 0x2266, 0x2266, 0x2266, 0x2246,   // 0x84E0 (34016) pixels
0x2A87, 0x2AA7, 0x2AA7, 0x2246, 0x1A25, 0x2246, 0x2286, 0x2286, 0x2266, 0x1A45, 0x2246, 0x2286, 0x2266, 0x2266, 0x2266, 0x2266,   // 0x84F0 (34032) pixels
0x2266, 0x2266, 0x2266, 0x2266, 0x2286, 0x2266, 0x2266, 0x2266, 0x1A45, 0x1A45, 0x2266, 0x2266, 0x2286, 0x2246, 0x1A45, 0x2246,   // 0x8500 (34048) pixels
0x2A67, 0x3268, 0x1A45, 0x2246, 0x2246, 0x2286, 0x2286, 0x2246, 0x2246, 0x1A25, 0x2A87, 0x2A87, 0x2A87, 0x2266, 0x2286, 0x2266,   // 0x8510 (34064) pixels
0x2266, 0x2266, 0x2246, 0x2246, 0x2A87, 0x2A87, 0x2A87, 0x2246, 0x2266, 0x2266, 0x2266, 0x2A87, 0x1A25, 0x2246, 0x2246, 0x2AA7,   // 0x8520 (34080) pixels
0x2AA7, 0x2246, 0x1A25, 0x2246, 0x2286, 0x2266, 0x2266, 0x2246, 0x2246, 0x2AA7, 0x2A87, 0x2A87, 0x1A25, 0x1A45, 0x2266, 0x2266,   // 0x8530 (34096) pixels
0x2266, 0x2266, 0x2266, 0x2286, 0x2AA7, 0x2AA7, 0x2266, 0x2266, 0x2286, 0x2266, 0x2286, 0x2246, 0x2226, 0x2246, 0x2AC7, 0x2AA7,   // 0x8540 (34112) pixels
0x2A87, 0x2246, 0x2266, 0x2266, 0x2266, 0x2246, 0x1A25, 0x1A25, 0x1A25, 0x1A45, 0x1A05, 0x0922, 0x1143, 0x1123, 0x1103, 0x1103,   // 0x8550 (34128) pixels
0x00A1, 0x1123, 0x1984, 0x1984, 0x09C3, 0x09A3, 0x1A25, 0x1A25, 0x1A25, 0x1A25, 0x1A25, 0x2266, 0x2A87, 0x2A87, 0x2266, 0x1A45,   // 0x8560 (34144) pixels
0x2246, 0x2A87, 0x2A87, 0x2246, 0x1A25, 0x1A25, 0x2266, 0x2A67, 0x2246, 0x1A45, 0x1A45, 0x2266, 0x2A87, 0x2A87, 0x1A25, 0x1A25,   // 0x8570 (34160) pixels
0x2266, 0x2A67, 0x2A87, 0x2246, 0x1A45, 0x2246, 0x2A87, 0x2A87, 0x2266, 0x1A45, 0x2246, 0x2A87, 0x2A87, 0x2246, 0x1A25, 0x1A25,   // 0x8580 (34176) pixels
0x2A87, 0x2A87, 0x2266, 0x1A25, 0x1A25, 0x2A87, 0x2A87, 0x2A87, 0x1A25, 0x1A25, 0x2286, 0x2A87, 0x2A87, 0x2246, 0x1A45, 0x2266,   // 0x8590 (34192) pixels
0x2286, 0x2A87, 0x1A25, 0x2246, 0x2246, 0x2A87, 0x2A87, 0x2246, 0x2246, 0x1A25, 0x2A87, 0x2A87, 0x2266, 0x1A25, 0x1A25, 0x2A87,   // 0x85A0 (34208) pixels
0x2A87, 0x2A87, 0x1A25, 0x1A25, 0x2266, 0x2A87, 0x2266, 0x1A25, 0x1A25, 0x2246, 0x2A87, 0x2A87, 0x1A25, 0x2246, 0x2246, 0x2A87,   // 0x85B0 (34224) pixels
0x2A87, 0x2246, 0x1A45, 0x2246, 0x2A87, 0x2A87, 0x2266, 0x1A25, 0x1A25, 0x2A87, 0x2A87, 0x2A87, 0x1A25, 0x1A25, 0x2286, 0x2A87,   // 0x85C0 (34240) pixels
0x2266, 0x1A25, 0x1A25, 0x2246, 0x2A67, 0x2A87, 0x1A25, 0x1A25, 0x1A25, 0x2A87, 0x2A87, 0x2246, 0x1A45, 0x1A45, 0x2A67, 0x2266,   // 0x85D0 (34256) pixels
0x2266, 0x1A25, 0x1A25, 0x2A87, 0x2A87, 0x1A25, 0x11E4, 0x11E4, 0x11E4, 0x11E4, 0x11C4, 0x0922, 0x0942, 0x1123, 0x10E3, 0x1103,   // 0x85E0 (34272) pixels
0x00A1, 0x08E2, 0x1123, 0x1123, 0x0984, 0x0983, 0x11C4, 0x19C4, 0x19C4, 0x1A05, 0x1A05, 0x1A05, 0x1A05, 0x1A05, 0x1A05, 0x1A05,   // 0x85F0 (34288) pixels
0x1A05, 0x1A05, 0x1A05, 0x1A05, 0x1A05, 0x1A05, 0x1A05, 0x1A05, 0x1A05, 0x1A05, 0x1A05, 0x1A05, 0x1A05, 0x1A05, 0x1A05, 0x1A05,   // 0x8600 (34304) pixels
0x1A05, 0x1A05, 0x1A05, 0x1A05, 0x1A05, 0x1A05, 0x1A05, 0x1A05, 0x1A05, 0x1A05, 0x1A05, 0x1A05, 0x1A05, 0x1A05, 0x1A05, 0x1A05,   // 0x8610 (34320) pixels
0x1A05, 0x1A05, 0x1A05, 0x1A05, 0x1A05, 0x1A05, 0x1A05, 0x1A05, 0x1A05, 0x1A05, 0x1A05, 0x1A05, 0x1A05, 0x1A05, 0x1A05, 0x1A05,   // 0x8620 (34336) pixels
0x1A05, 0x1A05, 0x1A05, 0x1A05, 0x1A05, 0x1A05, 0x1A05, 0x1A05, 0x1A05, 0x1A05, 0x1A05, 0x1A05, 0x1A05, 0x1A05, 0x1A05, 0x1A05,   // 0x8630 (34352) pixels
0x1A05, 0x1A05, 0x1A05, 0x1A05, 0x1A05, 0x1A05, 0x1A05, 0x1A05, 0x1A05, 0x1A05, 0x1A05, 0x1A05, 0x1A05, 0x1A05, 0x1A05, 0x1A05,   // 0x8640 (34368) pixels
0x1A05, 0x1A05, 0x1A05, 0x1A05, 0x1A05, 0x1A05, 0x1A05, 0x1A05, 0x1A05, 0x1A05, 0x1A05, 0x1A05, 0x1A05, 0x1A05, 0x1A05, 0x1A05,   // 0x8650 (34384) pixels
0x1A05, 0x1A05, 0x1A05, 0x1A05, 0x1A05, 0x1A05, 0x1A05, 0x1A05, 0x1A05, 0x1A05, 0x1A05, 0x1A05, 0x1A05, 0x1A05, 0x1A05, 0x1A05,   // 0x8660 (34400) pixels
0x1A05, 0x1A05, 0x1A05, 0x1A05, 0x1A05, 0x19E4, 0x11C4, 0x19C4, 0x1184, 0x1184, 0x1163, 0x0902, 0x1123, 0x08E2, 0x08C2, 0x08C2,   // 0x8670 (34416) pixels
0x08C2, 0x00A1, 0x00A1, 0x00A1, 0x1144, 0x1124, 0x0923, 0x0922, 0x0922, 0x11A4, 0x19A5, 0x1184, 0x0963, 0x0963, 0x1184, 0x19A5,   // 0x8680 (34432) pixels
0x11A4, 0x0963, 0x0963, 0x11A4, 0x11A4, 0x19A5, 0x0963, 0x0963, 0x1184, 0x11A4, 0x11A4, 0x1184, 0x0963, 0x0963, 0x19A5, 0x19A5,   // 0x8690 (34448) pixels
0x1164, 0x0963, 0x0963, 0x11A4, 0x11A4, 0x1184, 0x0963, 0x0963, 0x1184, 0x19A5, 0x11A4, 0x0963, 0x0963, 0x11A4, 0x11A4, 0x19A5,   // 0x86A0 (34464) pixels
0x0963, 0x0963, 0x1184, 0x19A5, 0x19A5, 0x0963, 0x0963, 0x0963, 0x19A5, 0x19A5, 0x1164, 0x0963, 0x0963, 0x11A4, 0x11A4, 0x1184,   // 0x86B0 (34480) pixels
0x0963, 0x0963, 0x19A5, 0x11A4, 0x11A4, 0x0963, 0x0963, 0x11A4, 0x11A4, 0x19A5, 0x0963, 0x0963, 0x1184, 0x19A5, 0x19A5, 0x0963,   // 0x86C0 (34496) pixels
0x0963, 0x0963, 0x19A5, 0x19A5, 0x1164, 0x0963, 0x1164, 0x19A5, 0x11A4, 0x1184, 0x0963, 0x0963, 0x19A5, 0x11A4, 0x11A4, 0x0963,   // 0x86D0 (34512) pixels
0x0963, 0x11A4, 0x11A4, 0x11A4, 0x0963, 0x0963, 0x1184, 0x19A5, 0x19A5, 0x0963, 0x0963, 0x0963, 0x19A5, 0x19A5, 0x1164, 0x0963,   // 0x86E0 (34528) pixels
0x1164, 0x19A5, 0x11A4, 0x1184, 0x0963, 0x0963, 0x19A5, 0x11A4, 0x11A4, 0x0963, 0x0963, 0x11A4, 0x11A4, 0x11A4, 0x0963, 0x0963,   // 0x86F0 (34544) pixels
0x1184, 0x19A5, 0x19A5, 0x0963, 0x0963, 0x1163, 0x1963, 0x1984, 0x0903, 0x00E2, 0x08E2, 0x10E3, 0x1103, 0x08C2, 0x0060, 0x0060,   // 0x8700 (34560) pixels
};
